datetime,VHM0,VMDR
2023-01-01 00:00:00,0.78,191.71
2023-01-01 03:00:00,0.69,189.54
2023-01-01 06:00:00,0.62,190.8
2023-01-01 09:00:00,0.65999997,194.22
2023-01-01 12:00:00,0.75,202.38
2023-01-01 15:00:00,0.81,217.19
2023-01-01 18:00:00,0.81,221.56999
2023-01-01 21:00:00,0.79999995,217.48
2023-01-02 00:00:00,0.72999996,212.23
2023-01-02 03:00:00,0.69,204.84
2023-01-02 06:00:00,0.65999997,198.24
2023-01-02 09:00:00,0.62,197.96
2023-01-02 12:00:00,0.62,196.58
2023-01-02 15:00:00,0.64,197.13
2023-01-02 18:00:00,0.65999997,196.33
2023-01-02 21:00:00,0.59,202.27
2023-01-03 00:00:00,0.65,203.45
2023-01-03 03:00:00,0.71,203.77
2023-01-03 06:00:00,0.76,204.97
2023-01-03 09:00:00,0.78999996,206.49
2023-01-03 12:00:00,0.84,212.15
2023-01-03 15:00:00,0.88,224.42
2023-01-03 18:00:00,0.94,234.63
2023-01-03 21:00:00,0.94,233.7
2023-01-04 00:00:00,0.85999995,228.7
2023-01-04 03:00:00,0.81,210.54
2023-01-04 06:00:00,0.74,201.01
2023-01-04 09:00:00,0.72999996,201.09
2023-01-04 12:00:00,0.72999996,208.81
2023-01-04 15:00:00,0.78,220.28
2023-01-04 18:00:00,0.84,234.83
2023-01-04 21:00:00,0.85999995,239.94
2023-01-05 00:00:00,0.82,231.73
2023-01-05 03:00:00,0.77,218.78
2023-01-05 06:00:00,0.74,210.08
2023-01-05 09:00:00,0.72999996,207.77
2023-01-05 12:00:00,0.75,216.66
2023-01-05 15:00:00,0.79999995,245.45999
2023-01-05 18:00:00,0.85999995,287.66998
2023-01-05 21:00:00,1.03,289.08
2023-01-06 00:00:00,0.87,282.74
2023-01-06 03:00:00,0.88,247.11
2023-01-06 06:00:00,0.79999995,223.39
2023-01-06 09:00:00,0.75,219.04
2023-01-06 12:00:00,0.78,224.72
2023-01-06 15:00:00,0.81,229.04
2023-01-06 18:00:00,0.84,228.37
2023-01-06 21:00:00,0.78,243.58
2023-01-07 00:00:00,0.78999996,247.95
2023-01-07 03:00:00,0.77,232.94
2023-01-07 06:00:00,0.78,219.56
2023-01-07 09:00:00,0.83,211.76
2023-01-07 12:00:00,0.88,213.14
2023-01-07 15:00:00,0.91999996,220.89
2023-01-07 18:00:00,0.95,224.59
2023-01-07 21:00:00,0.96999997,220.79
2023-01-08 00:00:00,0.91999996,218.67
2023-01-08 03:00:00,0.90999997,213.19
2023-01-08 06:00:00,0.97999996,208.55
2023-01-08 09:00:00,0.84999996,211.34
2023-01-08 12:00:00,0.89,207.78
2023-01-08 15:00:00,0.88,207.44
2023-01-08 18:00:00,0.9,207.55
2023-01-08 21:00:00,0.93,215.7
2023-01-09 00:00:00,0.94,221.23
2023-01-09 03:00:00,0.88,228.65
2023-01-09 06:00:00,0.87,222.09
2023-01-09 09:00:00,0.89,222.18
2023-01-09 12:00:00,0.89,231.88
2023-01-09 15:00:00,0.93,243.18
2023-01-09 18:00:00,0.97999996,262.66
2023-01-09 21:00:00,0.9,274.36
2023-01-10 00:00:00,0.95,284.76
2023-01-10 03:00:00,0.97999996,291.05
2023-01-10 06:00:00,0.95,280.72
2023-01-10 09:00:00,0.91999996,267.28
2023-01-10 12:00:00,0.95,279.06
2023-01-10 15:00:00,1.03,281.11
2023-01-10 18:00:00,1.0,288.29
2023-01-10 21:00:00,0.97999996,277.03
2023-01-11 00:00:00,0.94,251.81
2023-01-11 03:00:00,0.87,227.85
2023-01-11 06:00:00,0.84,227.69
2023-01-11 09:00:00,0.83,210.91
2023-01-11 12:00:00,0.88,225.56999
2023-01-11 15:00:00,0.95,249.58
2023-01-11 18:00:00,0.93,244.76
2023-01-11 21:00:00,0.91999996,235.33
2023-01-12 00:00:00,0.93,222.29
2023-01-12 03:00:00,0.82,229.70999
2023-01-12 06:00:00,0.74,201.05
2023-01-12 09:00:00,0.66999996,201.43
2023-01-12 12:00:00,0.71,206.72
2023-01-12 15:00:00,0.79999995,226.65
2023-01-12 18:00:00,0.84,227.13
2023-01-12 21:00:00,0.84,216.04
2023-01-13 00:00:00,0.81,200.66
2023-01-13 03:00:00,0.84999996,200.74
2023-01-13 06:00:00,0.72999996,198.19
2023-01-13 09:00:00,0.69,190.87
2023-01-13 12:00:00,0.69,192.41
2023-01-13 15:00:00,0.71,214.13
2023-01-13 18:00:00,0.78,215.17
2023-01-13 21:00:00,0.78999996,209.45
2023-01-14 00:00:00,0.77,200.3
2023-01-14 03:00:00,0.72999996,196.59
2023-01-14 06:00:00,0.7,195.24
2023-01-14 09:00:00,0.69,198.46
2023-01-14 12:00:00,0.74,215.02
2023-01-14 15:00:00,0.78999996,233.58
2023-01-14 18:00:00,0.78,236.39
2023-01-14 21:00:00,0.74,228.70999
2023-01-15 00:00:00,0.69,216.62
2023-01-15 03:00:00,0.66999996,207.51
2023-01-15 06:00:00,0.65999997,201.42
2023-01-15 09:00:00,0.61,197.52
2023-01-15 12:00:00,0.62,198.16
2023-01-15 15:00:00,0.64,198.74
2023-01-15 18:00:00,0.65,198.67
2023-01-15 21:00:00,0.64,200.74
2023-01-16 00:00:00,0.69,202.55
2023-01-16 03:00:00,0.68,206.12
2023-01-16 06:00:00,0.68,206.16
2023-01-16 09:00:00,0.66999996,204.99
2023-01-16 12:00:00,0.69,203.2
2023-01-16 15:00:00,0.65,205.36
2023-01-16 18:00:00,0.7,208.18
2023-01-16 21:00:00,0.72999996,209.79
2023-01-17 00:00:00,0.74,207.49
2023-01-17 03:00:00,0.74,204.27
2023-01-17 06:00:00,0.75,202.03
2023-01-17 09:00:00,0.74,200.67
2023-01-17 12:00:00,0.71,196.56
2023-01-17 15:00:00,0.68,193.26
2023-01-17 18:00:00,0.69,191.37
2023-01-17 21:00:00,0.69,192.67
2023-01-18 00:00:00,0.71999997,198.02
2023-01-18 03:00:00,0.74,201.51
2023-01-18 06:00:00,0.72999996,200.74
2023-01-18 09:00:00,0.74,204.6
2023-01-18 12:00:00,0.78,213.85
2023-01-18 15:00:00,0.79999995,219.63
2023-01-18 18:00:00,0.81,223.8
2023-01-18 21:00:00,0.81,229.38
2023-01-19 00:00:00,0.78999996,227.81
2023-01-19 03:00:00,0.74,212.31999
2023-01-19 06:00:00,0.7,200.87
2023-01-19 09:00:00,0.68,201.42
2023-01-19 12:00:00,0.68,217.68
2023-01-19 15:00:00,0.74,251.69
2023-01-19 18:00:00,1.02,281.93
2023-01-19 21:00:00,0.95,297.69
2023-01-20 00:00:00,0.84,291.2
2023-01-20 03:00:00,0.76,276.94
2023-01-20 06:00:00,0.71999997,237.44
2023-01-20 09:00:00,0.68,217.37
2023-01-20 12:00:00,0.75,230.9
2023-01-20 15:00:00,0.87,271.13
2023-01-20 18:00:00,0.93,280.49
2023-01-20 21:00:00,0.91999996,281.2
2023-01-21 00:00:00,0.84999996,270.85
2023-01-21 03:00:00,0.83,273.84
2023-01-21 06:00:00,0.84999996,274.69
2023-01-21 09:00:00,0.89,264.21
2023-01-21 12:00:00,0.84999996,268.4
2023-01-21 15:00:00,0.79999995,263.18
2023-01-21 18:00:00,0.78999996,250.7
2023-01-21 21:00:00,0.78,241.67
2023-01-22 00:00:00,0.78,236.56999
2023-01-22 03:00:00,0.76,224.08
2023-01-22 06:00:00,0.71,207.99
2023-01-22 09:00:00,0.68,199.14
2023-01-22 12:00:00,0.65999997,197.1
2023-01-22 15:00:00,0.64,196.42
2023-01-22 18:00:00,0.63,196.69
2023-01-22 21:00:00,0.65,200.24
2023-01-23 00:00:00,0.66999996,206.87
2023-01-23 03:00:00,0.68,207.11
2023-01-23 06:00:00,0.66999996,200.31
2023-01-23 09:00:00,0.64,194.75
2023-01-23 12:00:00,0.63,192.56
2023-01-23 15:00:00,0.63,193.9
2023-01-23 18:00:00,0.68,204.37
2023-01-23 21:00:00,0.7,217.6
2023-01-24 00:00:00,0.72999996,213.02
2023-01-24 03:00:00,0.74,206.1
2023-01-24 06:00:00,0.74,200.48
2023-01-24 09:00:00,0.75,197.22
2023-01-24 12:00:00,0.78,195.98
2023-01-24 15:00:00,0.82,195.7
2023-01-24 18:00:00,0.84999996,195.72
2023-01-24 21:00:00,0.87,195.8
2023-01-25 00:00:00,0.91999996,195.78
2023-01-25 03:00:00,0.96999997,195.72
2023-01-25 06:00:00,0.96999997,195.61
2023-01-25 09:00:00,1.0,197.65
2023-01-25 12:00:00,1.06,198.27
2023-01-25 15:00:00,1.13,199.67
2023-01-25 18:00:00,1.09,200.81
2023-01-25 21:00:00,1.11,202.05
2023-01-26 00:00:00,1.04,203.72
2023-01-26 03:00:00,1.01,205.76
2023-01-26 06:00:00,0.98999995,198.64
2023-01-26 09:00:00,0.95,200.06999
2023-01-26 12:00:00,0.96,200.7
2023-01-26 15:00:00,0.94,208.25
2023-01-26 18:00:00,0.97999996,207.33
2023-01-26 21:00:00,0.95,207.89
2023-01-27 00:00:00,0.93,207.0
2023-01-27 03:00:00,0.87,205.84
2023-01-27 06:00:00,0.79999995,202.97
2023-01-27 09:00:00,0.78999996,199.78
2023-01-27 12:00:00,0.77,200.2
2023-01-27 15:00:00,0.76,203.78
2023-01-27 18:00:00,0.78,210.13
2023-01-27 21:00:00,0.81,218.41
2023-01-28 00:00:00,0.78999996,220.28
2023-01-28 03:00:00,0.78999996,216.3
2023-01-28 06:00:00,0.77,211.97
2023-01-28 09:00:00,0.74,209.6
2023-01-28 12:00:00,0.84,232.33
2023-01-28 15:00:00,0.97999996,274.78
2023-01-28 18:00:00,1.01,284.94
2023-01-28 21:00:00,0.96,285.38998
2023-01-29 00:00:00,0.9,276.43
2023-01-29 03:00:00,0.84,265.3
2023-01-29 06:00:00,0.78999996,250.11
2023-01-29 09:00:00,0.76,230.37
2023-01-29 12:00:00,0.72999996,216.69
2023-01-29 15:00:00,0.7,214.46
2023-01-29 18:00:00,0.7,216.65
2023-01-29 21:00:00,0.68,230.13
2023-01-30 00:00:00,0.68,221.52
2023-01-30 03:00:00,0.66999996,211.8
2023-01-30 06:00:00,0.65999997,206.2
2023-01-30 09:00:00,0.65,202.03
2023-01-30 12:00:00,0.7,196.05
2023-01-30 15:00:00,0.71999997,203.58
2023-01-30 18:00:00,0.77,223.53
2023-01-30 21:00:00,0.72999996,237.95999
2023-01-31 00:00:00,0.75,251.65
2023-01-31 03:00:00,0.79999995,262.25
2023-01-31 06:00:00,0.79999995,286.36
2023-01-31 09:00:00,0.89,298.6
2023-01-31 12:00:00,0.95,299.66998
2023-01-31 15:00:00,0.97999996,301.63998
2023-01-31 18:00:00,0.95,301.04
2023-01-31 21:00:00,0.9,295.54
2023-02-01 00:00:00,0.87,288.53
2023-02-01 03:00:00,0.90999997,293.61
2023-02-01 06:00:00,1.04,303.57
2023-02-01 09:00:00,1.16,306.57
2023-02-01 12:00:00,1.15,305.26
2023-02-01 15:00:00,1.09,300.51
2023-02-01 18:00:00,1.02,292.24
2023-02-01 21:00:00,0.96999997,281.24
2023-02-02 00:00:00,0.96,271.84
2023-02-02 03:00:00,1.02,273.49
2023-02-02 06:00:00,1.1,271.68
2023-02-02 09:00:00,1.11,272.71
2023-02-02 12:00:00,1.09,267.69
2023-02-02 15:00:00,1.0699999,260.94
2023-02-02 18:00:00,1.16,256.53
2023-02-02 21:00:00,0.98999995,246.43
2023-02-03 00:00:00,0.91999996,232.26
2023-02-03 03:00:00,0.88,223.74
2023-02-03 06:00:00,0.85999995,218.8
2023-02-03 09:00:00,0.84,215.08
2023-02-03 12:00:00,0.84,212.06
2023-02-03 15:00:00,0.85999995,208.88
2023-02-03 18:00:00,0.84999996,206.43
2023-02-03 21:00:00,0.83,205.94
2023-02-04 00:00:00,0.83,205.73
2023-02-04 03:00:00,0.82,207.12
2023-02-04 06:00:00,0.82,213.13
2023-02-04 09:00:00,0.95,216.8
2023-02-04 12:00:00,0.96999997,224.09
2023-02-04 15:00:00,0.98999995,242.49
2023-02-04 18:00:00,0.97999996,255.61
2023-02-04 21:00:00,0.98999995,260.01
2023-02-05 00:00:00,0.93,254.68
2023-02-05 03:00:00,0.87,244.68
2023-02-05 06:00:00,0.82,229.8
2023-02-05 09:00:00,0.81,217.6
2023-02-05 12:00:00,0.83,213.17
2023-02-05 15:00:00,0.89,216.34
2023-02-05 18:00:00,0.96999997,226.02
2023-02-05 21:00:00,1.02,230.22
2023-02-06 00:00:00,1.03,226.26
2023-02-06 03:00:00,1.03,222.12
2023-02-06 06:00:00,1.02,222.41
2023-02-06 09:00:00,1.06,223.43
2023-02-06 12:00:00,1.04,220.14
2023-02-06 15:00:00,1.0,215.76
2023-02-06 18:00:00,0.98999995,214.05
2023-02-06 21:00:00,0.97999996,214.93
2023-02-07 00:00:00,0.96,214.01
2023-02-07 03:00:00,0.93,210.76
2023-02-07 06:00:00,0.9,206.23
2023-02-07 09:00:00,0.87,204.79
2023-02-07 12:00:00,0.89,202.21
2023-02-07 15:00:00,0.88,202.24
2023-02-07 18:00:00,0.87,202.21
2023-02-07 21:00:00,0.88,201.76
2023-02-08 00:00:00,0.87,200.69
2023-02-08 03:00:00,0.89,198.96
2023-02-08 06:00:00,0.84,196.17
2023-02-08 09:00:00,0.76,193.77
2023-02-08 12:00:00,0.76,195.53
2023-02-08 15:00:00,0.9,207.92
2023-02-08 18:00:00,0.98999995,221.2
2023-02-08 21:00:00,0.95,215.39
2023-02-09 00:00:00,0.88,209.18
2023-02-09 03:00:00,0.82,203.09
2023-02-09 06:00:00,0.78,198.38
2023-02-09 09:00:00,0.74,196.15
2023-02-09 12:00:00,0.71999997,196.01
2023-02-09 15:00:00,0.79999995,199.42
2023-02-09 18:00:00,0.91999996,209.85
2023-02-09 21:00:00,1.01,218.06
2023-02-10 00:00:00,0.96999997,212.31999
2023-02-10 03:00:00,0.95,201.05
2023-02-10 06:00:00,0.88,197.55
2023-02-10 09:00:00,0.83,198.19
2023-02-10 12:00:00,0.78999996,197.94
2023-02-10 15:00:00,0.78999996,199.55
2023-02-10 18:00:00,0.83,209.51
2023-02-10 21:00:00,0.85999995,223.31999
2023-02-11 00:00:00,0.83,219.26
2023-02-11 03:00:00,0.78,209.05
2023-02-11 06:00:00,0.74,202.48
2023-02-11 09:00:00,0.76,198.83
2023-02-11 12:00:00,0.74,197.09
2023-02-11 15:00:00,0.71,198.43
2023-02-11 18:00:00,0.7,204.05
2023-02-11 21:00:00,0.72999996,209.69
2023-02-12 00:00:00,0.75,210.88
2023-02-12 03:00:00,0.74,208.25
2023-02-12 06:00:00,0.71999997,203.08
2023-02-12 09:00:00,0.66999996,199.78
2023-02-12 12:00:00,0.65999997,196.17
2023-02-12 15:00:00,0.65999997,194.13
2023-02-12 18:00:00,0.71,197.44
2023-02-12 21:00:00,0.77,204.64
2023-02-13 00:00:00,0.87,204.46
2023-02-13 03:00:00,0.81,199.68
2023-02-13 06:00:00,0.72999996,193.09
2023-02-13 09:00:00,0.76,190.84
2023-02-13 12:00:00,0.75,189.93
2023-02-13 15:00:00,0.78,191.08
2023-02-13 18:00:00,0.79999995,191.52
2023-02-13 21:00:00,0.81,191.23
2023-02-14 00:00:00,0.78999996,190.12
2023-02-14 03:00:00,0.77,188.36
2023-02-14 06:00:00,0.77,188.28
2023-02-14 09:00:00,0.72999996,189.88
2023-02-14 12:00:00,0.75,189.93
2023-02-14 15:00:00,0.81,191.35
2023-02-14 18:00:00,0.97999996,196.12
2023-02-14 21:00:00,0.98999995,202.3
2023-02-15 00:00:00,0.96,200.63
2023-02-15 03:00:00,0.94,196.81999
2023-02-15 06:00:00,0.94,193.23
2023-02-15 09:00:00,0.93,190.3
2023-02-15 12:00:00,0.94,193.15
2023-02-15 15:00:00,0.96999997,194.66
2023-02-15 18:00:00,0.97999996,196.05
2023-02-15 21:00:00,0.93,197.93
2023-02-16 00:00:00,1.0,195.31
2023-02-16 03:00:00,1.0,193.59
2023-02-16 06:00:00,1.02,192.52
2023-02-16 09:00:00,1.01,192.85
2023-02-16 12:00:00,1.0,192.19
2023-02-16 15:00:00,0.97999996,191.84
2023-02-16 18:00:00,0.97999996,192.74
2023-02-16 21:00:00,1.01,195.55
2023-02-17 00:00:00,1.02,197.83
2023-02-17 03:00:00,0.97999996,196.03
2023-02-17 06:00:00,0.85999995,192.56
2023-02-17 09:00:00,0.82,192.47
2023-02-17 12:00:00,0.81,193.57
2023-02-17 15:00:00,0.79999995,198.78
2023-02-17 18:00:00,0.85999995,199.15
2023-02-17 21:00:00,0.9,205.27
2023-02-18 00:00:00,0.9,207.03
2023-02-18 03:00:00,0.87,202.75
2023-02-18 06:00:00,0.84999996,198.97
2023-02-18 09:00:00,0.83,195.67
2023-02-18 12:00:00,0.81,195.05
2023-02-18 15:00:00,0.84,199.44
2023-02-18 18:00:00,0.90999997,215.84
2023-02-18 21:00:00,0.93,219.13
2023-02-19 00:00:00,0.88,210.83
2023-02-19 03:00:00,0.83,201.63
2023-02-19 06:00:00,0.78999996,196.48
2023-02-19 09:00:00,0.75,194.1
2023-02-19 12:00:00,0.72999996,192.03
2023-02-19 15:00:00,0.72999996,190.92
2023-02-19 18:00:00,0.74,190.97
2023-02-19 21:00:00,0.75,191.91
2023-02-20 00:00:00,0.74,193.57
2023-02-20 03:00:00,0.71,194.42
2023-02-20 06:00:00,0.68,194.39
2023-02-20 09:00:00,0.69,193.73
2023-02-20 12:00:00,0.71,192.85
2023-02-20 15:00:00,0.75,192.53
2023-02-20 18:00:00,0.75,192.26
2023-02-20 21:00:00,0.74,192.26
2023-02-21 00:00:00,0.75,192.72
2023-02-21 03:00:00,0.7,187.91
2023-02-21 06:00:00,0.63,190.24
2023-02-21 09:00:00,0.57,192.48
2023-02-21 12:00:00,0.59999996,192.41
2023-02-21 15:00:00,0.65999997,189.3
2023-02-21 18:00:00,0.65999997,206.7
2023-02-21 21:00:00,0.65999997,229.13
2023-02-22 00:00:00,0.63,222.98
2023-02-22 03:00:00,0.62,206.38
2023-02-22 06:00:00,0.62,196.08
2023-02-22 09:00:00,0.62,191.34
2023-02-22 12:00:00,0.62,189.09
2023-02-22 15:00:00,0.63,189.33
2023-02-22 18:00:00,0.65999997,193.64
2023-02-22 21:00:00,0.7,201.29
2023-02-23 00:00:00,0.71,203.88
2023-02-23 03:00:00,0.69,198.83
2023-02-23 06:00:00,0.63,192.65
2023-02-23 09:00:00,0.62,188.2
2023-02-23 12:00:00,0.61,185.95
2023-02-23 15:00:00,0.59999996,184.22
2023-02-23 18:00:00,0.59999996,185.19
2023-02-23 21:00:00,0.62,187.94
2023-02-24 00:00:00,0.65,192.18
2023-02-24 03:00:00,0.66999996,195.0
2023-02-24 06:00:00,0.76,194.93
2023-02-24 09:00:00,0.75,193.95
2023-02-24 12:00:00,0.71999997,192.97
2023-02-24 15:00:00,0.71999997,192.54
2023-02-24 18:00:00,0.66999996,193.54
2023-02-24 21:00:00,0.68,194.86
2023-02-25 00:00:00,0.71999997,197.15
2023-02-25 03:00:00,0.76,197.97
2023-02-25 06:00:00,0.84,197.83
2023-02-25 09:00:00,0.87,197.46
2023-02-25 12:00:00,0.84,197.36
2023-02-25 15:00:00,0.82,197.77
2023-02-25 18:00:00,0.85999995,198.75
2023-02-25 21:00:00,0.78999996,201.08
2023-02-26 00:00:00,0.78,200.2
2023-02-26 03:00:00,0.82,199.27
2023-02-26 06:00:00,0.83,200.59
2023-02-26 09:00:00,0.82,202.94
2023-02-26 12:00:00,0.81,203.83
2023-02-26 15:00:00,0.78999996,203.77
2023-02-26 18:00:00,0.79999995,202.97
2023-02-26 21:00:00,0.81,204.78
2023-02-27 00:00:00,0.84,205.14
2023-02-27 03:00:00,0.78999996,203.4
2023-02-27 06:00:00,0.66999996,198.9
2023-02-27 09:00:00,0.74,202.66
2023-02-27 12:00:00,0.94,259.9
2023-02-27 15:00:00,1.06,279.91
2023-02-27 18:00:00,1.0699999,278.58
2023-02-27 21:00:00,1.01,272.03
2023-02-28 00:00:00,0.90999997,249.41
2023-02-28 03:00:00,0.83,231.38
2023-02-28 06:00:00,0.78,220.78
2023-02-28 09:00:00,0.75,209.38
2023-02-28 12:00:00,0.72999996,202.83
2023-02-28 15:00:00,0.69,201.81
2023-02-28 18:00:00,0.71,201.55
2023-02-28 21:00:00,0.71999997,201.31
2023-03-01 00:00:00,0.71999997,202.21
2023-03-01 03:00:00,0.69,201.13
2023-03-01 06:00:00,0.64,199.71
2023-03-01 09:00:00,0.62,196.22
2023-03-01 12:00:00,0.62,193.87
2023-03-01 15:00:00,0.61,192.37
2023-03-01 18:00:00,0.65,193.85
2023-03-01 21:00:00,0.64,200.9
2023-03-02 00:00:00,0.68,210.84
2023-03-02 03:00:00,0.7,215.37
2023-03-02 06:00:00,0.68,209.49
2023-03-02 09:00:00,0.64,198.46
2023-03-02 12:00:00,0.63,191.97
2023-03-02 15:00:00,0.62,191.52
2023-03-02 18:00:00,0.71,209.03
2023-03-02 21:00:00,0.79999995,227.66
2023-03-03 00:00:00,0.79999995,222.85
2023-03-03 03:00:00,0.78999996,217.78
2023-03-03 06:00:00,0.78,215.56
2023-03-03 09:00:00,0.71999997,214.53
2023-03-03 12:00:00,0.71,209.94
2023-03-03 15:00:00,0.71,213.12
2023-03-03 18:00:00,0.74,221.85
2023-03-03 21:00:00,0.74,223.04
2023-03-04 00:00:00,0.78999996,217.86
2023-03-04 03:00:00,0.75,211.71
2023-03-04 06:00:00,0.74,206.79
2023-03-04 09:00:00,0.71999997,202.77
2023-03-04 12:00:00,0.71999997,200.76
2023-03-04 15:00:00,0.7,198.17
2023-03-04 18:00:00,0.66999996,195.38
2023-03-04 21:00:00,0.65,194.05
2023-03-05 00:00:00,0.63,193.31
2023-03-05 03:00:00,0.62,194.08
2023-03-05 06:00:00,0.62,193.99
2023-03-05 09:00:00,0.63,193.27
2023-03-05 12:00:00,0.75,193.13
2023-03-05 15:00:00,0.62,193.09
2023-03-05 18:00:00,0.61,194.69
2023-03-05 21:00:00,0.62,196.87
2023-03-06 00:00:00,0.59,199.5
2023-03-06 03:00:00,0.64,199.74
2023-03-06 06:00:00,0.59999996,207.03
2023-03-06 09:00:00,0.59,207.45
2023-03-06 12:00:00,0.59,204.05
2023-03-06 15:00:00,0.62,204.31999
2023-03-06 18:00:00,0.71999997,216.15
2023-03-06 21:00:00,0.78,223.26
2023-03-07 00:00:00,0.81,215.23
2023-03-07 03:00:00,0.87,209.37
2023-03-07 06:00:00,0.90999997,208.8
2023-03-07 09:00:00,0.93,208.39
2023-03-07 12:00:00,1.04,206.31
2023-03-07 15:00:00,1.14,205.54
2023-03-07 18:00:00,1.18,206.23
2023-03-07 21:00:00,1.24,208.23
2023-03-08 00:00:00,1.27,207.79
2023-03-08 03:00:00,1.31,206.25
2023-03-08 06:00:00,1.28,204.72
2023-03-08 09:00:00,1.17,204.2
2023-03-08 12:00:00,1.27,202.37
2023-03-08 15:00:00,1.29,204.06
2023-03-08 18:00:00,1.18,208.58
2023-03-08 21:00:00,1.13,211.41
2023-03-09 00:00:00,1.0699999,210.81999
2023-03-09 03:00:00,0.98999995,207.65
2023-03-09 06:00:00,0.94,206.4
2023-03-09 09:00:00,0.9,204.44
2023-03-09 12:00:00,0.87,204.79
2023-03-09 15:00:00,0.96,214.98
2023-03-09 18:00:00,1.04,229.94
2023-03-09 21:00:00,1.03,224.01
2023-03-10 00:00:00,0.98999995,214.54
2023-03-10 03:00:00,0.95,206.65
2023-03-10 06:00:00,0.94,201.97
2023-03-10 09:00:00,0.90999997,200.01
2023-03-10 12:00:00,0.87,199.22
2023-03-10 15:00:00,0.82,197.8
2023-03-10 18:00:00,0.84,197.33
2023-03-10 21:00:00,0.79999995,198.16
2023-03-11 00:00:00,0.76,200.37
2023-03-11 03:00:00,0.74,202.23
2023-03-11 06:00:00,0.69,203.76
2023-03-11 09:00:00,0.66999996,202.71
2023-03-11 12:00:00,0.65,201.81
2023-03-11 15:00:00,0.65999997,201.35
2023-03-11 18:00:00,0.71999997,201.1
2023-03-11 21:00:00,0.71999997,206.06
2023-03-12 00:00:00,0.71,209.63
2023-03-12 03:00:00,0.72999996,209.16
2023-03-12 06:00:00,0.74,208.38
2023-03-12 09:00:00,0.7,206.86
2023-03-12 12:00:00,0.66999996,204.04
2023-03-12 15:00:00,0.66999996,200.44
2023-03-12 18:00:00,0.66999996,200.14
2023-03-12 21:00:00,0.66999996,198.22
2023-03-13 00:00:00,0.68,196.41
2023-03-13 03:00:00,0.66999996,195.44
2023-03-13 06:00:00,0.66999996,193.71
2023-03-13 09:00:00,0.65999997,191.78
2023-03-13 12:00:00,0.65999997,189.51
2023-03-13 15:00:00,0.65999997,188.46
2023-03-13 18:00:00,0.66999996,188.19
2023-03-13 21:00:00,0.7,188.75
2023-03-14 00:00:00,0.71,189.6
2023-03-14 03:00:00,0.7,190.89
2023-03-14 06:00:00,0.7,191.25
2023-03-14 09:00:00,0.71,190.68
2023-03-14 12:00:00,0.71,190.29
2023-03-14 15:00:00,0.71999997,190.07
2023-03-14 18:00:00,0.77,189.99
2023-03-14 21:00:00,0.66999996,190.94
2023-03-15 00:00:00,0.65999997,191.14
2023-03-15 03:00:00,0.7,190.81
2023-03-15 06:00:00,0.71999997,190.19
2023-03-15 09:00:00,0.74,190.34
2023-03-15 12:00:00,0.75,190.82
2023-03-15 15:00:00,0.78,190.74
2023-03-15 18:00:00,0.78999996,190.23
2023-03-15 21:00:00,0.78999996,189.42
2023-03-16 00:00:00,0.82,189.04
2023-03-16 03:00:00,0.81,188.36
2023-03-16 06:00:00,0.68,187.6
2023-03-16 09:00:00,0.69,187.29
2023-03-16 12:00:00,0.68,187.15
2023-03-16 15:00:00,0.72999996,187.1
2023-03-16 18:00:00,0.77,186.67
2023-03-16 21:00:00,0.78,185.63
2023-03-17 00:00:00,0.65,184.39
2023-03-17 03:00:00,0.72999996,183.1
2023-03-17 06:00:00,0.75,182.91
2023-03-17 09:00:00,0.75,183.56
2023-03-17 12:00:00,0.77,184.47
2023-03-17 15:00:00,0.78,185.21
2023-03-17 18:00:00,0.82,185.3
2023-03-17 21:00:00,0.9,184.49
2023-03-18 00:00:00,0.94,183.3
2023-03-18 03:00:00,0.96,181.45
2023-03-18 06:00:00,0.88,180.45
2023-03-18 09:00:00,0.81,180.36
2023-03-18 12:00:00,0.76,181.29
2023-03-18 15:00:00,0.75,182.6
2023-03-18 18:00:00,0.75,184.25
2023-03-18 21:00:00,0.76,185.88
2023-03-19 00:00:00,0.72999996,188.29
2023-03-19 03:00:00,0.7,191.15
2023-03-19 06:00:00,0.71,192.24
2023-03-19 09:00:00,0.71,190.57
2023-03-19 12:00:00,0.71,188.81
2023-03-19 15:00:00,0.69,187.67
2023-03-19 18:00:00,0.71,187.08
2023-03-19 21:00:00,0.71,186.47
2023-03-20 00:00:00,0.71,185.71
2023-03-20 03:00:00,0.7,185.9
2023-03-20 06:00:00,0.68,185.49
2023-03-20 09:00:00,0.69,184.36
2023-03-20 12:00:00,0.63,185.23
2023-03-20 15:00:00,0.63,184.8
2023-03-20 18:00:00,0.64,184.83
2023-03-20 21:00:00,0.64,185.69
2023-03-21 00:00:00,0.65,186.18
2023-03-21 03:00:00,0.66999996,185.3
2023-03-21 06:00:00,0.65999997,184.99
2023-03-21 09:00:00,0.65999997,184.86
2023-03-21 12:00:00,0.65999997,184.5
2023-03-21 15:00:00,0.65999997,185.13
2023-03-21 18:00:00,0.63,185.27
2023-03-21 21:00:00,0.68,183.78
2023-03-22 00:00:00,0.66999996,182.48
2023-03-22 03:00:00,0.66999996,181.54
2023-03-22 06:00:00,0.65,181.22
2023-03-22 09:00:00,0.65999997,180.7
2023-03-22 12:00:00,0.68,180.64
2023-03-22 15:00:00,0.7,180.98
2023-03-22 18:00:00,0.75,181.53
2023-03-22 21:00:00,0.76,182.71
2023-03-23 00:00:00,0.78,183.66
2023-03-23 03:00:00,0.78999996,184.06
2023-03-23 06:00:00,0.79999995,184.41
2023-03-23 09:00:00,0.83,184.5
2023-03-23 12:00:00,0.84,184.47
2023-03-23 15:00:00,0.83,184.23
2023-03-23 18:00:00,0.93,185.73
2023-03-23 21:00:00,0.90999997,185.76
2023-03-24 00:00:00,0.88,184.62
2023-03-24 03:00:00,0.88,183.77
2023-03-24 06:00:00,0.85999995,183.1
2023-03-24 09:00:00,0.81,183.07
2023-03-24 12:00:00,0.77,182.83
2023-03-24 15:00:00,0.77,182.55
2023-03-24 18:00:00,0.75,182.3
2023-03-24 21:00:00,0.74,181.75
2023-03-25 00:00:00,0.76,181.74
2023-03-25 03:00:00,0.78,183.19
2023-03-25 06:00:00,0.85999995,185.52
2023-03-25 09:00:00,0.87,184.67
2023-03-25 12:00:00,0.85999995,183.45
2023-03-25 15:00:00,0.82,183.97
2023-03-25 18:00:00,0.82,182.19
2023-03-25 21:00:00,0.81,183.25
2023-03-26 00:00:00,0.77,185.69
2023-03-26 03:00:00,0.81,183.51
2023-03-26 06:00:00,0.79999995,182.12
2023-03-26 09:00:00,0.78999996,182.15
2023-03-26 12:00:00,0.78999996,181.71
2023-03-26 15:00:00,0.77,182.26
2023-03-26 18:00:00,0.75,183.56
2023-03-26 21:00:00,0.72999996,184.11
2023-03-27 00:00:00,0.7,184.36
2023-03-27 03:00:00,0.68,184.68
2023-03-27 06:00:00,0.66999996,185.19
2023-03-27 09:00:00,0.66999996,185.71
2023-03-27 12:00:00,0.66999996,186.84
2023-03-27 15:00:00,0.66999996,188.95
2023-03-27 18:00:00,0.69,191.31
2023-03-27 21:00:00,0.71,193.34
2023-03-28 00:00:00,0.74,194.63
2023-03-28 03:00:00,0.76,195.09
2023-03-28 06:00:00,0.77,195.09
2023-03-28 09:00:00,0.75,196.61
2023-03-28 12:00:00,0.75,197.46
2023-03-28 15:00:00,0.76,198.83
2023-03-28 18:00:00,0.84,199.11
2023-03-28 21:00:00,0.79999995,200.66
2023-03-29 00:00:00,0.82,200.14
2023-03-29 03:00:00,0.87,199.11
2023-03-29 06:00:00,0.93,198.44
2023-03-29 09:00:00,1.03,197.48
2023-03-29 12:00:00,1.15,195.52
2023-03-29 15:00:00,1.1899999,194.9
2023-03-29 18:00:00,1.16,194.81
2023-03-29 21:00:00,1.14,194.75
2023-03-30 00:00:00,1.1,194.27
2023-03-30 03:00:00,1.03,194.15
2023-03-30 06:00:00,1.0,194.8
2023-03-30 09:00:00,0.98999995,195.17
2023-03-30 12:00:00,0.96999997,195.3
2023-03-30 15:00:00,1.01,195.0
2023-03-30 18:00:00,1.03,195.09
2023-03-30 21:00:00,1.04,195.21
2023-03-31 00:00:00,1.01,195.21
2023-03-31 03:00:00,1.01,194.38
2023-03-31 06:00:00,1.0799999,193.85
2023-03-31 09:00:00,0.97999996,193.4
2023-03-31 12:00:00,0.96,193.28
2023-03-31 15:00:00,0.96,192.67
2023-03-31 18:00:00,0.95,193.3
2023-03-31 21:00:00,0.91999996,194.14
2023-04-01 00:00:00,0.9,195.27
2023-04-01 03:00:00,0.97999996,202.8
2023-04-01 06:00:00,0.94,196.58
2023-04-01 09:00:00,0.88,196.41
2023-04-01 12:00:00,0.84999996,195.52
2023-04-01 15:00:00,0.82,191.59
2023-04-01 18:00:00,0.81,192.95
2023-04-01 21:00:00,0.78,194.8
2023-04-02 00:00:00,0.78,195.68
2023-04-02 03:00:00,0.78,195.08
2023-04-02 06:00:00,0.77,195.2
2023-04-02 09:00:00,0.82,193.53
2023-04-02 12:00:00,0.94,196.81
2023-04-02 15:00:00,1.0,196.14
2023-04-02 18:00:00,0.97999996,198.26
2023-04-02 21:00:00,1.0,199.53
2023-04-03 00:00:00,0.98999995,199.56999
2023-04-03 03:00:00,1.02,200.7
2023-04-03 06:00:00,1.02,202.12
2023-04-03 09:00:00,1.09,201.78
2023-04-03 12:00:00,1.09,202.2
2023-04-03 15:00:00,1.12,201.72
2023-04-03 18:00:00,1.13,200.71
2023-04-03 21:00:00,1.14,199.33
2023-04-04 00:00:00,1.12,198.31
2023-04-04 03:00:00,1.0799999,197.63
2023-04-04 06:00:00,1.02,197.49
2023-04-04 09:00:00,0.98999995,196.76
2023-04-04 12:00:00,0.94,196.65
2023-04-04 15:00:00,0.88,195.38
2023-04-04 18:00:00,0.83,193.95
2023-04-04 21:00:00,0.94,194.09
2023-04-05 00:00:00,0.87,196.89
2023-04-05 03:00:00,0.87,197.02
2023-04-05 06:00:00,0.87,196.72
2023-04-05 09:00:00,0.84999996,196.92
2023-04-05 12:00:00,0.84,196.56999
2023-04-05 15:00:00,0.84,196.54
2023-04-05 18:00:00,0.84,195.7
2023-04-05 21:00:00,0.84999996,194.15
2023-04-06 00:00:00,0.84,192.46
2023-04-06 03:00:00,0.81,191.41
2023-04-06 06:00:00,0.78999996,191.0
2023-04-06 09:00:00,0.77,190.71
2023-04-06 12:00:00,0.78999996,191.21
2023-04-06 15:00:00,0.79999995,190.43
2023-04-06 18:00:00,0.78999996,191.08
2023-04-06 21:00:00,0.79999995,191.49
2023-04-07 00:00:00,0.77,191.59
2023-04-07 03:00:00,0.75,192.19
2023-04-07 06:00:00,0.74,192.85
2023-04-07 09:00:00,0.72999996,194.11
2023-04-07 12:00:00,0.76,195.85
2023-04-07 15:00:00,0.81,197.44
2023-04-07 18:00:00,0.9,198.85
2023-04-07 21:00:00,1.0,200.39
2023-04-08 00:00:00,1.05,200.5
2023-04-08 03:00:00,1.0799999,199.87
2023-04-08 06:00:00,0.97999996,198.46
2023-04-08 09:00:00,0.98999995,196.37
2023-04-08 12:00:00,1.01,200.55
2023-04-08 15:00:00,0.98999995,197.09
2023-04-08 18:00:00,1.02,196.37
2023-04-08 21:00:00,1.01,195.72
2023-04-09 00:00:00,1.01,194.8
2023-04-09 03:00:00,1.0,193.72
2023-04-09 06:00:00,0.95,192.24
2023-04-09 09:00:00,0.91999996,191.09
2023-04-09 12:00:00,0.90999997,191.17
2023-04-09 15:00:00,0.91999996,191.53
2023-04-09 18:00:00,0.90999997,192.26
2023-04-09 21:00:00,0.90999997,192.26
2023-04-10 00:00:00,0.9,191.7
2023-04-10 03:00:00,0.89,191.14
2023-04-10 06:00:00,0.84999996,190.56
2023-04-10 09:00:00,0.84999996,190.06
2023-04-10 12:00:00,0.83,188.68
2023-04-10 15:00:00,0.79999995,188.08
2023-04-10 18:00:00,0.71,187.49
2023-04-10 21:00:00,0.69,187.08
2023-04-11 00:00:00,0.69,186.77
2023-04-11 03:00:00,0.68,186.68
2023-04-11 06:00:00,0.64,188.37
2023-04-11 09:00:00,0.65,189.37
2023-04-11 12:00:00,0.69,187.93
2023-04-11 15:00:00,0.7,186.6
2023-04-11 18:00:00,0.71,184.8
2023-04-11 21:00:00,0.72999996,184.58
2023-04-12 00:00:00,0.76,184.75
2023-04-12 03:00:00,0.79999995,184.61
2023-04-12 06:00:00,0.7,184.05
2023-04-12 09:00:00,0.7,181.94
2023-04-12 12:00:00,0.75,182.99
2023-04-12 15:00:00,0.77,181.9
2023-04-12 18:00:00,0.77,181.76
2023-04-12 21:00:00,0.79999995,181.59
2023-04-13 00:00:00,0.82,182.19
2023-04-13 03:00:00,0.84,182.9
2023-04-13 06:00:00,0.84,183.45
2023-04-13 09:00:00,0.85999995,183.62
2023-04-13 12:00:00,0.85999995,183.51
2023-04-13 15:00:00,0.87,182.97
2023-04-13 18:00:00,0.91999996,182.67
2023-04-13 21:00:00,1.01,182.85
2023-04-14 00:00:00,1.0699999,182.77
2023-04-14 03:00:00,1.06,179.34
2023-04-14 06:00:00,1.03,180.47
2023-04-14 09:00:00,1.0799999,180.96
2023-04-14 12:00:00,1.11,181.43
2023-04-14 15:00:00,1.11,178.99
2023-04-14 18:00:00,1.0699999,181.66
2023-04-14 21:00:00,1.05,181.45
2023-04-15 00:00:00,0.96,179.94
2023-04-15 03:00:00,0.90999997,180.07
2023-04-15 06:00:00,0.98999995,180.01
2023-04-15 09:00:00,0.94,180.04
2023-04-15 12:00:00,0.91999996,178.89
2023-04-15 15:00:00,0.85999995,178.99
2023-04-15 18:00:00,0.94,179.05
2023-04-15 21:00:00,0.90999997,179.14
2023-04-16 00:00:00,0.89,178.56
2023-04-16 03:00:00,0.85999995,178.38
2023-04-16 06:00:00,0.82,178.5
2023-04-16 09:00:00,0.79999995,177.93
2023-04-16 12:00:00,0.77,177.87
2023-04-16 15:00:00,0.78999996,176.36
2023-04-16 18:00:00,0.78,175.62
2023-04-16 21:00:00,0.78999996,174.55
2023-04-17 00:00:00,0.85999995,173.62
2023-04-17 03:00:00,0.93,173.58
2023-04-17 06:00:00,0.96,173.81
2023-04-17 09:00:00,1.0,174.34
2023-04-17 12:00:00,0.98999995,174.44
2023-04-17 15:00:00,1.01,174.72
2023-04-17 18:00:00,0.91999996,174.81
2023-04-17 21:00:00,0.95,174.53
2023-04-18 00:00:00,0.96999997,175.19
2023-04-18 03:00:00,0.96,174.9
2023-04-18 06:00:00,0.88,174.4
2023-04-18 09:00:00,0.96,173.61
2023-04-18 12:00:00,1.02,174.15
2023-04-18 15:00:00,1.04,175.53
2023-04-18 18:00:00,1.02,176.05
2023-04-18 21:00:00,0.98999995,177.34
2023-04-19 00:00:00,0.98999995,178.49
2023-04-19 03:00:00,1.02,179.24
2023-04-19 06:00:00,1.01,180.62
2023-04-19 09:00:00,1.02,182.16
2023-04-19 12:00:00,1.02,182.62
2023-04-19 15:00:00,1.03,183.45
2023-04-19 18:00:00,1.0699999,183.91
2023-04-19 21:00:00,1.0799999,185.33
2023-04-20 00:00:00,1.1,186.49
2023-04-20 03:00:00,1.1,186.76
2023-04-20 06:00:00,1.0799999,186.05
2023-04-20 09:00:00,1.0699999,185.97
2023-04-20 12:00:00,1.0799999,187.13
2023-04-20 15:00:00,1.0799999,188.89
2023-04-20 18:00:00,1.1999999,191.46
2023-04-20 21:00:00,1.12,190.67
2023-04-21 00:00:00,1.1999999,189.47
2023-04-21 03:00:00,1.17,188.06
2023-04-21 06:00:00,1.18,188.23
2023-04-21 09:00:00,1.1899999,188.4
2023-04-21 12:00:00,1.1899999,188.4
2023-04-21 15:00:00,1.17,188.95
2023-04-21 18:00:00,1.16,190.07
2023-04-21 21:00:00,1.15,191.8
2023-04-22 00:00:00,1.15,192.83
2023-04-22 03:00:00,1.15,193.14
2023-04-22 06:00:00,1.09,193.62
2023-04-22 09:00:00,1.13,193.89
2023-04-22 12:00:00,1.17,194.48
2023-04-22 15:00:00,1.23,195.38
2023-04-22 18:00:00,1.25,196.43
2023-04-22 21:00:00,1.29,197.99
2023-04-23 00:00:00,1.3199999,199.88
2023-04-23 03:00:00,1.35,201.78
2023-04-23 06:00:00,1.3399999,202.4
2023-04-23 09:00:00,1.31,202.42
2023-04-23 12:00:00,1.3,201.79
2023-04-23 15:00:00,1.28,200.3
2023-04-23 18:00:00,1.27,198.72
2023-04-23 21:00:00,1.25,196.74
2023-04-24 00:00:00,1.24,195.13
2023-04-24 03:00:00,1.2099999,193.91
2023-04-24 06:00:00,1.15,193.35
2023-04-24 09:00:00,1.06,192.46
2023-04-24 12:00:00,1.01,191.95
2023-04-24 15:00:00,1.01,191.04
2023-04-24 18:00:00,1.03,190.62
2023-04-24 21:00:00,1.02,191.65
2023-04-25 00:00:00,1.02,191.82
2023-04-25 03:00:00,1.05,191.3
2023-04-25 06:00:00,1.01,190.87
2023-04-25 09:00:00,0.90999997,189.11
2023-04-25 12:00:00,0.84,188.54
2023-04-25 15:00:00,0.81,187.45
2023-04-25 18:00:00,0.78,186.75
2023-04-25 21:00:00,0.75,185.99
2023-04-26 00:00:00,0.72999996,185.15
2023-04-26 03:00:00,0.71,184.49
2023-04-26 06:00:00,0.77,184.19
2023-04-26 09:00:00,0.65,184.06
2023-04-26 12:00:00,0.64,184.3
2023-04-26 15:00:00,0.65,184.6
2023-04-26 18:00:00,0.65,185.15
2023-04-26 21:00:00,0.66999996,185.6
2023-04-27 00:00:00,0.7,185.94
2023-04-27 03:00:00,0.64,190.72
2023-04-27 06:00:00,0.7,188.31
2023-04-27 09:00:00,0.66999996,185.23
2023-04-27 12:00:00,0.65999997,182.34
2023-04-27 15:00:00,0.66999996,181.18
2023-04-27 18:00:00,0.69,180.0
2023-04-27 21:00:00,0.74,178.84
2023-04-28 00:00:00,0.75,178.65
2023-04-28 03:00:00,0.77,177.82
2023-04-28 06:00:00,0.78,176.84
2023-04-28 09:00:00,0.78999996,176.31
2023-04-28 12:00:00,0.78999996,176.59
2023-04-28 15:00:00,0.84999996,176.66
2023-04-28 18:00:00,0.88,176.01
2023-04-28 21:00:00,0.84,176.71
2023-04-29 00:00:00,0.83,177.5
2023-04-29 03:00:00,0.81,177.95
2023-04-29 06:00:00,0.81,177.81
2023-04-29 09:00:00,0.81,177.16
2023-04-29 12:00:00,0.81,176.5
2023-04-29 15:00:00,0.83,175.88
2023-04-29 18:00:00,0.79999995,176.32
2023-04-29 21:00:00,0.84999996,176.55
2023-04-30 00:00:00,0.84999996,176.88
2023-04-30 03:00:00,0.81,176.72
2023-04-30 06:00:00,0.78999996,176.57
2023-04-30 09:00:00,0.77,176.05
2023-04-30 12:00:00,0.78,176.09
2023-04-30 15:00:00,0.79999995,176.11
2023-04-30 18:00:00,0.81,175.9
2023-04-30 21:00:00,0.78999996,176.42
2023-05-01 00:00:00,0.78,177.0
2023-05-01 03:00:00,0.78,177.34
2023-05-01 06:00:00,0.78999996,177.31
2023-05-01 09:00:00,0.79999995,178.65
2023-05-01 12:00:00,0.84999996,183.06
2023-05-01 15:00:00,0.9,187.24
2023-05-01 18:00:00,0.93,189.4
2023-05-01 21:00:00,0.95,191.67
2023-05-02 00:00:00,0.97999996,194.53
2023-05-02 03:00:00,1.05,199.27
2023-05-02 06:00:00,1.09,205.73
2023-05-02 09:00:00,1.1,209.49
2023-05-02 12:00:00,1.09,210.45
2023-05-02 15:00:00,1.0699999,210.65
2023-05-02 18:00:00,1.0799999,210.78
2023-05-02 21:00:00,1.15,212.36
2023-05-03 00:00:00,1.24,214.99
2023-05-03 03:00:00,1.35,220.56
2023-05-03 06:00:00,1.37,223.9
2023-05-03 09:00:00,1.37,226.14
2023-05-03 12:00:00,1.35,228.11
2023-05-03 15:00:00,1.31,227.99
2023-05-03 18:00:00,1.28,227.33
2023-05-03 21:00:00,1.28,226.76
2023-05-04 00:00:00,1.31,225.79
2023-05-04 03:00:00,1.28,224.72
2023-05-04 06:00:00,1.25,223.0
2023-05-04 09:00:00,1.1999999,220.56
2023-05-04 12:00:00,1.25,220.41
2023-05-04 15:00:00,1.7099999,231.16
2023-05-04 18:00:00,1.79,222.52
2023-05-04 21:00:00,1.73,219.3
2023-05-05 00:00:00,1.75,218.45
2023-05-05 03:00:00,1.8399999,219.98
2023-05-05 06:00:00,1.64,220.1
2023-05-05 09:00:00,1.5999999,219.15
2023-05-05 12:00:00,1.54,219.35
2023-05-05 15:00:00,1.48,220.78
2023-05-05 18:00:00,1.43,222.37
2023-05-05 21:00:00,1.4,223.16
2023-05-06 00:00:00,1.39,223.91
2023-05-06 03:00:00,1.41,224.92
2023-05-06 06:00:00,1.4,224.44
2023-05-06 09:00:00,1.4,223.34
2023-05-06 12:00:00,1.39,222.84
2023-05-06 15:00:00,1.36,222.61
2023-05-06 18:00:00,1.37,223.2
2023-05-06 21:00:00,1.51,223.08
2023-05-07 00:00:00,1.66,224.4
2023-05-07 03:00:00,1.73,225.91
2023-05-07 06:00:00,1.77,225.95999
2023-05-07 09:00:00,1.75,224.84
2023-05-07 12:00:00,1.6999999,224.58
2023-05-07 15:00:00,1.62,224.56999
2023-05-07 18:00:00,1.7199999,224.2
2023-05-07 21:00:00,1.65,224.43
2023-05-08 00:00:00,1.5699999,225.89
2023-05-08 03:00:00,1.52,227.64
2023-05-08 06:00:00,1.49,227.81999
2023-05-08 09:00:00,1.4399999,228.4
2023-05-08 12:00:00,1.4,228.33
2023-05-08 15:00:00,1.5,227.37
2023-05-08 18:00:00,1.4499999,229.19
2023-05-08 21:00:00,1.4399999,230.1
2023-05-09 00:00:00,1.43,230.65
2023-05-09 03:00:00,1.4399999,231.81
2023-05-09 06:00:00,1.4599999,233.6
2023-05-09 09:00:00,1.4599999,233.05
2023-05-09 12:00:00,1.39,230.47
2023-05-09 15:00:00,1.36,227.72
2023-05-09 18:00:00,1.31,226.18
2023-05-09 21:00:00,1.29,226.25
2023-05-10 00:00:00,1.4599999,228.59
2023-05-10 03:00:00,1.4699999,231.44
2023-05-10 06:00:00,1.52,233.95
2023-05-10 09:00:00,1.55,233.14
2023-05-10 12:00:00,1.52,229.78
2023-05-10 15:00:00,1.4599999,224.63
2023-05-10 18:00:00,1.4699999,221.7
2023-05-10 21:00:00,1.48,220.56
2023-05-11 00:00:00,1.49,220.94
2023-05-11 03:00:00,1.49,219.3
2023-05-11 06:00:00,1.52,217.56
2023-05-11 09:00:00,1.62,215.88
2023-05-11 12:00:00,1.73,215.18
2023-05-11 15:00:00,1.8499999,215.27
2023-05-11 18:00:00,1.91,217.76
2023-05-11 21:00:00,1.9799999,219.54
2023-05-12 00:00:00,1.9499999,221.28
2023-05-12 03:00:00,1.91,222.65
2023-05-12 06:00:00,1.8299999,222.25
2023-05-12 09:00:00,1.76,221.37
2023-05-12 12:00:00,1.6899999,220.61
2023-05-12 15:00:00,1.66,219.84
2023-05-12 18:00:00,1.66,219.65
2023-05-12 21:00:00,1.7199999,220.34
2023-05-13 00:00:00,1.74,221.45
2023-05-13 03:00:00,1.74,222.5
2023-05-13 06:00:00,1.8199999,223.2
2023-05-13 09:00:00,1.79,222.97
2023-05-13 12:00:00,1.76,223.08
2023-05-13 15:00:00,1.7199999,224.3
2023-05-13 18:00:00,1.6999999,226.14
2023-05-13 21:00:00,1.68,226.95999
2023-05-14 00:00:00,1.6999999,227.20999
2023-05-14 03:00:00,1.75,227.33
2023-05-14 06:00:00,1.73,226.83
2023-05-14 09:00:00,1.68,225.48
2023-05-14 12:00:00,1.8499999,224.7
2023-05-14 15:00:00,1.8499999,223.47
2023-05-14 18:00:00,1.8399999,224.17
2023-05-14 21:00:00,1.8299999,226.01
2023-05-15 00:00:00,1.9499999,227.81
2023-05-15 03:00:00,1.93,228.85
2023-05-15 06:00:00,1.91,229.18
2023-05-15 09:00:00,1.86,228.49
2023-05-15 12:00:00,1.79,227.03
2023-05-15 15:00:00,1.7099999,225.26
2023-05-15 18:00:00,1.68,223.2
2023-05-15 21:00:00,1.62,223.56
2023-05-16 00:00:00,1.5999999,225.22
2023-05-16 03:00:00,1.5999999,227.77
2023-05-16 06:00:00,1.5899999,228.66
2023-05-16 09:00:00,1.5699999,229.38
2023-05-16 12:00:00,1.56,229.68
2023-05-16 15:00:00,1.55,230.64
2023-05-16 18:00:00,1.5,230.31999
2023-05-16 21:00:00,1.43,230.67
2023-05-17 00:00:00,1.31,230.65
2023-05-17 03:00:00,1.3,226.65
2023-05-17 06:00:00,1.24,224.85
2023-05-17 09:00:00,1.1899999,221.13
2023-05-17 12:00:00,1.12,219.58
2023-05-17 15:00:00,1.13,217.41
2023-05-17 18:00:00,1.14,217.24
2023-05-17 21:00:00,1.13,217.8
2023-05-18 00:00:00,1.09,215.63
2023-05-18 03:00:00,0.98999995,212.94
2023-05-18 06:00:00,0.98999995,209.6
2023-05-18 09:00:00,0.97999996,207.51
2023-05-18 12:00:00,0.96999997,205.35
2023-05-18 15:00:00,0.96999997,203.33
2023-05-18 18:00:00,0.96999997,200.17
2023-05-18 21:00:00,0.96999997,197.86
2023-05-19 00:00:00,0.96999997,196.2
2023-05-19 03:00:00,0.97999996,195.06999
2023-05-19 06:00:00,0.9,194.69
2023-05-19 09:00:00,0.93,194.1
2023-05-19 12:00:00,0.91999996,194.7
2023-05-19 15:00:00,0.96,196.18
2023-05-19 18:00:00,0.98999995,198.84
2023-05-19 21:00:00,1.02,200.21
2023-05-20 00:00:00,1.03,201.05
2023-05-20 03:00:00,1.15,200.98
2023-05-20 06:00:00,1.09,203.05
2023-05-20 09:00:00,1.0799999,203.44
2023-05-20 12:00:00,1.09,203.92
2023-05-20 15:00:00,1.13,204.96
2023-05-20 18:00:00,1.17,205.12
2023-05-20 21:00:00,1.1999999,204.61
2023-05-21 00:00:00,1.26,204.53
2023-05-21 03:00:00,1.31,204.75
2023-05-21 06:00:00,1.3199999,203.87
2023-05-21 09:00:00,1.3299999,203.08
2023-05-21 12:00:00,1.36,202.76
2023-05-21 15:00:00,1.35,202.7
2023-05-21 18:00:00,1.31,202.26
2023-05-21 21:00:00,1.28,201.63
2023-05-22 00:00:00,1.25,200.56
2023-05-22 03:00:00,1.23,200.41
2023-05-22 06:00:00,1.22,200.83
2023-05-22 09:00:00,1.18,201.25
2023-05-22 12:00:00,1.15,200.63
2023-05-22 15:00:00,1.12,199.87
2023-05-22 18:00:00,1.0799999,198.98
2023-05-22 21:00:00,1.05,198.33
2023-05-23 00:00:00,1.03,197.93
2023-05-23 03:00:00,0.97999996,199.25
2023-05-23 06:00:00,0.94,198.24
2023-05-23 09:00:00,0.93,198.13
2023-05-23 12:00:00,0.96999997,199.4
2023-05-23 15:00:00,1.0,199.98
2023-05-23 18:00:00,1.0699999,202.09
2023-05-23 21:00:00,1.09,202.55
2023-05-24 00:00:00,1.0799999,201.7
2023-05-24 03:00:00,1.12,202.53
2023-05-24 06:00:00,1.16,202.78
2023-05-24 09:00:00,1.1,202.81
2023-05-24 12:00:00,1.13,202.19
2023-05-24 15:00:00,1.18,202.56999
2023-05-24 18:00:00,1.23,202.72
2023-05-24 21:00:00,1.25,201.76
2023-05-25 00:00:00,1.26,201.28
2023-05-25 03:00:00,1.22,201.42
2023-05-25 06:00:00,1.17,202.11
2023-05-25 09:00:00,1.16,202.87
2023-05-25 12:00:00,1.1899999,204.31
2023-05-25 15:00:00,1.18,205.62
2023-05-25 18:00:00,1.16,207.12
2023-05-25 21:00:00,1.1,209.96
2023-05-26 00:00:00,1.0799999,214.34
2023-05-26 03:00:00,1.1,220.76
2023-05-26 06:00:00,1.1,225.83
2023-05-26 09:00:00,1.12,229.22
2023-05-26 12:00:00,1.12,235.01
2023-05-26 15:00:00,1.12,238.77
2023-05-26 18:00:00,1.1,241.34
2023-05-26 21:00:00,1.11,244.70999
2023-05-27 00:00:00,1.11,248.05
2023-05-27 03:00:00,1.13,251.06
2023-05-27 06:00:00,1.13,252.44
2023-05-27 09:00:00,1.1,254.69
2023-05-27 12:00:00,1.1,251.66
2023-05-27 15:00:00,1.12,249.15
2023-05-27 18:00:00,1.13,244.93
2023-05-27 21:00:00,1.15,242.91
2023-05-28 00:00:00,1.2099999,242.27
2023-05-28 03:00:00,1.3,244.13
2023-05-28 06:00:00,1.37,244.24
2023-05-28 09:00:00,1.4,241.87
2023-05-28 12:00:00,1.39,240.26
2023-05-28 15:00:00,1.3399999,240.05
2023-05-28 18:00:00,1.3,239.56
2023-05-28 21:00:00,1.29,237.59
2023-05-29 00:00:00,1.3,234.56999
2023-05-29 03:00:00,1.3399999,231.78
2023-05-29 06:00:00,1.31,229.43
2023-05-29 09:00:00,1.28,225.1
2023-05-29 12:00:00,1.28,220.5
2023-05-29 15:00:00,1.3199999,215.35
2023-05-29 18:00:00,1.36,211.44
2023-05-29 21:00:00,1.36,208.66
2023-05-30 00:00:00,1.3399999,206.79
2023-05-30 03:00:00,1.36,205.71
2023-05-30 06:00:00,1.42,203.05
2023-05-30 09:00:00,1.43,201.2
2023-05-30 12:00:00,1.38,201.62
2023-05-30 15:00:00,1.35,201.13
2023-05-30 18:00:00,1.37,201.09
2023-05-30 21:00:00,1.35,201.15
2023-05-31 00:00:00,1.3299999,200.4
2023-05-31 03:00:00,1.3,199.89
2023-05-31 06:00:00,1.25,199.35
2023-05-31 09:00:00,1.27,199.59
2023-05-31 12:00:00,1.27,200.64
2023-05-31 15:00:00,1.3,201.46
2023-05-31 18:00:00,1.3,202.48
2023-05-31 21:00:00,1.3399999,203.65
2023-06-01 00:00:00,1.3399999,203.75
2023-06-01 03:00:00,1.3199999,203.55
2023-06-01 06:00:00,1.31,205.01
2023-06-01 09:00:00,1.38,207.45
2023-06-01 12:00:00,1.4399999,211.15
2023-06-01 15:00:00,1.5,215.13
2023-06-01 18:00:00,1.54,217.6
2023-06-01 21:00:00,1.63,219.95
2023-06-02 00:00:00,1.7099999,221.23
2023-06-02 03:00:00,1.6999999,219.91
2023-06-02 06:00:00,1.63,217.96
2023-06-02 09:00:00,1.5899999,216.17
2023-06-02 12:00:00,1.5,215.64
2023-06-02 15:00:00,1.41,214.91
2023-06-02 18:00:00,1.48,215.02
2023-06-02 21:00:00,1.56,216.89
2023-06-03 00:00:00,1.5699999,218.13
2023-06-03 03:00:00,1.54,219.23
2023-06-03 06:00:00,1.5,220.02
2023-06-03 09:00:00,1.51,220.46
2023-06-03 12:00:00,1.49,220.17
2023-06-03 15:00:00,1.54,222.0
2023-06-03 18:00:00,1.49,221.93
2023-06-03 21:00:00,1.52,219.52
2023-06-04 00:00:00,1.52,218.93
2023-06-04 03:00:00,1.5899999,221.28
2023-06-04 06:00:00,1.67,226.35
2023-06-04 09:00:00,1.7099999,229.81999
2023-06-04 12:00:00,1.67,231.11
2023-06-04 15:00:00,1.7199999,232.31999
2023-06-04 18:00:00,1.6899999,234.70999
2023-06-04 21:00:00,1.68,236.54
2023-06-05 00:00:00,1.68,237.27
2023-06-05 03:00:00,1.74,239.89
2023-06-05 06:00:00,1.64,237.01
2023-06-05 09:00:00,1.61,234.45
2023-06-05 12:00:00,1.66,231.95
2023-06-05 15:00:00,1.6899999,231.74
2023-06-05 18:00:00,1.7199999,234.85
2023-06-05 21:00:00,1.65,239.0
2023-06-06 00:00:00,1.67,241.35
2023-06-06 03:00:00,1.65,241.97
2023-06-06 06:00:00,1.63,243.25
2023-06-06 09:00:00,1.61,243.6
2023-06-06 12:00:00,1.5999999,240.73
2023-06-06 15:00:00,1.61,236.16
2023-06-06 18:00:00,1.5999999,232.51
2023-06-06 21:00:00,1.65,232.18
2023-06-07 00:00:00,1.74,234.19
2023-06-07 03:00:00,1.79,234.55
2023-06-07 06:00:00,1.8,232.56999
2023-06-07 09:00:00,1.8299999,230.26
2023-06-07 12:00:00,1.9,231.28
2023-06-07 15:00:00,1.9799999,233.99
2023-06-07 18:00:00,2.0,236.04
2023-06-07 21:00:00,2.05,237.72
2023-06-08 00:00:00,2.05,237.74
2023-06-08 03:00:00,2.07,239.6
2023-06-08 06:00:00,2.02,240.06
2023-06-08 09:00:00,2.05,240.25
2023-06-08 12:00:00,2.05,242.18
2023-06-08 15:00:00,2.09,245.39
2023-06-08 18:00:00,2.07,247.37
2023-06-08 21:00:00,2.07,247.93
2023-06-09 00:00:00,2.02,248.45999
2023-06-09 03:00:00,2.02,242.02
2023-06-09 06:00:00,2.01,241.74
2023-06-09 09:00:00,1.9399999,242.28
2023-06-09 12:00:00,1.9499999,238.04
2023-06-09 15:00:00,1.88,240.20999
2023-06-09 18:00:00,1.8399999,243.42
2023-06-09 21:00:00,1.86,241.94
2023-06-10 00:00:00,1.78,239.64
2023-06-10 03:00:00,1.7099999,239.31
2023-06-10 06:00:00,1.62,243.28
2023-06-10 09:00:00,1.5999999,243.28
2023-06-10 12:00:00,1.62,242.63
2023-06-10 15:00:00,1.62,244.73
2023-06-10 18:00:00,1.64,247.67
2023-06-10 21:00:00,1.68,250.94
2023-06-11 00:00:00,1.66,253.55
2023-06-11 03:00:00,1.73,253.26
2023-06-11 06:00:00,1.7199999,254.24
2023-06-11 09:00:00,1.73,255.12
2023-06-11 12:00:00,1.7199999,254.97
2023-06-11 15:00:00,1.6999999,253.43
2023-06-11 18:00:00,1.65,252.42
2023-06-11 21:00:00,1.64,249.45999
2023-06-12 00:00:00,1.6899999,247.19
2023-06-12 03:00:00,1.56,245.87
2023-06-12 06:00:00,1.75,242.69
2023-06-12 09:00:00,1.8499999,241.43
2023-06-12 12:00:00,1.8299999,239.99
2023-06-12 15:00:00,1.9,243.69
2023-06-12 18:00:00,1.9799999,246.52
2023-06-12 21:00:00,2.07,245.6
2023-06-13 00:00:00,2.05,243.06
2023-06-13 03:00:00,1.99,241.61
2023-06-13 06:00:00,2.02,242.20999
2023-06-13 09:00:00,1.9799999,242.38
2023-06-13 12:00:00,2.05,246.84
2023-06-13 15:00:00,2.09,249.84
2023-06-13 18:00:00,1.99,251.74
2023-06-13 21:00:00,2.05,252.75
2023-06-14 00:00:00,2.1299999,256.5
2023-06-14 03:00:00,2.08,259.2
2023-06-14 06:00:00,2.03,260.47
2023-06-14 09:00:00,2.05,262.87
2023-06-14 12:00:00,2.05,264.45
2023-06-14 15:00:00,1.99,264.29
2023-06-14 18:00:00,1.93,263.48
2023-06-14 21:00:00,1.89,262.38998
2023-06-15 00:00:00,1.9,261.88
2023-06-15 03:00:00,1.9399999,261.69
2023-06-15 06:00:00,1.75,260.65
2023-06-15 09:00:00,1.74,255.83
2023-06-15 12:00:00,1.68,251.48
2023-06-15 15:00:00,1.74,248.04
2023-06-15 18:00:00,1.87,248.56
2023-06-15 21:00:00,1.93,252.31999
2023-06-16 00:00:00,1.9499999,255.06999
2023-06-16 03:00:00,1.9399999,256.09
2023-06-16 06:00:00,1.9399999,257.09
2023-06-16 09:00:00,1.93,258.46
2023-06-16 12:00:00,1.92,259.11
2023-06-16 15:00:00,1.89,258.47
2023-06-16 18:00:00,1.9,257.87
2023-06-16 21:00:00,1.91,259.03
2023-06-17 00:00:00,1.9499999,259.79
2023-06-17 03:00:00,2.0,260.04
2023-06-17 06:00:00,2.01,259.75
2023-06-17 09:00:00,1.9699999,258.59
2023-06-17 12:00:00,1.9399999,256.87
2023-06-17 15:00:00,1.92,255.20999
2023-06-17 18:00:00,1.75,254.11
2023-06-17 21:00:00,1.86,255.74
2023-06-18 00:00:00,1.9,255.13
2023-06-18 03:00:00,1.7199999,255.81
2023-06-18 06:00:00,1.7099999,255.95
2023-06-18 09:00:00,1.73,260.01
2023-06-18 12:00:00,1.75,258.51
2023-06-18 15:00:00,1.8,258.54
2023-06-18 18:00:00,1.68,257.97
2023-06-18 21:00:00,1.65,258.12
2023-06-19 00:00:00,1.62,254.26
2023-06-19 03:00:00,1.56,252.65
2023-06-19 06:00:00,1.4599999,249.74
2023-06-19 09:00:00,1.4699999,249.09
2023-06-19 12:00:00,1.48,246.74
2023-06-19 15:00:00,1.49,245.19
2023-06-19 18:00:00,1.49,243.97
2023-06-19 21:00:00,1.49,242.95
2023-06-20 00:00:00,1.5,242.12
2023-06-20 03:00:00,1.49,240.8
2023-06-20 06:00:00,1.4699999,239.08
2023-06-20 09:00:00,1.43,236.68
2023-06-20 12:00:00,1.42,234.39
2023-06-20 15:00:00,1.43,232.39
2023-06-20 18:00:00,1.4399999,230.77
2023-06-20 21:00:00,1.49,229.81
2023-06-21 00:00:00,1.53,229.66
2023-06-21 03:00:00,1.56,229.59
2023-06-21 06:00:00,1.5799999,228.9
2023-06-21 09:00:00,1.5999999,229.87
2023-06-21 12:00:00,1.5999999,231.34
2023-06-21 15:00:00,1.5899999,231.47
2023-06-21 18:00:00,1.5699999,230.63
2023-06-21 21:00:00,1.49,231.33
2023-06-22 00:00:00,1.4699999,230.11
2023-06-22 03:00:00,1.48,229.98
2023-06-22 06:00:00,1.49,229.01
2023-06-22 09:00:00,1.5,226.93
2023-06-22 12:00:00,1.52,224.53
2023-06-22 15:00:00,1.53,223.35
2023-06-22 18:00:00,1.53,223.45
2023-06-22 21:00:00,1.5899999,223.33
2023-06-23 00:00:00,1.64,223.98
2023-06-23 03:00:00,1.54,224.94
2023-06-23 06:00:00,1.55,225.06999
2023-06-23 09:00:00,1.5799999,227.24
2023-06-23 12:00:00,1.64,228.27
2023-06-23 15:00:00,1.67,229.24
2023-06-23 18:00:00,1.5799999,228.24
2023-06-23 21:00:00,1.64,226.88
2023-06-24 00:00:00,1.67,227.83
2023-06-24 03:00:00,1.5999999,232.59
2023-06-24 06:00:00,1.56,235.92
2023-06-24 09:00:00,1.5799999,235.47
2023-06-24 12:00:00,1.5999999,233.53
2023-06-24 15:00:00,1.63,231.08
2023-06-24 18:00:00,1.67,228.22
2023-06-24 21:00:00,1.76,225.27
2023-06-25 00:00:00,1.8499999,223.85
2023-06-25 03:00:00,1.9699999,221.85
2023-06-25 06:00:00,2.07,220.26
2023-06-25 09:00:00,2.1299999,221.13
2023-06-25 12:00:00,2.26,224.22
2023-06-25 15:00:00,2.54,227.7
2023-06-25 18:00:00,2.56,232.99
2023-06-25 21:00:00,2.54,237.73
2023-06-26 00:00:00,2.46,241.33
2023-06-26 03:00:00,2.37,243.12
2023-06-26 06:00:00,2.23,243.78
2023-06-26 09:00:00,2.1299999,242.75
2023-06-26 12:00:00,2.06,242.39
2023-06-26 15:00:00,1.99,241.05
2023-06-26 18:00:00,1.86,239.97
2023-06-26 21:00:00,1.8199999,238.89
2023-06-27 00:00:00,1.5699999,238.3
2023-06-27 03:00:00,1.64,236.78
2023-06-27 06:00:00,1.6899999,238.6
2023-06-27 09:00:00,1.75,242.31999
2023-06-27 12:00:00,1.87,246.97
2023-06-27 15:00:00,1.88,254.41
2023-06-27 18:00:00,1.88,253.84999
2023-06-27 21:00:00,1.9,252.08
2023-06-28 00:00:00,1.89,250.81999
2023-06-28 03:00:00,1.88,249.19
2023-06-28 06:00:00,1.8199999,249.27
2023-06-28 09:00:00,1.8199999,246.51
2023-06-28 12:00:00,1.86,244.75
2023-06-28 15:00:00,1.8499999,244.06999
2023-06-28 18:00:00,1.81,243.8
2023-06-28 21:00:00,1.8199999,240.9
2023-06-29 00:00:00,1.8199999,239.02
2023-06-29 03:00:00,1.79,240.01
2023-06-29 06:00:00,1.79,242.1
2023-06-29 09:00:00,1.8,242.85
2023-06-29 12:00:00,1.8199999,243.14
2023-06-29 15:00:00,1.8399999,244.25
2023-06-29 18:00:00,1.8499999,244.87
2023-06-29 21:00:00,1.8199999,244.91
2023-06-30 00:00:00,1.79,244.67
2023-06-30 03:00:00,1.79,243.88
2023-06-30 06:00:00,1.73,241.3
2023-06-30 09:00:00,1.7099999,240.97
2023-06-30 12:00:00,1.67,241.2
2023-06-30 15:00:00,1.64,240.86
2023-06-30 18:00:00,1.4699999,240.03
2023-06-30 21:00:00,1.51,241.13
2023-07-01 00:00:00,1.5899999,240.99
2023-07-01 03:00:00,1.56,241.84
2023-07-01 06:00:00,1.5999999,237.83
2023-07-01 09:00:00,1.63,235.18
2023-07-01 12:00:00,1.5799999,237.68
2023-07-01 15:00:00,1.63,236.43
2023-07-01 18:00:00,1.67,235.76
2023-07-01 21:00:00,1.65,237.12
2023-07-02 00:00:00,1.65,238.2
2023-07-02 03:00:00,1.67,236.94
2023-07-02 06:00:00,1.66,236.4
2023-07-02 09:00:00,1.6899999,239.23
2023-07-02 12:00:00,1.7099999,240.3
2023-07-02 15:00:00,1.73,239.51
2023-07-02 18:00:00,1.75,239.99
2023-07-02 21:00:00,1.74,244.55
2023-07-03 00:00:00,1.81,251.04
2023-07-03 03:00:00,2.05,257.88
2023-07-03 06:00:00,2.1,262.34
2023-07-03 09:00:00,2.12,262.84
2023-07-03 12:00:00,2.21,262.37
2023-07-03 15:00:00,2.56,261.46
2023-07-03 18:00:00,2.4199998,261.13998
2023-07-03 21:00:00,2.3899999,257.63998
2023-07-04 00:00:00,2.3799999,255.36
2023-07-04 03:00:00,2.37,254.59
2023-07-04 06:00:00,2.27,255.05
2023-07-04 09:00:00,2.32,256.38
2023-07-04 12:00:00,2.36,258.16
2023-07-04 15:00:00,2.3899999,257.78
2023-07-04 18:00:00,2.3899999,253.98
2023-07-04 21:00:00,2.44,252.72
2023-07-05 00:00:00,2.58,250.89
2023-07-05 03:00:00,2.82,246.34
2023-07-05 06:00:00,2.9099998,242.06999
2023-07-05 09:00:00,2.9299998,239.66
2023-07-05 12:00:00,2.9099998,239.20999
2023-07-05 15:00:00,2.85,242.81999
2023-07-05 18:00:00,2.83,245.35
2023-07-05 21:00:00,2.85,248.95
2023-07-06 00:00:00,2.79,250.94
2023-07-06 03:00:00,2.6499999,249.56
2023-07-06 06:00:00,2.48,248.59
2023-07-06 09:00:00,2.46,248.56
2023-07-06 12:00:00,2.44,247.79
2023-07-06 15:00:00,2.3999999,249.28
2023-07-06 18:00:00,2.31,252.41
2023-07-06 21:00:00,2.26,248.48
2023-07-07 00:00:00,2.3,246.3
2023-07-07 03:00:00,2.18,251.87
2023-07-07 06:00:00,2.07,252.49
2023-07-07 09:00:00,2.03,250.52
2023-07-07 12:00:00,2.12,251.04
2023-07-07 15:00:00,2.1599998,252.65
2023-07-07 18:00:00,2.12,250.12
2023-07-07 21:00:00,2.06,244.8
2023-07-08 00:00:00,1.9599999,242.36
2023-07-08 03:00:00,1.9399999,242.45
2023-07-08 06:00:00,1.9699999,240.27
2023-07-08 09:00:00,2.04,235.73
2023-07-08 12:00:00,1.9699999,235.34
2023-07-08 15:00:00,1.88,238.12
2023-07-08 18:00:00,1.9799999,233.09
2023-07-08 21:00:00,2.06,227.42
2023-07-09 00:00:00,2.1499999,224.31999
2023-07-09 03:00:00,2.1699998,223.20999
2023-07-09 06:00:00,2.2,223.55
2023-07-09 09:00:00,2.2,224.42
2023-07-09 12:00:00,2.1399999,221.86
2023-07-09 15:00:00,2.1599998,225.19
2023-07-09 18:00:00,2.1399999,225.25
2023-07-09 21:00:00,2.12,226.37
2023-07-10 00:00:00,2.11,228.72
2023-07-10 03:00:00,2.09,232.94
2023-07-10 06:00:00,2.04,236.05
2023-07-10 09:00:00,1.9599999,239.81999
2023-07-10 12:00:00,1.89,239.04
2023-07-10 15:00:00,1.8499999,236.22
2023-07-10 18:00:00,1.87,233.69
2023-07-10 21:00:00,1.78,232.15
2023-07-11 00:00:00,1.6999999,231.76
2023-07-11 03:00:00,1.67,228.79
2023-07-11 06:00:00,1.62,227.35
2023-07-11 09:00:00,1.5799999,226.79
2023-07-11 12:00:00,1.53,226.83
2023-07-11 15:00:00,1.49,225.36
2023-07-11 18:00:00,1.4499999,224.16
2023-07-11 21:00:00,1.42,222.84
2023-07-12 00:00:00,1.42,221.04
2023-07-12 03:00:00,1.43,219.42
2023-07-12 06:00:00,1.43,218.17
2023-07-12 09:00:00,1.4599999,214.54
2023-07-12 12:00:00,1.49,212.78
2023-07-12 15:00:00,1.52,211.28
2023-07-12 18:00:00,1.5699999,208.76
2023-07-12 21:00:00,1.5899999,207.68
2023-07-13 00:00:00,1.74,207.5
2023-07-13 03:00:00,1.7199999,211.06
2023-07-13 06:00:00,1.73,210.15
2023-07-13 09:00:00,1.7199999,208.95
2023-07-13 12:00:00,1.7199999,207.93
2023-07-13 15:00:00,1.74,206.59
2023-07-13 18:00:00,1.6899999,207.99
2023-07-13 21:00:00,1.6899999,210.89
2023-07-14 00:00:00,1.67,214.53
2023-07-14 03:00:00,1.78,220.51
2023-07-14 06:00:00,1.73,219.31
2023-07-14 09:00:00,1.62,221.39
2023-07-14 12:00:00,1.74,223.6
2023-07-14 15:00:00,1.66,222.75
2023-07-14 18:00:00,1.49,226.06
2023-07-14 21:00:00,1.5,225.3
2023-07-15 00:00:00,1.52,225.64
2023-07-15 03:00:00,1.55,227.01
2023-07-15 06:00:00,1.54,229.33
2023-07-15 09:00:00,1.52,231.03
2023-07-15 12:00:00,1.53,230.77
2023-07-15 15:00:00,1.49,232.2
2023-07-15 18:00:00,1.49,232.58
2023-07-15 21:00:00,1.5,234.64
2023-07-16 00:00:00,1.61,238.05
2023-07-16 03:00:00,1.5999999,244.33
2023-07-16 06:00:00,1.51,249.34999
2023-07-16 09:00:00,1.53,249.01
2023-07-16 12:00:00,1.49,248.81999
2023-07-16 15:00:00,1.4399999,249.98
2023-07-16 18:00:00,1.42,251.18
2023-07-16 21:00:00,1.42,252.38
2023-07-17 00:00:00,1.4499999,253.70999
2023-07-17 03:00:00,1.49,255.01
2023-07-17 06:00:00,1.48,255.92
2023-07-17 09:00:00,1.4699999,255.03
2023-07-17 12:00:00,1.43,253.03
2023-07-17 15:00:00,1.4,251.64
2023-07-17 18:00:00,1.42,248.28
2023-07-17 21:00:00,1.4599999,244.31
2023-07-18 00:00:00,1.48,244.28
2023-07-18 03:00:00,1.56,249.28
2023-07-18 06:00:00,1.65,251.54
2023-07-18 09:00:00,1.7099999,251.09
2023-07-18 12:00:00,1.66,247.89
2023-07-18 15:00:00,1.6999999,249.12
2023-07-18 18:00:00,1.79,245.67
2023-07-18 21:00:00,1.81,247.51
2023-07-19 00:00:00,1.89,245.13
2023-07-19 03:00:00,2.0,243.3
2023-07-19 06:00:00,2.05,241.76
2023-07-19 09:00:00,2.03,239.6
2023-07-19 12:00:00,2.02,238.59
2023-07-19 15:00:00,1.9799999,238.56
2023-07-19 18:00:00,1.9499999,238.47
2023-07-19 21:00:00,1.9499999,237.56
2023-07-20 00:00:00,2.04,238.74
2023-07-20 03:00:00,2.07,239.03
2023-07-20 06:00:00,1.9699999,234.94
2023-07-20 09:00:00,1.8399999,237.86
2023-07-20 12:00:00,1.81,235.94
2023-07-20 15:00:00,1.8199999,234.38
2023-07-20 18:00:00,1.87,232.8
2023-07-20 21:00:00,1.89,232.49
2023-07-21 00:00:00,1.9499999,233.06
2023-07-21 03:00:00,1.99,234.69
2023-07-21 06:00:00,2.04,231.67
2023-07-21 09:00:00,2.11,225.74
2023-07-21 12:00:00,2.05,226.31999
2023-07-21 15:00:00,1.9499999,231.9
2023-07-21 18:00:00,1.9799999,234.37
2023-07-21 21:00:00,2.08,231.95999
2023-07-22 00:00:00,2.18,230.94
2023-07-22 03:00:00,2.22,231.06
2023-07-22 06:00:00,2.1699998,230.27
2023-07-22 09:00:00,2.07,228.94
2023-07-22 12:00:00,2.09,225.7
2023-07-22 15:00:00,1.9799999,225.88
2023-07-22 18:00:00,1.9399999,225.25
2023-07-22 21:00:00,2.06,225.31
2023-07-23 00:00:00,2.0,228.39
2023-07-23 03:00:00,1.9799999,228.31999
2023-07-23 06:00:00,1.9799999,230.1
2023-07-23 09:00:00,1.9399999,230.69
2023-07-23 12:00:00,1.88,232.70999
2023-07-23 15:00:00,1.88,235.41
2023-07-23 18:00:00,1.8499999,236.97
2023-07-23 21:00:00,1.86,239.44
2023-07-24 00:00:00,1.8399999,240.56
2023-07-24 03:00:00,1.8199999,241.69
2023-07-24 06:00:00,1.81,243.48
2023-07-24 09:00:00,1.77,247.61
2023-07-24 12:00:00,1.77,249.41
2023-07-24 15:00:00,1.6999999,247.74
2023-07-24 18:00:00,1.66,243.33
2023-07-24 21:00:00,1.66,239.52
2023-07-25 00:00:00,1.63,237.62
2023-07-25 03:00:00,1.64,236.97
2023-07-25 06:00:00,1.5799999,235.76
2023-07-25 09:00:00,1.5899999,236.01
2023-07-25 12:00:00,1.5799999,235.77
2023-07-25 15:00:00,1.5699999,234.08
2023-07-25 18:00:00,1.5799999,231.11
2023-07-25 21:00:00,1.64,226.8
2023-07-26 00:00:00,1.67,224.89
2023-07-26 03:00:00,1.77,220.69
2023-07-26 06:00:00,1.91,216.17
2023-07-26 09:00:00,1.99,213.06
2023-07-26 12:00:00,2.01,212.26
2023-07-26 15:00:00,2.01,211.17
2023-07-26 18:00:00,2.01,210.09
2023-07-26 21:00:00,2.0,209.29
2023-07-27 00:00:00,1.9399999,208.87
2023-07-27 03:00:00,1.9699999,207.92
2023-07-27 06:00:00,1.9,206.84
2023-07-27 09:00:00,1.77,205.64
2023-07-27 12:00:00,1.8299999,205.05
2023-07-27 15:00:00,1.87,210.47
2023-07-27 18:00:00,1.75,211.95
2023-07-27 21:00:00,1.8299999,211.06
2023-07-28 00:00:00,1.9,213.71
2023-07-28 03:00:00,1.92,215.89
2023-07-28 06:00:00,1.91,216.74
2023-07-28 09:00:00,1.88,217.76
2023-07-28 12:00:00,1.8499999,218.24
2023-07-28 15:00:00,1.8399999,222.37
2023-07-28 18:00:00,1.8499999,226.20999
2023-07-28 21:00:00,1.86,230.3
2023-07-29 00:00:00,1.87,234.75
2023-07-29 03:00:00,1.81,239.43
2023-07-29 06:00:00,1.9499999,238.97
2023-07-29 09:00:00,1.86,240.38
2023-07-29 12:00:00,1.81,242.05
2023-07-29 15:00:00,1.77,243.95
2023-07-29 18:00:00,1.74,245.35
2023-07-29 21:00:00,1.7199999,246.81
2023-07-30 00:00:00,1.73,247.8
2023-07-30 03:00:00,1.77,248.18
2023-07-30 06:00:00,1.8199999,250.68
2023-07-30 09:00:00,1.8199999,251.29
2023-07-30 12:00:00,1.8,249.08
2023-07-30 15:00:00,1.78,246.52
2023-07-30 18:00:00,1.74,244.42
2023-07-30 21:00:00,1.7099999,244.81
2023-07-31 00:00:00,1.7099999,246.64
2023-07-31 03:00:00,1.74,248.04
2023-07-31 06:00:00,1.7099999,248.39
2023-07-31 09:00:00,1.6999999,248.04
2023-07-31 12:00:00,1.66,248.02
2023-07-31 15:00:00,1.64,248.34999
2023-07-31 18:00:00,1.68,250.74
2023-07-31 21:00:00,1.73,257.38998
2023-08-01 00:00:00,1.64,259.56
2023-08-01 03:00:00,1.66,260.34
2023-08-01 06:00:00,1.67,259.66
2023-08-01 09:00:00,1.65,256.37
2023-08-01 12:00:00,1.64,252.9
2023-08-01 15:00:00,1.63,249.91
2023-08-01 18:00:00,1.64,246.87
2023-08-01 21:00:00,1.68,245.9
2023-08-02 00:00:00,1.6899999,245.63
2023-08-02 03:00:00,1.73,243.70999
2023-08-02 06:00:00,1.6999999,239.23
2023-08-02 09:00:00,1.6899999,232.95
2023-08-02 12:00:00,1.66,230.33
2023-08-02 15:00:00,1.68,225.76
2023-08-02 18:00:00,1.6999999,222.95
2023-08-02 21:00:00,1.67,223.13
2023-08-03 00:00:00,1.64,224.62
2023-08-03 03:00:00,1.61,221.59
2023-08-03 06:00:00,1.5899999,220.43
2023-08-03 09:00:00,1.5999999,219.48
2023-08-03 12:00:00,1.62,220.58
2023-08-03 15:00:00,1.62,221.74
2023-08-03 18:00:00,1.5799999,220.48
2023-08-03 21:00:00,1.5699999,219.52
2023-08-04 00:00:00,1.5999999,223.45999
2023-08-04 03:00:00,1.66,228.28
2023-08-04 06:00:00,1.66,226.76
2023-08-04 09:00:00,1.5899999,221.22
2023-08-04 12:00:00,1.55,216.51
2023-08-04 15:00:00,1.54,214.41
2023-08-04 18:00:00,1.55,214.51
2023-08-04 21:00:00,1.64,210.95
2023-08-05 00:00:00,1.7199999,207.18
2023-08-05 03:00:00,1.86,203.22
2023-08-05 06:00:00,1.9799999,199.18
2023-08-05 09:00:00,2.08,194.78
2023-08-05 12:00:00,2.18,191.74
2023-08-05 15:00:00,2.1599998,192.52
2023-08-05 18:00:00,2.19,194.33
2023-08-05 21:00:00,2.2,197.59
2023-08-06 00:00:00,2.18,203.92
2023-08-06 03:00:00,2.1699998,212.76
2023-08-06 06:00:00,2.23,221.52
2023-08-06 09:00:00,2.26,225.44
2023-08-06 12:00:00,2.22,226.25
2023-08-06 15:00:00,2.1699998,229.35
2023-08-06 18:00:00,2.07,233.34
2023-08-06 21:00:00,2.1299999,235.92
2023-08-07 00:00:00,2.25,239.06
2023-08-07 03:00:00,2.29,240.74
2023-08-07 06:00:00,2.19,240.7
2023-08-07 09:00:00,2.1,242.24
2023-08-07 12:00:00,2.03,238.62
2023-08-07 15:00:00,1.9699999,233.68
2023-08-07 18:00:00,1.9,231.95999
2023-08-07 21:00:00,1.8399999,232.92
2023-08-08 00:00:00,1.8,234.66
2023-08-08 03:00:00,1.78,236.62
2023-08-08 06:00:00,1.8199999,236.67
2023-08-08 09:00:00,1.77,235.7
2023-08-08 12:00:00,1.7199999,232.61
2023-08-08 15:00:00,1.73,229.48
2023-08-08 18:00:00,1.7199999,230.31999
2023-08-08 21:00:00,1.6999999,232.79
2023-08-09 00:00:00,1.68,234.29
2023-08-09 03:00:00,1.67,233.79
2023-08-09 06:00:00,1.65,231.77
2023-08-09 09:00:00,1.5999999,231.45
2023-08-09 12:00:00,1.61,227.37
2023-08-09 15:00:00,1.62,223.09
2023-08-09 18:00:00,1.61,219.13
2023-08-09 21:00:00,1.64,215.99
2023-08-10 00:00:00,1.68,215.58
2023-08-10 03:00:00,1.73,216.25
2023-08-10 06:00:00,1.77,217.3
2023-08-10 09:00:00,1.78,217.39
2023-08-10 12:00:00,1.77,214.56
2023-08-10 15:00:00,1.75,214.21
2023-08-10 18:00:00,1.65,213.19
2023-08-10 21:00:00,1.62,214.68
2023-08-11 00:00:00,1.5899999,216.34
2023-08-11 03:00:00,1.5999999,217.35
2023-08-11 06:00:00,1.5999999,218.83
2023-08-11 09:00:00,1.5999999,220.61
2023-08-11 12:00:00,1.66,222.51
2023-08-11 15:00:00,1.67,224.55
2023-08-11 18:00:00,1.7099999,225.24
2023-08-11 21:00:00,1.66,224.49
2023-08-12 00:00:00,1.64,225.87
2023-08-12 03:00:00,1.65,226.2
2023-08-12 06:00:00,1.5799999,224.29
2023-08-12 09:00:00,1.49,226.16
2023-08-12 12:00:00,1.48,224.15
2023-08-12 15:00:00,1.48,225.64
2023-08-12 18:00:00,1.52,224.3
2023-08-12 21:00:00,1.53,225.33
2023-08-13 00:00:00,1.5799999,229.70999
2023-08-13 03:00:00,1.65,233.99
2023-08-13 06:00:00,1.62,235.70999
2023-08-13 09:00:00,1.5999999,236.2
2023-08-13 12:00:00,1.56,235.68
2023-08-13 15:00:00,1.53,234.47
2023-08-13 18:00:00,1.51,233.2
2023-08-13 21:00:00,1.51,232.59
2023-08-14 00:00:00,1.5,233.11
2023-08-14 03:00:00,1.48,235.72
2023-08-14 06:00:00,1.48,236.36
2023-08-14 09:00:00,1.4499999,233.81999
2023-08-14 12:00:00,1.48,229.9
2023-08-14 15:00:00,1.4499999,224.85
2023-08-14 18:00:00,1.4399999,221.01
2023-08-14 21:00:00,1.39,218.63
2023-08-15 00:00:00,1.39,215.17
2023-08-15 03:00:00,1.38,213.37
2023-08-15 06:00:00,1.38,212.34
2023-08-15 09:00:00,1.38,209.99
2023-08-15 12:00:00,1.36,208.1
2023-08-15 15:00:00,1.3199999,207.51
2023-08-15 18:00:00,1.35,206.25
2023-08-15 21:00:00,1.35,205.35
2023-08-16 00:00:00,1.35,204.79
2023-08-16 03:00:00,1.36,205.23
2023-08-16 06:00:00,1.3399999,204.05
2023-08-16 09:00:00,1.3399999,203.74
2023-08-16 12:00:00,1.26,202.9
2023-08-16 15:00:00,1.3199999,200.25
2023-08-16 18:00:00,1.35,198.63
2023-08-16 21:00:00,1.36,198.11
2023-08-17 00:00:00,1.3399999,197.52
2023-08-17 03:00:00,1.4,197.8
2023-08-17 06:00:00,1.43,198.44
2023-08-17 09:00:00,1.4599999,198.71
2023-08-17 12:00:00,1.5,198.54
2023-08-17 15:00:00,1.54,198.2
2023-08-17 18:00:00,1.5999999,197.59
2023-08-17 21:00:00,1.67,196.77
2023-08-18 00:00:00,1.7099999,196.26
2023-08-18 03:00:00,1.75,195.76
2023-08-18 06:00:00,1.77,195.52
2023-08-18 09:00:00,1.76,195.44
2023-08-18 12:00:00,1.8,196.3
2023-08-18 15:00:00,1.77,198.01
2023-08-18 18:00:00,1.7199999,199.65
2023-08-18 21:00:00,1.6999999,199.46
2023-08-19 00:00:00,1.6999999,199.1
2023-08-19 03:00:00,1.7099999,198.68
2023-08-19 06:00:00,1.75,198.22
2023-08-19 09:00:00,1.78,197.37
2023-08-19 12:00:00,1.77,197.16
2023-08-19 15:00:00,1.74,198.81999
2023-08-19 18:00:00,1.67,200.54
2023-08-19 21:00:00,1.62,202.09
2023-08-20 00:00:00,1.5799999,205.03
2023-08-20 03:00:00,1.54,206.58
2023-08-20 06:00:00,1.4699999,206.61
2023-08-20 09:00:00,1.41,206.2
2023-08-20 12:00:00,1.36,204.62
2023-08-20 15:00:00,1.3399999,203.81
2023-08-20 18:00:00,1.3299999,205.29
2023-08-20 21:00:00,1.3299999,208.8
2023-08-21 00:00:00,1.3399999,214.31999
2023-08-21 03:00:00,1.37,221.22
2023-08-21 06:00:00,1.39,226.26
2023-08-21 09:00:00,1.38,227.59
2023-08-21 12:00:00,1.39,227.94
2023-08-21 15:00:00,1.37,224.86
2023-08-21 18:00:00,1.3299999,218.73
2023-08-21 21:00:00,1.3299999,213.23
2023-08-22 00:00:00,1.28,212.12
2023-08-22 03:00:00,1.3399999,211.77
2023-08-22 06:00:00,1.3299999,212.29
2023-08-22 09:00:00,1.3399999,212.44
2023-08-22 12:00:00,1.3399999,210.38
2023-08-22 15:00:00,1.38,207.27
2023-08-22 18:00:00,1.41,204.42
2023-08-22 21:00:00,1.4399999,202.71
2023-08-23 00:00:00,1.5,201.83
2023-08-23 03:00:00,1.51,201.88
2023-08-23 06:00:00,1.49,202.5
2023-08-23 09:00:00,1.53,202.31
2023-08-23 12:00:00,1.55,201.15
2023-08-23 15:00:00,1.5999999,199.97
2023-08-23 18:00:00,1.39,199.02
2023-08-23 21:00:00,1.48,197.96
2023-08-24 00:00:00,1.48,199.63
2023-08-24 03:00:00,1.4599999,201.19
2023-08-24 06:00:00,1.42,201.92
2023-08-24 09:00:00,1.38,201.3
2023-08-24 12:00:00,1.3199999,200.09
2023-08-24 15:00:00,1.3299999,197.66
2023-08-24 18:00:00,1.29,196.48
2023-08-24 21:00:00,1.24,196.22
2023-08-25 00:00:00,1.1999999,196.67
2023-08-25 03:00:00,1.18,197.96
2023-08-25 06:00:00,1.03,199.39
2023-08-25 09:00:00,1.1,197.92
2023-08-25 12:00:00,1.1,197.87
2023-08-25 15:00:00,1.0799999,198.44
2023-08-25 18:00:00,1.04,198.85
2023-08-25 21:00:00,1.06,198.81
2023-08-26 00:00:00,1.05,197.59
2023-08-26 03:00:00,1.04,197.14
2023-08-26 06:00:00,1.01,197.28
2023-08-26 09:00:00,0.96999997,196.98
2023-08-26 12:00:00,0.9,196.13
2023-08-26 15:00:00,0.89,197.0
2023-08-26 18:00:00,0.9,195.35
2023-08-26 21:00:00,0.89,194.42
2023-08-27 00:00:00,0.88,194.18
2023-08-27 03:00:00,0.85999995,194.62
2023-08-27 06:00:00,0.85999995,196.83
2023-08-27 09:00:00,0.87,198.15
2023-08-27 12:00:00,0.9,199.91
2023-08-27 15:00:00,0.90999997,204.43
2023-08-27 18:00:00,0.91999996,208.05
2023-08-27 21:00:00,0.93,211.06999
2023-08-28 00:00:00,0.96,212.43
2023-08-28 03:00:00,1.01,212.06
2023-08-28 06:00:00,1.09,210.81999
2023-08-28 09:00:00,1.15,209.89
2023-08-28 12:00:00,1.2099999,208.83
2023-08-28 15:00:00,1.25,206.53
2023-08-28 18:00:00,1.28,203.62
2023-08-28 21:00:00,1.31,201.79
2023-08-29 00:00:00,1.38,201.2
2023-08-29 03:00:00,1.4499999,201.05
2023-08-29 06:00:00,1.4599999,200.83
2023-08-29 09:00:00,1.53,203.76
2023-08-29 12:00:00,1.67,210.01
2023-08-29 15:00:00,1.8199999,215.3
2023-08-29 18:00:00,2.06,217.69
2023-08-29 21:00:00,1.9799999,216.29
2023-08-30 00:00:00,1.9499999,214.02
2023-08-30 03:00:00,1.92,209.69
2023-08-30 06:00:00,1.8399999,206.84
2023-08-30 09:00:00,1.78,205.17
2023-08-30 12:00:00,1.77,205.54
2023-08-30 15:00:00,1.79,207.27
2023-08-30 18:00:00,1.76,208.11
2023-08-30 21:00:00,1.7199999,207.92
2023-08-31 00:00:00,1.66,207.14
2023-08-31 03:00:00,1.5899999,207.1
2023-08-31 06:00:00,1.5699999,207.65
2023-08-31 09:00:00,1.5699999,207.84
2023-08-31 12:00:00,1.56,207.56999
2023-08-31 15:00:00,1.5899999,206.9
2023-08-31 18:00:00,1.5799999,206.14
2023-08-31 21:00:00,1.5899999,204.76
2023-09-01 00:00:00,1.61,203.45
2023-09-01 03:00:00,1.65,202.53
2023-09-01 06:00:00,1.65,203.62
2023-09-01 09:00:00,1.6999999,203.27
2023-09-01 12:00:00,1.8,202.65
2023-09-01 15:00:00,1.92,202.31999
2023-09-01 18:00:00,1.93,202.37
2023-09-01 21:00:00,1.87,203.38
2023-09-02 00:00:00,1.81,204.99
2023-09-02 03:00:00,1.6999999,209.5
2023-09-02 06:00:00,1.73,211.56
2023-09-02 09:00:00,1.77,212.71
2023-09-02 12:00:00,1.81,213.6
2023-09-02 15:00:00,1.8299999,215.58
2023-09-02 18:00:00,1.73,217.34
2023-09-02 21:00:00,1.6899999,214.47
2023-09-03 00:00:00,1.67,213.61
2023-09-03 03:00:00,1.7099999,213.43
2023-09-03 06:00:00,1.8,212.13
2023-09-03 09:00:00,1.86,209.59
2023-09-03 12:00:00,1.9,208.56
2023-09-03 15:00:00,1.89,209.21
2023-09-03 18:00:00,1.93,214.02
2023-09-03 21:00:00,2.02,220.7
2023-09-04 00:00:00,2.1,226.53
2023-09-04 03:00:00,2.1499999,230.15
2023-09-04 06:00:00,2.08,232.0
2023-09-04 09:00:00,2.05,229.44
2023-09-04 12:00:00,2.02,227.14
2023-09-04 15:00:00,2.01,220.91
2023-09-04 18:00:00,1.9599999,218.88
2023-09-04 21:00:00,1.9799999,219.17
2023-09-05 00:00:00,2.03,221.67
2023-09-05 03:00:00,2.06,222.42
2023-09-05 06:00:00,2.0,221.04
2023-09-05 09:00:00,2.0,219.26
2023-09-05 12:00:00,1.91,217.88
2023-09-05 15:00:00,1.9399999,215.03
2023-09-05 18:00:00,1.9499999,211.38
2023-09-05 21:00:00,1.9599999,208.59
2023-09-06 00:00:00,2.02,208.28
2023-09-06 03:00:00,2.01,210.02
2023-09-06 06:00:00,2.0,209.62
2023-09-06 09:00:00,1.9399999,208.81
2023-09-06 12:00:00,1.8499999,207.81999
2023-09-06 15:00:00,1.79,207.25
2023-09-06 18:00:00,1.89,206.79
2023-09-06 21:00:00,1.8399999,205.09
2023-09-07 00:00:00,1.77,206.84
2023-09-07 03:00:00,1.6999999,209.43
2023-09-07 06:00:00,1.63,209.12
2023-09-07 09:00:00,1.5699999,207.66
2023-09-07 12:00:00,1.55,208.66
2023-09-07 15:00:00,1.5899999,214.24
2023-09-07 18:00:00,1.5899999,218.56
2023-09-07 21:00:00,1.5999999,220.17
2023-09-08 00:00:00,1.5999999,219.15
2023-09-08 03:00:00,1.54,217.43
2023-09-08 06:00:00,1.5,216.41
2023-09-08 09:00:00,1.55,215.42
2023-09-08 12:00:00,1.49,216.2
2023-09-08 15:00:00,1.48,218.06999
2023-09-08 18:00:00,1.49,219.41
2023-09-08 21:00:00,1.4699999,218.14
2023-09-09 00:00:00,1.4499999,216.78
2023-09-09 03:00:00,1.43,216.4
2023-09-09 06:00:00,1.4,215.46
2023-09-09 09:00:00,1.39,213.88
2023-09-09 12:00:00,1.49,213.5
2023-09-09 15:00:00,1.4499999,212.28
2023-09-09 18:00:00,1.38,212.21
2023-09-09 21:00:00,1.3399999,211.53
2023-09-10 00:00:00,1.31,213.02
2023-09-10 03:00:00,1.3399999,217.06999
2023-09-10 06:00:00,1.36,220.89
2023-09-10 09:00:00,1.3299999,222.88
2023-09-10 12:00:00,1.4,216.25
2023-09-10 15:00:00,1.39,213.55
2023-09-10 18:00:00,1.41,217.13
2023-09-10 21:00:00,1.4399999,223.27
2023-09-11 00:00:00,1.4399999,227.4
2023-09-11 03:00:00,1.36,230.09
2023-09-11 06:00:00,1.35,231.18
2023-09-11 09:00:00,1.37,233.69
2023-09-11 12:00:00,1.35,233.56
2023-09-11 15:00:00,1.29,234.66
2023-09-11 18:00:00,1.26,234.83
2023-09-11 21:00:00,1.29,233.9
2023-09-12 00:00:00,1.3399999,234.87
2023-09-12 03:00:00,1.4,236.54
2023-09-12 06:00:00,1.37,236.37
2023-09-12 09:00:00,1.3399999,234.89
2023-09-12 12:00:00,1.3199999,231.66
2023-09-12 15:00:00,1.35,228.35
2023-09-12 18:00:00,1.37,226.48
2023-09-12 21:00:00,1.37,227.26
2023-09-13 00:00:00,1.35,228.31
2023-09-13 03:00:00,1.38,227.02
2023-09-13 06:00:00,1.38,225.52
2023-09-13 09:00:00,1.42,224.65
2023-09-13 12:00:00,1.41,223.59
2023-09-13 15:00:00,1.39,222.89
2023-09-13 18:00:00,1.41,222.03
2023-09-13 21:00:00,1.42,219.95
2023-09-14 00:00:00,1.4499999,216.84
2023-09-14 03:00:00,1.52,213.04
2023-09-14 06:00:00,1.56,210.62
2023-09-14 09:00:00,1.61,208.42
2023-09-14 12:00:00,1.62,205.83
2023-09-14 15:00:00,1.65,203.63
2023-09-14 18:00:00,1.66,201.16
2023-09-14 21:00:00,1.66,199.11
2023-09-15 00:00:00,1.65,197.65
2023-09-15 03:00:00,1.64,196.56
2023-09-15 06:00:00,1.62,195.7
2023-09-15 09:00:00,1.5999999,194.52
2023-09-15 12:00:00,1.56,193.8
2023-09-15 15:00:00,1.62,192.48
2023-09-15 18:00:00,1.5699999,192.15
2023-09-15 21:00:00,1.53,192.37
2023-09-16 00:00:00,1.49,192.09
2023-09-16 03:00:00,1.48,191.78
2023-09-16 06:00:00,1.4599999,192.04
2023-09-16 09:00:00,1.4699999,191.95
2023-09-16 12:00:00,1.4599999,192.37
2023-09-16 15:00:00,1.48,193.09
2023-09-16 18:00:00,1.4699999,193.53
2023-09-16 21:00:00,1.48,193.75
2023-09-17 00:00:00,1.4399999,193.74
2023-09-17 03:00:00,1.4599999,193.32
2023-09-17 06:00:00,1.56,193.52
2023-09-17 09:00:00,1.48,194.16
2023-09-17 12:00:00,1.5,195.91
2023-09-17 15:00:00,1.4499999,197.54
2023-09-17 18:00:00,1.41,198.01
2023-09-17 21:00:00,1.41,198.08
2023-09-18 00:00:00,1.42,197.2
2023-09-18 03:00:00,1.35,199.56999
2023-09-18 06:00:00,1.31,201.63
2023-09-18 09:00:00,1.29,203.08
2023-09-18 12:00:00,1.26,203.1
2023-09-18 15:00:00,1.24,202.21
2023-09-18 18:00:00,1.2099999,201.56999
2023-09-18 21:00:00,1.2099999,200.66
2023-09-19 00:00:00,1.2099999,199.96
2023-09-19 03:00:00,1.22,199.02
2023-09-19 06:00:00,1.24,198.38
2023-09-19 09:00:00,1.24,198.66
2023-09-19 12:00:00,1.25,201.03
2023-09-19 15:00:00,1.3,205.16
2023-09-19 18:00:00,1.7099999,208.38
2023-09-19 21:00:00,1.64,212.69
2023-09-20 00:00:00,1.55,209.81
2023-09-20 03:00:00,1.4399999,206.5
2023-09-20 06:00:00,1.3299999,203.05
2023-09-20 09:00:00,1.4,198.2
2023-09-20 12:00:00,1.39,194.42
2023-09-20 15:00:00,1.42,191.62
2023-09-20 18:00:00,1.43,189.9
2023-09-20 21:00:00,1.4699999,189.58
2023-09-21 00:00:00,1.4399999,189.72
2023-09-21 03:00:00,1.4699999,189.18
2023-09-21 06:00:00,1.4699999,189.15
2023-09-21 09:00:00,1.51,189.57
2023-09-21 12:00:00,1.4599999,191.56
2023-09-21 15:00:00,1.4399999,194.4
2023-09-21 18:00:00,1.4599999,195.92
2023-09-21 21:00:00,1.5,197.99
2023-09-22 00:00:00,1.5799999,199.88
2023-09-22 03:00:00,1.63,201.63
2023-09-22 06:00:00,1.68,202.78
2023-09-22 09:00:00,1.6899999,203.36
2023-09-22 12:00:00,1.7199999,203.24
2023-09-22 15:00:00,1.74,203.6
2023-09-22 18:00:00,1.78,203.45
2023-09-22 21:00:00,1.74,203.12
2023-09-23 00:00:00,1.76,203.34
2023-09-23 03:00:00,1.75,204.15
2023-09-23 06:00:00,1.6999999,205.65
2023-09-23 09:00:00,1.65,205.74
2023-09-23 12:00:00,1.5799999,204.31999
2023-09-23 15:00:00,1.5699999,203.42
2023-09-23 18:00:00,1.55,204.24
2023-09-23 21:00:00,1.64,203.64
2023-09-24 00:00:00,1.54,204.33
2023-09-24 03:00:00,1.48,204.77
2023-09-24 06:00:00,1.49,205.34
2023-09-24 09:00:00,1.4399999,205.48
2023-09-24 12:00:00,1.42,207.74
2023-09-24 15:00:00,1.4599999,209.26
2023-09-24 18:00:00,1.5,214.81
2023-09-24 21:00:00,1.55,222.74
2023-09-25 00:00:00,1.54,228.35
2023-09-25 03:00:00,1.5,230.48
2023-09-25 06:00:00,1.4599999,230.73
2023-09-25 09:00:00,1.4,229.2
2023-09-25 12:00:00,1.43,226.83
2023-09-25 15:00:00,1.4399999,225.3
2023-09-25 18:00:00,1.41,224.6
2023-09-25 21:00:00,1.43,224.58
2023-09-26 00:00:00,1.4399999,225.9
2023-09-26 03:00:00,1.4399999,224.2
2023-09-26 06:00:00,1.4399999,220.64
2023-09-26 09:00:00,1.43,217.11
2023-09-26 12:00:00,1.4499999,214.36
2023-09-26 15:00:00,1.4599999,211.86
2023-09-26 18:00:00,1.4399999,207.45
2023-09-26 21:00:00,1.4499999,205.09
2023-09-27 00:00:00,1.55,205.37
2023-09-27 03:00:00,1.5699999,205.48
2023-09-27 06:00:00,1.4599999,203.49
2023-09-27 09:00:00,1.52,201.31
2023-09-27 12:00:00,1.5,202.42
2023-09-27 15:00:00,1.5,204.96
2023-09-27 18:00:00,1.56,211.1
2023-09-27 21:00:00,1.66,217.69
2023-09-28 00:00:00,1.65,219.56
2023-09-28 03:00:00,1.62,219.28
2023-09-28 06:00:00,1.62,218.13
2023-09-28 09:00:00,1.63,217.68
2023-09-28 12:00:00,1.6899999,217.63
2023-09-28 15:00:00,1.7199999,217.08
2023-09-28 18:00:00,1.75,216.67
2023-09-28 21:00:00,1.76,217.46
2023-09-29 00:00:00,1.74,215.24
2023-09-29 03:00:00,1.7199999,212.49
2023-09-29 06:00:00,1.67,209.79
2023-09-29 09:00:00,1.63,206.29
2023-09-29 12:00:00,1.54,206.47
2023-09-29 15:00:00,1.56,205.77
2023-09-29 18:00:00,1.5899999,205.31
2023-09-29 21:00:00,1.52,205.92
2023-09-30 00:00:00,1.4499999,204.31999
2023-09-30 03:00:00,1.52,203.38
2023-09-30 06:00:00,1.5,202.5
2023-09-30 09:00:00,1.5799999,201.87
2023-09-30 12:00:00,1.56,203.76
2023-09-30 15:00:00,1.49,205.7
2023-09-30 18:00:00,1.48,204.79
2023-09-30 21:00:00,1.52,203.51
2023-10-01 00:00:00,1.5,202.43
2023-10-01 03:00:00,1.54,200.9
2023-10-01 06:00:00,1.53,200.29
2023-10-01 09:00:00,1.61,199.3
2023-10-01 12:00:00,1.67,199.75
2023-10-01 15:00:00,1.65,199.48
2023-10-01 18:00:00,1.5899999,200.93
2023-10-01 21:00:00,1.5,201.94
2023-10-02 00:00:00,1.43,202.78
2023-10-02 03:00:00,1.4,203.81
2023-10-02 06:00:00,1.42,204.55
2023-10-02 09:00:00,1.48,205.99
2023-10-02 12:00:00,1.49,208.2
2023-10-02 15:00:00,1.49,209.62
2023-10-02 18:00:00,1.4499999,209.71
2023-10-02 21:00:00,1.4499999,208.89
2023-10-03 00:00:00,1.42,207.77
2023-10-03 03:00:00,1.39,205.78
2023-10-03 06:00:00,1.37,203.19
2023-10-03 09:00:00,1.4599999,201.35
2023-10-03 12:00:00,1.4399999,199.42
2023-10-03 15:00:00,1.43,199.24
2023-10-03 18:00:00,1.4699999,199.48
2023-10-03 21:00:00,1.53,198.42
2023-10-04 00:00:00,1.49,197.79
2023-10-04 03:00:00,1.4399999,196.78
2023-10-04 06:00:00,1.41,195.09
2023-10-04 09:00:00,1.41,193.19
2023-10-04 12:00:00,1.51,192.39
2023-10-04 15:00:00,1.49,192.7
2023-10-04 18:00:00,1.53,193.09
2023-10-04 21:00:00,1.52,193.15
2023-10-05 00:00:00,1.52,193.91
2023-10-05 03:00:00,1.52,194.76
2023-10-05 06:00:00,1.63,196.16
2023-10-05 09:00:00,1.63,197.15
2023-10-05 12:00:00,1.5999999,196.87
2023-10-05 15:00:00,1.5799999,196.09
2023-10-05 18:00:00,1.52,194.8
2023-10-05 21:00:00,1.5,195.31999
2023-10-06 00:00:00,1.5,196.46
2023-10-06 03:00:00,1.5899999,197.03
2023-10-06 06:00:00,1.5699999,199.51
2023-10-06 09:00:00,1.5799999,200.81
2023-10-06 12:00:00,1.52,201.52
2023-10-06 15:00:00,1.51,200.92
2023-10-06 18:00:00,1.42,200.74
2023-10-06 21:00:00,1.38,200.08
2023-10-07 00:00:00,1.3,195.02
2023-10-07 03:00:00,1.1999999,197.64
2023-10-07 06:00:00,1.1999999,197.41
2023-10-07 09:00:00,1.09,197.98
2023-10-07 12:00:00,1.13,197.74
2023-10-07 15:00:00,1.13,197.93
2023-10-07 18:00:00,1.1,198.16
2023-10-07 21:00:00,1.05,196.85
2023-10-08 00:00:00,1.03,195.2
2023-10-08 03:00:00,1.0,194.49
2023-10-08 06:00:00,0.96999997,193.45
2023-10-08 09:00:00,0.97999996,192.41
2023-10-08 12:00:00,1.0,191.8
2023-10-08 15:00:00,1.03,192.71
2023-10-08 18:00:00,1.03,193.4
2023-10-08 21:00:00,1.05,193.52
2023-10-09 00:00:00,1.1,193.17
2023-10-09 03:00:00,1.09,192.48
2023-10-09 06:00:00,1.09,192.8
2023-10-09 09:00:00,1.13,192.41
2023-10-09 12:00:00,1.12,193.2
2023-10-09 15:00:00,1.13,192.89
2023-10-09 18:00:00,1.09,193.54
2023-10-09 21:00:00,1.0699999,193.04
2023-10-10 00:00:00,0.98999995,192.87
2023-10-10 03:00:00,1.09,192.23
2023-10-10 06:00:00,1.14,192.19
2023-10-10 09:00:00,1.1,192.14
2023-10-10 12:00:00,1.0799999,191.84
2023-10-10 15:00:00,1.09,191.2
2023-10-10 18:00:00,1.12,190.23
2023-10-10 21:00:00,1.12,189.13
2023-10-11 00:00:00,1.15,188.67
2023-10-11 03:00:00,1.16,187.96
2023-10-11 06:00:00,1.17,187.76
2023-10-11 09:00:00,1.2099999,187.96
2023-10-11 12:00:00,1.2099999,188.78
2023-10-11 15:00:00,1.22,188.91
2023-10-11 18:00:00,1.1899999,188.92
2023-10-11 21:00:00,1.15,188.98
2023-10-12 00:00:00,1.1,189.63
2023-10-12 03:00:00,1.0799999,190.02
2023-10-12 06:00:00,1.06,190.19
2023-10-12 09:00:00,1.02,190.69
2023-10-12 12:00:00,1.01,191.63
2023-10-12 15:00:00,1.01,192.87
2023-10-12 18:00:00,1.03,193.76
2023-10-12 21:00:00,1.23,194.45
2023-10-13 00:00:00,1.13,195.76
2023-10-13 03:00:00,1.04,196.58
2023-10-13 06:00:00,1.0,195.13
2023-10-13 09:00:00,1.0,193.9
2023-10-13 12:00:00,1.0,195.74
2023-10-13 15:00:00,1.01,194.3
2023-10-13 18:00:00,1.0,192.56
2023-10-13 21:00:00,1.04,190.84
2023-10-14 00:00:00,1.04,191.56
2023-10-14 03:00:00,1.03,190.17
2023-10-14 06:00:00,0.97999996,191.43
2023-10-14 09:00:00,0.98999995,192.39
2023-10-14 12:00:00,1.03,193.28
2023-10-14 15:00:00,1.11,193.7
2023-10-14 18:00:00,1.1999999,195.02
2023-10-14 21:00:00,1.18,196.91
2023-10-15 00:00:00,1.23,197.46
2023-10-15 03:00:00,1.3199999,197.98
2023-10-15 06:00:00,1.4499999,198.12
2023-10-15 09:00:00,1.54,199.22
2023-10-15 12:00:00,1.5999999,199.4
2023-10-15 15:00:00,1.61,199.78
2023-10-15 18:00:00,1.66,199.46
2023-10-15 21:00:00,1.65,197.76
2023-10-16 00:00:00,1.62,196.49
2023-10-16 03:00:00,1.54,195.98
2023-10-16 06:00:00,1.4499999,195.46
2023-10-16 09:00:00,1.43,194.26
2023-10-16 12:00:00,1.4,193.41
2023-10-16 15:00:00,1.36,192.96
2023-10-16 18:00:00,1.38,192.5
2023-10-16 21:00:00,1.39,191.37
2023-10-17 00:00:00,1.3299999,190.37
2023-10-17 03:00:00,1.24,189.74
2023-10-17 06:00:00,1.1999999,190.14
2023-10-17 09:00:00,1.12,190.21
2023-10-17 12:00:00,1.1999999,190.95
2023-10-17 15:00:00,1.1,190.63
2023-10-17 18:00:00,1.0799999,190.74
2023-10-17 21:00:00,1.03,190.45
2023-10-18 00:00:00,0.97999996,189.8
2023-10-18 03:00:00,0.95,189.2
2023-10-18 06:00:00,0.90999997,189.39
2023-10-18 09:00:00,0.95,190.65
2023-10-18 12:00:00,0.96,192.37
2023-10-18 15:00:00,0.94,194.55
2023-10-18 18:00:00,0.9,195.44
2023-10-18 21:00:00,0.85999995,193.68
2023-10-19 00:00:00,0.83,191.34
2023-10-19 03:00:00,0.79999995,189.37
2023-10-19 06:00:00,0.78,188.19
2023-10-19 09:00:00,0.78,187.75
2023-10-19 12:00:00,0.78,187.63
2023-10-19 15:00:00,0.79999995,187.91
2023-10-19 18:00:00,0.81,188.23
2023-10-19 21:00:00,0.84,189.48
2023-10-20 00:00:00,0.84999996,189.08
2023-10-20 03:00:00,0.93,189.68
2023-10-20 06:00:00,0.9,188.47
2023-10-20 09:00:00,0.91999996,187.38
2023-10-20 12:00:00,0.89,187.21
2023-10-20 15:00:00,0.78999996,185.6
2023-10-20 18:00:00,0.79999995,186.62
2023-10-20 21:00:00,0.83,188.17
2023-10-21 00:00:00,0.81,189.37
2023-10-21 03:00:00,0.81,190.34
2023-10-21 06:00:00,0.78,191.01
2023-10-21 09:00:00,0.77,191.23
2023-10-21 12:00:00,0.76,190.68
2023-10-21 15:00:00,0.77,190.11
2023-10-21 18:00:00,0.76,189.14
2023-10-21 21:00:00,0.76,189.08
2023-10-22 00:00:00,0.75,188.64
2023-10-22 03:00:00,0.74,188.11
2023-10-22 06:00:00,0.69,187.85
2023-10-22 09:00:00,0.69,188.32
2023-10-22 12:00:00,0.72999996,187.99
2023-10-22 15:00:00,0.77,187.25
2023-10-22 18:00:00,0.71999997,186.92
2023-10-22 21:00:00,0.68,186.47
2023-10-23 00:00:00,0.68,186.64
2023-10-23 03:00:00,0.65999997,187.04
2023-10-23 06:00:00,0.65,186.27
2023-10-23 09:00:00,0.63,187.52
2023-10-23 12:00:00,0.63,189.09
2023-10-23 15:00:00,0.65999997,192.79
2023-10-23 18:00:00,0.65999997,195.29
2023-10-23 21:00:00,0.65,195.76
2023-10-24 00:00:00,0.62,194.95
2023-10-24 03:00:00,0.59999996,193.65
2023-10-24 06:00:00,0.59,192.1
2023-10-24 09:00:00,0.56,191.8
2023-10-24 12:00:00,0.56,190.69
2023-10-24 15:00:00,0.58,190.07
2023-10-24 18:00:00,0.62,189.3
2023-10-24 21:00:00,0.65,189.74
2023-10-25 00:00:00,0.65999997,190.02
2023-10-25 03:00:00,0.69,189.75
2023-10-25 06:00:00,0.69,189.58
2023-10-25 09:00:00,0.71,189.17
2023-10-25 12:00:00,0.71,188.94
2023-10-25 15:00:00,0.66999996,188.23
2023-10-25 18:00:00,0.68,188.72
2023-10-25 21:00:00,0.71999997,189.02
2023-10-26 00:00:00,0.69,187.84
2023-10-26 03:00:00,0.74,187.71
2023-10-26 06:00:00,0.74,187.91
2023-10-26 09:00:00,0.72999996,188.71
2023-10-26 12:00:00,0.76,189.53
2023-10-26 15:00:00,0.76,189.98
2023-10-26 18:00:00,0.69,190.25
2023-10-26 21:00:00,0.72999996,189.25
2023-10-27 00:00:00,0.71999997,189.17
2023-10-27 03:00:00,0.71,189.39
2023-10-27 06:00:00,0.71,189.37
2023-10-27 09:00:00,0.71,189.15
2023-10-27 12:00:00,0.71999997,189.42
2023-10-27 15:00:00,0.71999997,189.57
2023-10-27 18:00:00,0.71999997,190.06
2023-10-27 21:00:00,0.71999997,189.89
2023-10-28 00:00:00,0.74,189.76
2023-10-28 03:00:00,0.77,189.59
2023-10-28 06:00:00,0.72999996,189.45
2023-10-28 09:00:00,0.81,188.96
2023-10-28 12:00:00,0.90999997,188.48
2023-10-28 15:00:00,0.95,187.91
2023-10-28 18:00:00,0.96999997,187.81
2023-10-28 21:00:00,0.96999997,187.63
2023-10-29 00:00:00,0.88,187.44
2023-10-29 03:00:00,0.91999996,186.91
2023-10-29 06:00:00,0.93,186.56
2023-10-29 09:00:00,0.96999997,185.73
2023-10-29 12:00:00,0.97999996,185.26
2023-10-29 15:00:00,1.0,185.21
2023-10-29 18:00:00,0.98999995,184.56
2023-10-29 21:00:00,0.98999995,184.49
2023-10-30 00:00:00,0.97999996,183.71
2023-10-30 03:00:00,0.9,183.3
2023-10-30 06:00:00,0.96999997,182.86
2023-10-30 09:00:00,0.96,182.99
2023-10-30 12:00:00,0.98999995,182.14
2023-10-30 15:00:00,0.9,181.51
2023-10-30 18:00:00,0.90999997,180.22
2023-10-30 21:00:00,0.94,179.59
2023-10-31 00:00:00,0.91999996,179.42
2023-10-31 03:00:00,0.90999997,178.77
2023-10-31 06:00:00,0.90999997,178.69
2023-10-31 09:00:00,0.91999996,178.23
2023-10-31 12:00:00,0.91999996,177.77
2023-10-31 15:00:00,0.93,177.55
2023-10-31 18:00:00,0.94,177.55
2023-10-31 21:00:00,0.97999996,177.45
2023-11-01 00:00:00,0.96999997,177.2
2023-11-01 03:00:00,0.95,177.05
2023-11-01 06:00:00,0.88,177.34
2023-11-01 09:00:00,0.90999997,178.89
2023-11-01 12:00:00,0.93,179.8
2023-11-01 15:00:00,0.96,180.53
2023-11-01 18:00:00,0.96,180.78
2023-11-01 21:00:00,0.96,181.81
2023-11-02 00:00:00,0.96,181.91
2023-11-02 03:00:00,1.0,181.06
2023-11-02 06:00:00,0.97999996,180.8
2023-11-02 09:00:00,0.95,180.17
2023-11-02 12:00:00,1.05,180.71
2023-11-02 15:00:00,0.89,180.3
2023-11-02 18:00:00,0.95,180.19
2023-11-02 21:00:00,0.95,178.1
2023-11-03 00:00:00,0.93,177.87
2023-11-03 03:00:00,0.9,177.99
2023-11-03 06:00:00,0.85999995,178.55
2023-11-03 09:00:00,0.87,179.07
2023-11-03 12:00:00,0.83,178.77
2023-11-03 15:00:00,0.82,178.81
2023-11-03 18:00:00,0.78,179.33
2023-11-03 21:00:00,0.78,179.61
2023-11-04 00:00:00,0.77,179.9
2023-11-04 03:00:00,0.72999996,180.68
2023-11-04 06:00:00,0.71,180.26
2023-11-04 09:00:00,0.7,180.16
2023-11-04 12:00:00,0.71999997,180.03
2023-11-04 15:00:00,0.72999996,180.13
2023-11-04 18:00:00,0.71,179.92
2023-11-04 21:00:00,0.74,179.27
2023-11-05 00:00:00,0.7,180.02
2023-11-05 03:00:00,0.68,180.13
2023-11-05 06:00:00,0.69,180.42
2023-11-05 09:00:00,0.74,180.35
2023-11-05 12:00:00,0.74,181.27
2023-11-05 15:00:00,0.75,181.86
2023-11-05 18:00:00,0.76,182.89
2023-11-05 21:00:00,0.74,182.66
2023-11-06 00:00:00,0.75,183.24
2023-11-06 03:00:00,0.76,184.23
2023-11-06 06:00:00,0.76,185.27
2023-11-06 09:00:00,0.78,184.46
2023-11-06 12:00:00,0.81,184.95
2023-11-06 15:00:00,0.83,184.72
2023-11-06 18:00:00,0.97999996,184.77
2023-11-06 21:00:00,0.93,183.85
2023-11-07 00:00:00,0.87,182.79
2023-11-07 03:00:00,0.84999996,183.14
2023-11-07 06:00:00,0.84,183.85
2023-11-07 09:00:00,0.85999995,185.37
2023-11-07 12:00:00,0.85999995,185.42
2023-11-07 15:00:00,0.87,186.38
2023-11-07 18:00:00,0.9,186.27
2023-11-07 21:00:00,0.9,187.09
2023-11-08 00:00:00,0.9,193.19
2023-11-08 03:00:00,0.9,190.13
2023-11-08 06:00:00,0.87,188.91
2023-11-08 09:00:00,0.87,188.78
2023-11-08 12:00:00,0.89,189.33
2023-11-08 15:00:00,0.96,190.43
2023-11-08 18:00:00,0.93,189.86
2023-11-08 21:00:00,0.9,190.41
2023-11-09 00:00:00,0.96999997,192.22
2023-11-09 03:00:00,1.02,191.18
2023-11-09 06:00:00,1.04,190.69
2023-11-09 09:00:00,1.0799999,190.46
2023-11-09 12:00:00,1.16,189.84
2023-11-09 15:00:00,1.05,190.46
2023-11-09 18:00:00,1.09,192.08
2023-11-09 21:00:00,1.0799999,192.0
2023-11-10 00:00:00,1.0699999,192.18
2023-11-10 03:00:00,1.06,192.48
2023-11-10 06:00:00,0.90999997,193.48
2023-11-10 09:00:00,0.94,191.98
2023-11-10 12:00:00,0.93,192.0
2023-11-10 15:00:00,0.91999996,191.65
2023-11-10 18:00:00,0.90999997,192.51
2023-11-10 21:00:00,0.89,192.45
2023-11-11 00:00:00,0.88,191.46
2023-11-11 03:00:00,0.84999996,190.8
2023-11-11 06:00:00,0.83,190.47
2023-11-11 09:00:00,0.82,189.81
2023-11-11 12:00:00,0.79999995,190.65
2023-11-11 15:00:00,0.78,190.48
2023-11-11 18:00:00,0.72999996,191.31
2023-11-11 21:00:00,0.71999997,191.22
2023-11-12 00:00:00,0.72999996,191.95
2023-11-12 03:00:00,0.75,192.36
2023-11-12 06:00:00,0.76,192.54
2023-11-12 09:00:00,0.76,193.59
2023-11-12 12:00:00,0.75,193.23
2023-11-12 15:00:00,0.75,192.24
2023-11-12 18:00:00,0.98999995,192.06
2023-11-12 21:00:00,0.79999995,203.59
2023-11-13 00:00:00,0.74,208.93
2023-11-13 03:00:00,0.71999997,202.05
2023-11-13 06:00:00,0.7,195.09
2023-11-13 09:00:00,0.71,191.91
2023-11-13 12:00:00,0.71999997,189.85
2023-11-13 15:00:00,0.77,191.39
2023-11-13 18:00:00,0.79999995,191.31
2023-11-13 21:00:00,0.85999995,191.91
2023-11-14 00:00:00,0.96,190.63
2023-11-14 03:00:00,0.94,190.19
2023-11-14 06:00:00,0.81,188.29
2023-11-14 09:00:00,1.0,187.06
2023-11-14 12:00:00,1.09,189.61
2023-11-14 15:00:00,1.2099999,201.98
2023-11-14 18:00:00,1.1899999,207.52
2023-11-14 21:00:00,1.13,205.55
2023-11-15 00:00:00,1.1,200.13
2023-11-15 03:00:00,1.09,198.24
2023-11-15 06:00:00,1.12,201.31
2023-11-15 09:00:00,1.15,206.53
2023-11-15 12:00:00,1.17,208.01
2023-11-15 15:00:00,1.11,204.94
2023-11-15 18:00:00,1.0799999,202.3
2023-11-15 21:00:00,1.03,198.96
2023-11-16 00:00:00,0.98999995,196.91
2023-11-16 03:00:00,0.96,195.59
2023-11-16 06:00:00,0.91999996,192.51
2023-11-16 09:00:00,0.87,191.08
2023-11-16 12:00:00,0.87,188.31
2023-11-16 15:00:00,0.84,188.35
2023-11-16 18:00:00,0.84999996,187.23
2023-11-16 21:00:00,0.78999996,187.98
2023-11-17 00:00:00,0.78,187.51
2023-11-17 03:00:00,0.77,187.53
2023-11-17 06:00:00,0.75,187.69
2023-11-17 09:00:00,0.72999996,188.18
2023-11-17 12:00:00,0.7,187.56
2023-11-17 15:00:00,0.68,188.02
2023-11-17 18:00:00,0.65,187.33
2023-11-17 21:00:00,0.63,187.48
2023-11-18 00:00:00,0.63,187.11
2023-11-18 03:00:00,0.62,186.82
2023-11-18 06:00:00,0.59,187.28
2023-11-18 09:00:00,0.53,187.33
2023-11-18 12:00:00,0.53999996,186.77
2023-11-18 15:00:00,0.53,184.61
2023-11-18 18:00:00,0.53,184.36
2023-11-18 21:00:00,0.56,182.47
2023-11-19 00:00:00,0.53999996,182.49
2023-11-19 03:00:00,0.52,181.42
2023-11-19 06:00:00,0.51,182.18
2023-11-19 09:00:00,0.63,181.12
2023-11-19 12:00:00,0.59,184.39
2023-11-19 15:00:00,0.59999996,184.96
2023-11-19 18:00:00,0.59,187.29
2023-11-19 21:00:00,0.59,187.87
2023-11-20 00:00:00,0.59,188.26
2023-11-20 03:00:00,0.59999996,188.06
2023-11-20 06:00:00,0.56,188.25
2023-11-20 09:00:00,0.65,186.8
2023-11-20 12:00:00,0.62,188.71
2023-11-20 15:00:00,0.61,188.87
2023-11-20 18:00:00,0.64,187.48
2023-11-20 21:00:00,0.65,188.18
2023-11-21 00:00:00,0.64,192.57
2023-11-21 03:00:00,0.68,195.43
2023-11-21 06:00:00,0.7,194.85
2023-11-21 09:00:00,0.68,193.45
2023-11-21 12:00:00,0.68,191.79
2023-11-21 15:00:00,0.65,191.24
2023-11-21 18:00:00,0.63,189.63
2023-11-21 21:00:00,0.61,188.99
2023-11-22 00:00:00,0.62,188.32
2023-11-22 03:00:00,0.61,187.5
2023-11-22 06:00:00,0.68,187.11
2023-11-22 09:00:00,0.65999997,189.02
2023-11-22 12:00:00,0.66999996,189.84
2023-11-22 15:00:00,0.65999997,189.61
2023-11-22 18:00:00,0.74,189.17
2023-11-22 21:00:00,0.71,191.0
2023-11-23 00:00:00,0.69,193.57
2023-11-23 03:00:00,0.65999997,195.69
2023-11-23 06:00:00,0.62,196.02
2023-11-23 09:00:00,0.63,195.41
2023-11-23 12:00:00,0.63,193.41
2023-11-23 15:00:00,0.65999997,191.96
2023-11-23 18:00:00,0.66999996,190.06
2023-11-23 21:00:00,0.69,189.36
2023-11-24 00:00:00,0.71,188.05
2023-11-24 03:00:00,0.71999997,185.82
2023-11-24 06:00:00,0.72999996,183.97
2023-11-24 09:00:00,0.69,183.43
2023-11-24 12:00:00,0.7,183.19
2023-11-24 15:00:00,0.68,183.38
2023-11-24 18:00:00,0.65,183.17
2023-11-24 21:00:00,0.63,184.04
2023-11-25 00:00:00,0.62,184.32
2023-11-25 03:00:00,0.61,184.1
2023-11-25 06:00:00,0.59,183.74
2023-11-25 09:00:00,0.58,183.56
2023-11-25 12:00:00,0.58,183.18
2023-11-25 15:00:00,0.57,182.72
2023-11-25 18:00:00,0.57,182.28
2023-11-25 21:00:00,0.57,182.53
2023-11-26 00:00:00,0.58,182.6
2023-11-26 03:00:00,0.58,182.75
2023-11-26 06:00:00,0.58,182.78
2023-11-26 09:00:00,0.57,185.37
2023-11-26 12:00:00,0.57,184.45
2023-11-26 15:00:00,0.57,183.97
2023-11-26 18:00:00,0.59999996,182.49
2023-11-26 21:00:00,0.53999996,183.64
2023-11-27 00:00:00,0.53,185.3
2023-11-27 03:00:00,0.57,185.6
2023-11-27 06:00:00,0.63,188.76
2023-11-27 09:00:00,0.66999996,189.76
2023-11-27 12:00:00,0.7,187.54
2023-11-27 15:00:00,0.77,187.23
2023-11-27 18:00:00,0.9,190.54
2023-11-27 21:00:00,1.01,190.85
2023-11-28 00:00:00,1.03,192.52
2023-11-28 03:00:00,1.13,190.3
2023-11-28 06:00:00,1.0799999,191.26
2023-11-28 09:00:00,1.1,191.98
2023-11-28 12:00:00,1.09,191.17
2023-11-28 15:00:00,1.0799999,190.79
2023-11-28 18:00:00,1.06,189.78
2023-11-28 21:00:00,1.03,189.45
2023-11-29 00:00:00,1.02,188.81
2023-11-29 03:00:00,1.0,188.76
2023-11-29 06:00:00,0.90999997,188.67
2023-11-29 09:00:00,0.87,189.06
2023-11-29 12:00:00,0.84,188.8
2023-11-29 15:00:00,0.85999995,190.83
2023-11-29 18:00:00,0.84999996,191.06
2023-11-29 21:00:00,0.84,191.63
2023-11-30 00:00:00,0.82,191.02
2023-11-30 03:00:00,0.81,189.95
2023-11-30 06:00:00,0.82,191.28
2023-11-30 09:00:00,0.79999995,191.91
2023-11-30 12:00:00,0.79999995,190.39
2023-11-30 15:00:00,0.78,189.97
2023-11-30 18:00:00,0.79999995,190.53
2023-11-30 21:00:00,0.78999996,192.53
2023-12-01 00:00:00,0.78,194.81999
2023-12-01 03:00:00,0.78,197.86
2023-12-01 06:00:00,0.87,212.74
2023-12-01 09:00:00,0.94,227.22
2023-12-01 12:00:00,0.96999997,227.42
2023-12-01 15:00:00,1.01,220.6
2023-12-01 18:00:00,0.96,213.06
2023-12-01 21:00:00,0.93,211.45
2023-12-02 00:00:00,0.93,210.91
2023-12-02 03:00:00,0.93,213.89
2023-12-02 06:00:00,0.93,217.69
2023-12-02 09:00:00,0.90999997,219.04
2023-12-02 12:00:00,0.88,216.03
2023-12-02 15:00:00,0.84999996,211.83
2023-12-02 18:00:00,0.83,208.59
2023-12-02 21:00:00,0.84,206.62
2023-12-03 00:00:00,0.87,205.23
2023-12-03 03:00:00,0.90999997,205.56
2023-12-03 06:00:00,0.90999997,206.9
2023-12-03 09:00:00,0.95,206.79
2023-12-03 12:00:00,0.97999996,206.92
2023-12-03 15:00:00,1.02,208.38
2023-12-03 18:00:00,1.1,210.67
2023-12-03 21:00:00,1.13,212.76
2023-12-04 00:00:00,1.3299999,215.92
2023-12-04 03:00:00,1.37,218.23
2023-12-04 06:00:00,1.39,220.25
2023-12-04 09:00:00,1.3199999,221.47
2023-12-04 12:00:00,1.26,219.17
2023-12-04 15:00:00,1.3,215.73
2023-12-04 18:00:00,1.29,213.42
2023-12-04 21:00:00,1.28,213.83
2023-12-05 00:00:00,1.26,213.99
2023-12-05 03:00:00,1.25,215.18
2023-12-05 06:00:00,1.24,216.63
2023-12-05 09:00:00,1.23,217.66
2023-12-05 12:00:00,1.22,218.23
2023-12-05 15:00:00,1.25,217.17
2023-12-05 18:00:00,1.23,215.13
2023-12-05 21:00:00,1.22,213.36
2023-12-06 00:00:00,1.1899999,212.15
2023-12-06 03:00:00,1.1999999,209.99
2023-12-06 06:00:00,1.2099999,206.71
2023-12-06 09:00:00,1.18,203.03
2023-12-06 12:00:00,1.16,200.51
2023-12-06 15:00:00,1.15,197.38
2023-12-06 18:00:00,1.13,195.85
2023-12-06 21:00:00,1.13,194.25
2023-12-07 00:00:00,1.11,193.63
2023-12-07 03:00:00,1.11,193.47
2023-12-07 06:00:00,1.03,193.45
2023-12-07 09:00:00,1.04,192.69
2023-12-07 12:00:00,1.11,192.69
2023-12-07 15:00:00,1.12,192.67
2023-12-07 18:00:00,1.06,193.25
2023-12-07 21:00:00,1.02,193.53
2023-12-08 00:00:00,0.97999996,194.01
2023-12-08 03:00:00,0.94,194.15
2023-12-08 06:00:00,0.90999997,194.39
2023-12-08 09:00:00,0.9,194.47
2023-12-08 12:00:00,0.9,194.74
2023-12-08 15:00:00,0.89,194.52
2023-12-08 18:00:00,0.97999996,194.5
2023-12-08 21:00:00,1.1,189.45
2023-12-09 00:00:00,1.1999999,188.79
2023-12-09 03:00:00,1.13,193.29
2023-12-09 06:00:00,1.4599999,200.46
2023-12-09 09:00:00,1.23,207.16
2023-12-09 12:00:00,1.18,206.77
2023-12-09 15:00:00,1.12,203.45
2023-12-09 18:00:00,1.02,201.05
2023-12-09 21:00:00,1.0,199.83
2023-12-10 00:00:00,0.94,200.11
2023-12-10 03:00:00,0.9,198.14
2023-12-10 06:00:00,0.84999996,195.59
2023-12-10 09:00:00,0.82,193.39
2023-12-10 12:00:00,0.84,192.1
2023-12-10 15:00:00,0.77,191.75
2023-12-10 18:00:00,0.74,190.47
2023-12-10 21:00:00,0.74,188.51
2023-12-11 00:00:00,0.75,186.92
2023-12-11 03:00:00,0.74,187.09
2023-12-11 06:00:00,0.77,188.29
2023-12-11 09:00:00,0.74,189.08
2023-12-11 12:00:00,0.71,189.02
2023-12-11 15:00:00,0.69,188.57
2023-12-11 18:00:00,0.69,191.06
2023-12-11 21:00:00,0.72999996,197.74
2023-12-12 00:00:00,0.72999996,202.09
2023-12-12 03:00:00,0.71,199.21
2023-12-12 06:00:00,0.69,195.28
2023-12-12 09:00:00,0.71,191.09
2023-12-12 12:00:00,0.72999996,190.18
2023-12-12 15:00:00,0.74,191.39
2023-12-12 18:00:00,0.75,193.15
2023-12-12 21:00:00,0.77,195.66
2023-12-13 00:00:00,0.82,196.66
2023-12-13 03:00:00,0.89,199.18
2023-12-13 06:00:00,0.94,201.41
2023-12-13 09:00:00,0.98999995,201.88
2023-12-13 12:00:00,1.11,202.1
2023-12-13 15:00:00,1.17,202.14
2023-12-13 18:00:00,1.1999999,204.16
2023-12-13 21:00:00,1.26,207.5
2023-12-14 00:00:00,1.3199999,208.56999
2023-12-14 03:00:00,1.3199999,211.23
2023-12-14 06:00:00,1.29,210.04
2023-12-14 09:00:00,1.25,209.61
2023-12-14 12:00:00,1.2099999,205.55
2023-12-14 15:00:00,1.16,205.69
2023-12-14 18:00:00,1.14,204.44
2023-12-14 21:00:00,1.13,204.04
2023-12-15 00:00:00,1.11,202.63
2023-12-15 03:00:00,1.0799999,200.48
2023-12-15 06:00:00,1.09,200.14
2023-12-15 09:00:00,1.11,199.94
2023-12-15 12:00:00,1.1999999,199.67
2023-12-15 15:00:00,1.17,202.29
2023-12-15 18:00:00,1.0799999,205.11
2023-12-15 21:00:00,1.03,208.55
2023-12-16 00:00:00,1.0,211.99
2023-12-16 03:00:00,0.96999997,212.58
2023-12-16 06:00:00,0.97999996,210.49
2023-12-16 09:00:00,1.0,213.56
2023-12-16 12:00:00,1.02,216.02
2023-12-16 15:00:00,1.0,215.05
2023-12-16 18:00:00,0.97999996,214.27
2023-12-16 21:00:00,0.95,213.79
2023-12-17 00:00:00,0.98999995,213.85
2023-12-17 03:00:00,0.94,209.37
2023-12-17 06:00:00,0.87,199.52
2023-12-17 09:00:00,0.88,192.25
2023-12-17 12:00:00,0.83,191.09
2023-12-17 15:00:00,0.76,190.64
2023-12-17 18:00:00,0.7,189.25
2023-12-17 21:00:00,0.69,189.87
2023-12-18 00:00:00,0.68,191.76
2023-12-18 03:00:00,0.68,192.32
2023-12-18 06:00:00,0.69,192.1
2023-12-18 09:00:00,0.69,191.99
2023-12-18 12:00:00,0.7,192.34
2023-12-18 15:00:00,0.78,193.28
2023-12-18 18:00:00,0.71999997,197.63
2023-12-18 21:00:00,0.71,202.33
2023-12-19 00:00:00,0.71,206.27
2023-12-19 03:00:00,0.79999995,208.83
2023-12-19 06:00:00,0.78,207.4
2023-12-19 09:00:00,0.71999997,207.45
2023-12-19 12:00:00,0.71999997,206.31
2023-12-19 15:00:00,0.71,206.89
2023-12-19 18:00:00,0.76,211.06
2023-12-19 21:00:00,0.71999997,231.98
2023-12-20 00:00:00,0.76,257.57
2023-12-20 03:00:00,0.78999996,259.78
2023-12-20 06:00:00,0.78,251.99
2023-12-20 09:00:00,0.75,232.75
2023-12-20 12:00:00,0.72999996,222.26
2023-12-20 15:00:00,0.71999997,215.71
2023-12-20 18:00:00,0.72999996,215.56999
2023-12-20 21:00:00,0.75,216.64
2023-12-21 00:00:00,0.79999995,216.08
2023-12-21 03:00:00,0.84,218.56999
2023-12-21 06:00:00,0.91999996,219.17
2023-12-21 09:00:00,0.82,220.91
2023-12-21 12:00:00,0.75,207.72
2023-12-21 15:00:00,0.72999996,199.65
2023-12-21 18:00:00,0.75,195.97
2023-12-21 21:00:00,0.78,199.6
2023-12-22 00:00:00,0.90999997,203.24
2023-12-22 03:00:00,0.84,207.05
2023-12-22 06:00:00,0.84,202.73
2023-12-22 09:00:00,0.84,202.2
2023-12-22 12:00:00,0.84999996,208.55
2023-12-22 15:00:00,0.91999996,235.88
2023-12-22 18:00:00,0.96999997,256.75
2023-12-22 21:00:00,0.95,250.05
2023-12-23 00:00:00,0.91999996,232.98
2023-12-23 03:00:00,0.90999997,217.74
2023-12-23 06:00:00,0.85999995,205.03
2023-12-23 09:00:00,0.81,200.21
2023-12-23 12:00:00,0.81,196.92
2023-12-23 15:00:00,0.81,203.61
2023-12-23 18:00:00,0.98999995,216.96
2023-12-23 21:00:00,0.90999997,226.06999
2023-12-24 00:00:00,0.85999995,219.31
2023-12-24 03:00:00,0.77,212.25
2023-12-24 06:00:00,0.74,210.08
2023-12-24 09:00:00,0.76,205.59
2023-12-24 12:00:00,0.78,207.86
2023-12-24 15:00:00,0.76,215.5
2023-12-24 18:00:00,0.83,231.77
2023-12-24 21:00:00,0.87,236.93
2023-12-25 00:00:00,0.88,226.06999
2023-12-25 03:00:00,0.84999996,211.85
2023-12-25 06:00:00,0.74,202.77
2023-12-25 09:00:00,0.65,202.89
2023-12-25 12:00:00,0.68,199.95
2023-12-25 15:00:00,0.71999997,199.11
2023-12-25 18:00:00,0.77,200.5
2023-12-25 21:00:00,0.79999995,202.31
2023-12-26 00:00:00,0.82,202.38
2023-12-26 03:00:00,0.83,203.25
2023-12-26 06:00:00,0.84,206.29
2023-12-26 09:00:00,0.84,205.39
2023-12-26 12:00:00,0.85999995,208.66
2023-12-26 15:00:00,0.95,235.14
2023-12-26 18:00:00,0.97999996,269.78
2023-12-26 21:00:00,1.06,261.31
2023-12-27 00:00:00,1.06,245.9
2023-12-27 03:00:00,1.03,235.12
2023-12-27 06:00:00,1.02,233.31
2023-12-27 09:00:00,1.01,237.99
2023-12-27 12:00:00,1.0,239.86
2023-12-27 15:00:00,1.0,242.76
2023-12-27 18:00:00,1.01,242.16
2023-12-27 21:00:00,0.97999996,250.01
2023-12-28 00:00:00,0.97999996,242.34
2023-12-28 03:00:00,0.93,231.09
2023-12-28 06:00:00,0.87,221.83
2023-12-28 09:00:00,0.84,211.38
2023-12-28 12:00:00,0.79999995,204.89
2023-12-28 15:00:00,0.9,198.75
2023-12-28 18:00:00,0.78,199.93
2023-12-28 21:00:00,0.75,197.01
2023-12-29 00:00:00,0.77,197.3
2023-12-29 03:00:00,0.81,197.47
2023-12-29 06:00:00,0.7,197.69
2023-12-29 09:00:00,0.68,199.24
2023-12-29 12:00:00,0.79999995,199.66
2023-12-29 15:00:00,0.77,199.52
2023-12-29 18:00:00,0.72999996,199.92
2023-12-29 21:00:00,0.72999996,201.17
2023-12-30 00:00:00,0.93,201.91
2023-12-30 03:00:00,0.74,215.1
2023-12-30 06:00:00,0.78999996,211.83
2023-12-30 09:00:00,0.78,211.04
2023-12-30 12:00:00,0.74,209.49
2023-12-30 15:00:00,0.71999997,211.44
2023-12-30 18:00:00,0.69,213.52
2023-12-30 21:00:00,0.7,214.72
2023-12-31 00:00:00,0.71999997,216.23
2023-12-31 03:00:00,0.76,215.76
2023-12-31 06:00:00,0.75,219.08
2023-12-31 09:00:00,0.71,216.23
2023-12-31 12:00:00,0.69,211.99
2023-12-31 15:00:00,0.68,205.18
2023-12-31 18:00:00,0.66999996,203.39
2023-12-31 21:00:00,0.68,203.42
2024-01-01 00:00:00,0.7,203.49
2024-01-01 03:00:00,0.71,201.74
2024-01-01 06:00:00,0.71,202.89
2024-01-01 09:00:00,0.71,205.42
2024-01-01 12:00:00,0.71,206.93
2024-01-01 15:00:00,0.71999997,208.23
2024-01-01 18:00:00,0.71,208.55
2024-01-01 21:00:00,0.74,210.58
2024-01-02 00:00:00,0.76,206.75
2024-01-02 03:00:00,0.75,203.95
2024-01-02 06:00:00,0.74,204.94
2024-01-02 09:00:00,0.77,207.61
2024-01-02 12:00:00,0.76,204.93
2024-01-02 15:00:00,0.71,208.12
2024-01-02 18:00:00,0.71,207.61
2024-01-02 21:00:00,0.71,204.77
2024-01-03 00:00:00,0.7,201.56999
2024-01-03 03:00:00,0.69,200.36
2024-01-03 06:00:00,0.76,196.69
2024-01-03 09:00:00,0.76,195.63
2024-01-03 12:00:00,0.72999996,194.45
2024-01-03 15:00:00,0.77,196.31
2024-01-03 18:00:00,0.83,204.22
2024-01-03 21:00:00,0.89,206.55
2024-01-04 00:00:00,0.9,204.31
2024-01-04 03:00:00,0.85999995,200.38
2024-01-04 06:00:00,0.82,197.22
2024-01-04 09:00:00,0.81,194.87
2024-01-04 12:00:00,0.78999996,193.81
2024-01-04 15:00:00,0.79999995,193.15
2024-01-04 18:00:00,0.81,192.97
2024-01-04 21:00:00,0.84999996,193.87
2024-01-05 00:00:00,0.89,194.63
2024-01-05 03:00:00,0.90999997,195.41
2024-01-05 06:00:00,0.90999997,195.51
2024-01-05 09:00:00,0.94,194.43
2024-01-05 12:00:00,0.98999995,194.95
2024-01-05 15:00:00,1.0799999,197.63
2024-01-05 18:00:00,1.27,199.13
2024-01-05 21:00:00,1.26,198.86
2024-01-06 00:00:00,1.26,198.46
2024-01-06 03:00:00,1.29,196.36
2024-01-06 06:00:00,1.36,197.14
2024-01-06 09:00:00,1.3299999,198.3
2024-01-06 12:00:00,1.3399999,201.04
2024-01-06 15:00:00,1.3,200.21
2024-01-06 18:00:00,1.22,198.36
2024-01-06 21:00:00,1.22,197.69
2024-01-07 00:00:00,1.16,196.89
2024-01-07 03:00:00,1.17,196.46
2024-01-07 06:00:00,1.01,195.65
2024-01-07 09:00:00,1.01,195.08
2024-01-07 12:00:00,1.13,194.93
2024-01-07 15:00:00,1.0799999,195.68
2024-01-07 18:00:00,1.0699999,195.26
2024-01-07 21:00:00,1.0699999,195.72
2024-01-08 00:00:00,1.25,196.24
2024-01-08 03:00:00,1.16,197.13
2024-01-08 06:00:00,1.13,196.02
2024-01-08 09:00:00,1.12,195.81
2024-01-08 12:00:00,1.11,194.41
2024-01-08 15:00:00,1.09,194.29
2024-01-08 18:00:00,1.0799999,193.61
2024-01-08 21:00:00,1.09,193.75
2024-01-09 00:00:00,1.09,194.05
2024-01-09 03:00:00,1.0799999,194.45
2024-01-09 06:00:00,1.02,195.09
2024-01-09 09:00:00,0.98999995,194.2
2024-01-09 12:00:00,0.96999997,194.55
2024-01-09 15:00:00,0.96999997,195.33
2024-01-09 18:00:00,1.02,197.02
2024-01-09 21:00:00,1.06,199.22
2024-01-10 00:00:00,1.12,200.59
2024-01-10 03:00:00,1.12,200.56999
2024-01-10 06:00:00,1.1,198.92
2024-01-10 09:00:00,1.11,196.29
2024-01-10 12:00:00,1.0799999,196.37
2024-01-10 15:00:00,1.04,195.77
2024-01-10 18:00:00,1.0,195.52
2024-01-10 21:00:00,0.96,196.17
2024-01-11 00:00:00,0.93,197.18
2024-01-11 03:00:00,0.96999997,197.41
2024-01-11 06:00:00,0.93,199.26
2024-01-11 09:00:00,0.89,199.09
2024-01-11 12:00:00,0.84999996,200.85
2024-01-11 15:00:00,0.82,204.09
2024-01-11 18:00:00,0.85999995,206.29
2024-01-11 21:00:00,0.87,218.61
2024-01-12 00:00:00,1.05,241.1
2024-01-12 03:00:00,1.03,235.24
2024-01-12 06:00:00,1.0,222.7
2024-01-12 09:00:00,0.93,213.01
2024-01-12 12:00:00,0.91999996,208.1
2024-01-12 15:00:00,0.81,211.5
2024-01-12 18:00:00,0.79999995,204.42
2024-01-12 21:00:00,0.84,200.75
2024-01-13 00:00:00,0.82,201.71
2024-01-13 03:00:00,0.77,206.75
2024-01-13 06:00:00,0.81,205.62
2024-01-13 09:00:00,0.84999996,211.31999
2024-01-13 12:00:00,0.89,227.69
2024-01-13 15:00:00,0.96,250.59
2024-01-13 18:00:00,0.94,252.09
2024-01-13 21:00:00,0.89,239.95
2024-01-14 00:00:00,0.83,225.38
2024-01-14 03:00:00,0.77,214.19
2024-01-14 06:00:00,0.71999997,207.33
2024-01-14 09:00:00,0.68,204.2
2024-01-14 12:00:00,0.53999996,203.6
2024-01-14 15:00:00,0.58,201.72
2024-01-14 18:00:00,0.63,206.29
2024-01-14 21:00:00,0.71,220.28
2024-01-15 00:00:00,0.75,227.65
2024-01-15 03:00:00,0.74,227.7
2024-01-15 06:00:00,0.72999996,231.45
2024-01-15 09:00:00,0.75,241.51
2024-01-15 12:00:00,0.74,237.99
2024-01-15 15:00:00,0.7,223.78
2024-01-15 18:00:00,0.65,211.75
2024-01-15 21:00:00,0.59999996,207.97
2024-01-16 00:00:00,0.62,200.94
2024-01-16 03:00:00,0.61,199.39
2024-01-16 06:00:00,0.59999996,199.8
2024-01-16 09:00:00,0.59999996,200.79
2024-01-16 12:00:00,0.61,201.05
2024-01-16 15:00:00,0.63,200.96
2024-01-16 18:00:00,0.61,200.94
2024-01-16 21:00:00,0.59999996,197.36
2024-01-17 00:00:00,0.58,194.7
2024-01-17 03:00:00,0.56,192.62
2024-01-17 06:00:00,0.53,191.15
2024-01-17 09:00:00,0.5,190.15
2024-01-17 12:00:00,0.48,190.26
2024-01-17 15:00:00,0.5,190.5
2024-01-17 18:00:00,0.5,192.23
2024-01-17 21:00:00,0.61,194.24
2024-01-18 00:00:00,0.55,201.41
2024-01-18 03:00:00,0.55,201.14
2024-01-18 06:00:00,0.53999996,198.91
2024-01-18 09:00:00,0.53,195.83
2024-01-18 12:00:00,0.52,193.86
2024-01-18 15:00:00,0.57,192.67
2024-01-18 18:00:00,0.53,193.68
2024-01-18 21:00:00,0.52,196.48
2024-01-19 00:00:00,0.55,196.52
2024-01-19 03:00:00,0.57,199.53
2024-01-19 06:00:00,0.59,200.74
2024-01-19 09:00:00,0.59,199.42
2024-01-19 12:00:00,0.59999996,200.74
2024-01-19 15:00:00,0.63,197.66
2024-01-19 18:00:00,0.68,196.83
2024-01-19 21:00:00,0.66999996,197.75
2024-01-20 00:00:00,0.71,197.58
2024-01-20 03:00:00,0.7,197.06
2024-01-20 06:00:00,0.69,196.72
2024-01-20 09:00:00,0.66999996,195.35
2024-01-20 12:00:00,0.68,193.86
2024-01-20 15:00:00,0.65,195.31
2024-01-20 18:00:00,0.69,199.26
2024-01-20 21:00:00,0.7,202.38
2024-01-21 00:00:00,0.69,202.53
2024-01-21 03:00:00,0.69,198.16
2024-01-21 06:00:00,0.7,194.66
2024-01-21 09:00:00,0.62,193.52
2024-01-21 12:00:00,0.62,191.6
2024-01-21 15:00:00,0.65,190.84
2024-01-21 18:00:00,0.7,193.11
2024-01-21 21:00:00,0.75,197.7
2024-01-22 00:00:00,0.77,199.56
2024-01-22 03:00:00,0.76,196.63
2024-01-22 06:00:00,0.75,193.81999
2024-01-22 09:00:00,0.71999997,190.84
2024-01-22 12:00:00,0.74,189.98
2024-01-22 15:00:00,0.75,191.13
2024-01-22 18:00:00,0.81,198.51
2024-01-22 21:00:00,0.81,200.83
2024-01-23 00:00:00,0.81,200.15
2024-01-23 03:00:00,0.78,199.74
2024-01-23 06:00:00,0.75,198.94
2024-01-23 09:00:00,0.72999996,196.48
2024-01-23 12:00:00,0.75,198.58
2024-01-23 15:00:00,0.79999995,210.85
2024-01-23 18:00:00,0.85999995,222.43
2024-01-23 21:00:00,0.85999995,217.81999
2024-01-24 00:00:00,0.82,210.35
2024-01-24 03:00:00,0.77,204.62
2024-01-24 06:00:00,0.74,200.68
2024-01-24 09:00:00,0.71,197.99
2024-01-24 12:00:00,0.69,196.2
2024-01-24 15:00:00,0.66999996,197.2
2024-01-24 18:00:00,0.66999996,201.23
2024-01-24 21:00:00,0.65,202.01
2024-01-25 00:00:00,0.66999996,195.41
2024-01-25 03:00:00,0.62,197.89
2024-01-25 06:00:00,0.61,197.6
2024-01-25 09:00:00,0.59999996,198.59
2024-01-25 12:00:00,0.58,196.79
2024-01-25 15:00:00,0.59999996,195.02
2024-01-25 18:00:00,0.62,194.8
2024-01-25 21:00:00,0.69,200.87
2024-01-26 00:00:00,0.74,204.06999
2024-01-26 03:00:00,0.68,207.88
2024-01-26 06:00:00,0.65999997,202.7
2024-01-26 09:00:00,0.64,202.65
2024-01-26 12:00:00,0.63,203.75
2024-01-26 15:00:00,0.74,220.17
2024-01-26 18:00:00,0.84999996,236.88
2024-01-26 21:00:00,0.85999995,239.22
2024-01-27 00:00:00,0.78999996,228.33
2024-01-27 03:00:00,0.72999996,215.25
2024-01-27 06:00:00,0.68,204.98
2024-01-27 09:00:00,0.71999997,201.4
2024-01-27 12:00:00,0.75,213.99
2024-01-27 15:00:00,0.87,271.04
2024-01-27 18:00:00,0.94,281.2
2024-01-27 21:00:00,0.96999997,278.35
2024-01-28 00:00:00,0.84999996,269.35
2024-01-28 03:00:00,0.76,229.24
2024-01-28 06:00:00,0.71,206.9
2024-01-28 09:00:00,0.66999996,201.8
2024-01-28 12:00:00,0.68,206.65
2024-01-28 15:00:00,0.75,234.16
2024-01-28 18:00:00,0.82,267.62
2024-01-28 21:00:00,0.83,269.34
2024-01-29 00:00:00,0.90999997,258.22
2024-01-29 03:00:00,0.83,237.6
2024-01-29 06:00:00,0.75,221.41
2024-01-29 09:00:00,0.76,210.42
2024-01-29 12:00:00,0.76,215.3
2024-01-29 15:00:00,0.83,246.81999
2024-01-29 18:00:00,0.87,263.21
2024-01-29 21:00:00,0.89,260.36
2024-01-30 00:00:00,0.84999996,246.33
2024-01-30 03:00:00,0.84,233.81999
2024-01-30 06:00:00,0.84999996,222.37
2024-01-30 09:00:00,0.87,213.69
2024-01-30 12:00:00,0.85999995,215.04
2024-01-30 15:00:00,0.84999996,218.91
2024-01-30 18:00:00,0.88,217.89
2024-01-30 21:00:00,0.9,210.79
2024-01-31 00:00:00,0.91999996,205.75
2024-01-31 03:00:00,0.94,203.33
2024-01-31 06:00:00,0.96,203.31
2024-01-31 09:00:00,0.96999997,203.64
2024-01-31 12:00:00,1.0,203.26
2024-01-31 15:00:00,0.96999997,201.04
2024-01-31 18:00:00,0.97999996,200.13
2024-01-31 21:00:00,0.96999997,199.22
2024-02-01 00:00:00,0.95,198.61
2024-02-01 03:00:00,0.94,198.13
2024-02-01 06:00:00,0.93,197.08
2024-02-01 09:00:00,0.90999997,197.25
2024-02-01 12:00:00,0.87,196.55
2024-02-01 15:00:00,0.84999996,196.91
2024-02-01 18:00:00,0.87,196.25
2024-02-01 21:00:00,0.81,196.31
2024-02-02 00:00:00,0.78,196.96
2024-02-02 03:00:00,0.76,197.66
2024-02-02 06:00:00,0.71999997,198.13
2024-02-02 09:00:00,0.69,197.5
2024-02-02 12:00:00,0.64,197.99
2024-02-02 15:00:00,0.65999997,197.24
2024-02-02 18:00:00,0.63,196.87
2024-02-02 21:00:00,0.62,195.17
2024-02-03 00:00:00,0.61,193.72
2024-02-03 03:00:00,0.7,193.45
2024-02-03 06:00:00,0.59,194.13
2024-02-03 09:00:00,0.56,194.46
2024-02-03 12:00:00,0.55,193.02
2024-02-03 15:00:00,0.55,193.14
2024-02-03 18:00:00,0.55,192.84
2024-02-03 21:00:00,0.59,198.35
2024-02-04 00:00:00,0.62,204.05
2024-02-04 03:00:00,0.62,202.05
2024-02-04 06:00:00,0.59,197.81999
2024-02-04 09:00:00,0.59,195.08
2024-02-04 12:00:00,0.59999996,195.76
2024-02-04 15:00:00,0.68,203.43
2024-02-04 18:00:00,0.77,213.47
2024-02-04 21:00:00,0.82,211.83
2024-02-05 00:00:00,0.85999995,206.55
2024-02-05 03:00:00,0.90999997,201.88
2024-02-05 06:00:00,0.93,199.81999
2024-02-05 09:00:00,0.91999996,196.63
2024-02-05 12:00:00,0.93,196.85
2024-02-05 15:00:00,0.91999996,195.38
2024-02-05 18:00:00,0.90999997,197.91
2024-02-05 21:00:00,0.88,201.06
2024-02-06 00:00:00,0.87,203.71
2024-02-06 03:00:00,0.84999996,207.1
2024-02-06 06:00:00,1.05,208.08
2024-02-06 09:00:00,0.96,205.73
2024-02-06 12:00:00,0.85999995,203.16
2024-02-06 15:00:00,0.84999996,204.64
2024-02-06 18:00:00,0.91999996,219.02
2024-02-06 21:00:00,0.93,233.20999
2024-02-07 00:00:00,0.94,222.15
2024-02-07 03:00:00,0.89,209.53
2024-02-07 06:00:00,0.78999996,203.81
2024-02-07 09:00:00,0.69,202.48
2024-02-07 12:00:00,0.72999996,202.08
2024-02-07 15:00:00,0.71,206.2
2024-02-07 18:00:00,0.78999996,219.61
2024-02-07 21:00:00,0.83,227.06
2024-02-08 00:00:00,0.79999995,224.93
2024-02-08 03:00:00,0.71999997,215.52
2024-02-08 06:00:00,0.68,209.28
2024-02-08 09:00:00,0.65999997,206.44
2024-02-08 12:00:00,0.64,202.75
2024-02-08 15:00:00,0.62,205.67
2024-02-08 18:00:00,0.62,208.5
2024-02-08 21:00:00,0.63,211.93
2024-02-09 00:00:00,0.62,211.5
2024-02-09 03:00:00,0.61,209.77
2024-02-09 06:00:00,0.59999996,207.26
2024-02-09 09:00:00,0.57,205.64
2024-02-09 12:00:00,0.56,202.99
2024-02-09 15:00:00,0.57,201.06999
2024-02-09 18:00:00,0.64,214.9
2024-02-09 21:00:00,0.71999997,237.95999
2024-02-10 00:00:00,0.71999997,242.36
2024-02-10 03:00:00,0.69,231.62
2024-02-10 06:00:00,0.65999997,219.58
2024-02-10 09:00:00,0.64,211.67
2024-02-10 12:00:00,0.64,208.12
2024-02-10 15:00:00,0.64,206.73
2024-02-10 18:00:00,0.62,209.71
2024-02-10 21:00:00,0.66999996,213.76
2024-02-11 00:00:00,0.7,224.98
2024-02-11 03:00:00,0.66999996,226.51
2024-02-11 06:00:00,0.64,215.63
2024-02-11 09:00:00,0.62,213.75
2024-02-11 12:00:00,0.65,218.56
2024-02-11 15:00:00,0.69,233.81
2024-02-11 18:00:00,0.66999996,250.95999
2024-02-11 21:00:00,0.74,280.63
2024-02-12 00:00:00,0.82,289.4
2024-02-12 03:00:00,0.81,291.33
2024-02-12 06:00:00,0.77,277.84
2024-02-12 09:00:00,0.74,265.69
2024-02-12 12:00:00,0.72999996,257.38
2024-02-12 15:00:00,0.71,256.07
2024-02-12 18:00:00,0.75,268.27
2024-02-12 21:00:00,0.82,267.49
2024-02-13 00:00:00,0.87,271.27
2024-02-13 03:00:00,0.87,270.94
2024-02-13 06:00:00,0.84,261.34
2024-02-13 09:00:00,0.77,261.75
2024-02-13 12:00:00,0.71999997,253.03
2024-02-13 15:00:00,0.71999997,263.12
2024-02-13 18:00:00,0.76,267.54
2024-02-13 21:00:00,0.78,268.45
2024-02-14 00:00:00,0.88,260.2
2024-02-14 03:00:00,0.83,270.63
2024-02-14 06:00:00,0.79999995,261.93
2024-02-14 09:00:00,0.71999997,233.05
2024-02-14 12:00:00,0.71,217.45
2024-02-14 15:00:00,0.77,243.98
2024-02-14 18:00:00,0.84999996,268.95
2024-02-14 21:00:00,0.84,265.57
2024-02-15 00:00:00,0.78999996,261.26
2024-02-15 03:00:00,0.72999996,248.20999
2024-02-15 06:00:00,0.7,226.35
2024-02-15 09:00:00,0.68,209.99
2024-02-15 12:00:00,0.7,200.67
2024-02-15 15:00:00,0.71999997,204.18
2024-02-15 18:00:00,0.90999997,217.67
2024-02-15 21:00:00,0.84999996,219.85
2024-02-16 00:00:00,0.82,209.38
2024-02-16 03:00:00,1.03,204.89
2024-02-16 06:00:00,0.84,212.02
2024-02-16 09:00:00,0.78,208.49
2024-02-16 12:00:00,0.78,208.49
2024-02-16 15:00:00,0.87,214.45
2024-02-16 18:00:00,0.84999996,214.06
2024-02-16 21:00:00,0.84,215.38
2024-02-17 00:00:00,0.84,214.66
2024-02-17 03:00:00,0.81,220.2
2024-02-17 06:00:00,0.75,223.0
2024-02-17 09:00:00,0.72999996,207.31
2024-02-17 12:00:00,0.69,198.91
2024-02-17 15:00:00,0.69,199.53
2024-02-17 18:00:00,0.71,210.34
2024-02-17 21:00:00,0.72999996,219.17
2024-02-18 00:00:00,0.71999997,215.66
2024-02-18 03:00:00,0.76,206.09
2024-02-18 06:00:00,0.71999997,200.36
2024-02-18 09:00:00,0.66999996,195.28
2024-02-18 12:00:00,0.61,194.01
2024-02-18 15:00:00,0.63,206.73
2024-02-18 18:00:00,0.68,227.1
2024-02-18 21:00:00,0.7,237.97
2024-02-19 00:00:00,0.68,238.13
2024-02-19 03:00:00,0.64,229.73
2024-02-19 06:00:00,0.59,219.87
2024-02-19 09:00:00,0.56,202.64
2024-02-19 12:00:00,0.53999996,190.61
2024-02-19 15:00:00,0.53999996,184.69
2024-02-19 18:00:00,0.56,180.82
2024-02-19 21:00:00,0.57,183.34
2024-02-20 00:00:00,0.63,186.91
2024-02-20 03:00:00,0.61,197.55
2024-02-20 06:00:00,0.59,198.81
2024-02-20 09:00:00,0.59,195.85
2024-02-20 12:00:00,0.63,193.27
2024-02-20 15:00:00,0.65999997,193.63
2024-02-20 18:00:00,0.69,193.86
2024-02-20 21:00:00,0.72999996,195.92
2024-02-21 00:00:00,0.75,198.03
2024-02-21 03:00:00,0.79999995,198.75
2024-02-21 06:00:00,0.79999995,198.42
2024-02-21 09:00:00,0.79999995,197.66
2024-02-21 12:00:00,0.81,196.37
2024-02-21 15:00:00,0.82,195.87
2024-02-21 18:00:00,0.79999995,195.54
2024-02-21 21:00:00,0.77,194.49
2024-02-22 00:00:00,0.76,193.26
2024-02-22 03:00:00,0.76,192.59
2024-02-22 06:00:00,0.74,192.54
2024-02-22 09:00:00,0.74,191.59
2024-02-22 12:00:00,0.77,191.58
2024-02-22 15:00:00,0.82,191.91
2024-02-22 18:00:00,0.84999996,192.06
2024-02-22 21:00:00,0.84,191.3
2024-02-23 00:00:00,0.81,189.97
2024-02-23 03:00:00,0.82,188.9
2024-02-23 06:00:00,0.81,187.88
2024-02-23 09:00:00,0.82,188.38
2024-02-23 12:00:00,0.83,187.96
2024-02-23 15:00:00,0.85999995,188.54
2024-02-23 18:00:00,0.87,188.31
2024-02-23 21:00:00,0.87,188.16
2024-02-24 00:00:00,0.88,188.34
2024-02-24 03:00:00,0.90999997,188.28
2024-02-24 06:00:00,0.90999997,187.47
2024-02-24 09:00:00,0.94,186.95
2024-02-24 12:00:00,0.95,186.54
2024-02-24 15:00:00,0.96,186.82
2024-02-24 18:00:00,0.84,186.7
2024-02-24 21:00:00,0.82,185.51
2024-02-25 00:00:00,0.82,184.69
2024-02-25 03:00:00,0.83,185.06
2024-02-25 06:00:00,0.82,185.55
2024-02-25 09:00:00,0.76,186.87
2024-02-25 12:00:00,0.72999996,187.05
2024-02-25 15:00:00,0.71999997,187.37
2024-02-25 18:00:00,0.71,186.88
2024-02-25 21:00:00,0.7,187.15
2024-02-26 00:00:00,0.7,190.19
2024-02-26 03:00:00,0.76,194.81
2024-02-26 06:00:00,0.66999996,199.22
2024-02-26 09:00:00,0.63,197.01
2024-02-26 12:00:00,0.62,196.4
2024-02-26 15:00:00,0.71,201.94
2024-02-26 18:00:00,0.79999995,238.38
2024-02-26 21:00:00,0.85999995,263.68
2024-02-27 00:00:00,0.83,265.27
2024-02-27 03:00:00,0.78,250.34999
2024-02-27 06:00:00,0.71999997,238.77
2024-02-27 09:00:00,0.68,212.73
2024-02-27 12:00:00,0.65999997,199.6
2024-02-27 15:00:00,0.7,206.61
2024-02-27 18:00:00,0.78999996,224.19
2024-02-27 21:00:00,0.87,251.06999
2024-02-28 00:00:00,0.90999997,265.16998
2024-02-28 03:00:00,0.84999996,271.45
2024-02-28 06:00:00,0.77,258.38
2024-02-28 09:00:00,0.71999997,242.81999
2024-02-28 12:00:00,0.74,233.42
2024-02-28 15:00:00,0.89,250.17
2024-02-28 18:00:00,1.09,274.09
2024-02-28 21:00:00,1.01,269.88
2024-02-29 00:00:00,0.9,255.43
2024-02-29 03:00:00,0.78999996,232.88
2024-02-29 06:00:00,0.71,210.37
2024-02-29 09:00:00,0.68,199.81
2024-02-29 12:00:00,0.68,193.8
2024-02-29 15:00:00,0.71,192.63
2024-02-29 18:00:00,0.74,192.13
2024-02-29 21:00:00,0.76,194.95
2024-03-01 00:00:00,0.75,196.05
2024-03-01 03:00:00,0.71999997,197.02
2024-03-01 06:00:00,0.77,193.34
2024-03-01 09:00:00,0.75,191.69
2024-03-01 12:00:00,0.72999996,192.87
2024-03-01 15:00:00,0.77,204.92
2024-03-01 18:00:00,0.81,216.15
2024-03-01 21:00:00,0.79999995,215.11
2024-03-02 00:00:00,0.79999995,208.81
2024-03-02 03:00:00,0.71999997,207.2
2024-03-02 06:00:00,0.71,196.55
2024-03-02 09:00:00,0.71,192.26
2024-03-02 12:00:00,0.68,190.0
2024-03-02 15:00:00,0.66999996,189.63
2024-03-02 18:00:00,0.7,185.11
2024-03-02 21:00:00,0.71,183.85
2024-03-03 00:00:00,0.69,183.27
2024-03-03 03:00:00,0.66999996,182.95
2024-03-03 06:00:00,0.65,182.69
2024-03-03 09:00:00,0.62,182.71
2024-03-03 12:00:00,0.64,182.13
2024-03-03 15:00:00,0.64,182.38
2024-03-03 18:00:00,0.65,181.62
2024-03-03 21:00:00,0.63,181.95
2024-03-04 00:00:00,0.59,181.81
2024-03-04 03:00:00,0.61,187.19
2024-03-04 06:00:00,0.61,186.83
2024-03-04 09:00:00,0.63,187.56
2024-03-04 12:00:00,0.65999997,191.41
2024-03-04 15:00:00,0.65999997,194.51
2024-03-04 18:00:00,0.68,191.48
2024-03-04 21:00:00,0.69,190.92
2024-03-05 00:00:00,0.69,190.79
2024-03-05 03:00:00,0.7,190.48
2024-03-05 06:00:00,0.65,190.76
2024-03-05 09:00:00,0.63,191.49
2024-03-05 12:00:00,0.64,193.0
2024-03-05 15:00:00,0.68,192.45
2024-03-05 18:00:00,0.65999997,192.97
2024-03-05 21:00:00,0.66999996,193.93
2024-03-06 00:00:00,0.69,195.05
2024-03-06 03:00:00,0.72999996,196.13
2024-03-06 06:00:00,0.81,197.7
2024-03-06 09:00:00,0.88,196.96
2024-03-06 12:00:00,0.95,198.33
2024-03-06 15:00:00,0.96,198.16
2024-03-06 18:00:00,0.96,199.61
2024-03-06 21:00:00,0.94,198.72
2024-03-07 00:00:00,0.95,198.52
2024-03-07 03:00:00,0.88,200.22
2024-03-07 06:00:00,0.85999995,200.72
2024-03-07 09:00:00,0.84,199.54
2024-03-07 12:00:00,0.88,200.52
2024-03-07 15:00:00,0.84,200.37
2024-03-07 18:00:00,0.82,200.74
2024-03-07 21:00:00,0.82,199.79
2024-03-08 00:00:00,0.82,199.01
2024-03-08 03:00:00,0.83,197.87
2024-03-08 06:00:00,0.82,196.13
2024-03-08 09:00:00,0.84,195.75
2024-03-08 12:00:00,0.72999996,193.7
2024-03-08 15:00:00,0.71999997,194.17
2024-03-08 18:00:00,0.74,192.19
2024-03-08 21:00:00,0.79999995,192.81
2024-03-09 00:00:00,0.83,192.57
2024-03-09 03:00:00,0.84,191.97
2024-03-09 06:00:00,0.83,190.59
2024-03-09 09:00:00,0.81,191.63
2024-03-09 12:00:00,0.77,191.31
2024-03-09 15:00:00,0.79999995,191.59
2024-03-09 18:00:00,0.78,190.99
2024-03-09 21:00:00,0.74,191.67
2024-03-10 00:00:00,0.68,191.53
2024-03-10 03:00:00,0.69,192.14
2024-03-10 06:00:00,0.75,192.14
2024-03-10 09:00:00,0.77,191.43
2024-03-10 12:00:00,0.72999996,191.02
2024-03-10 15:00:00,0.74,191.52
2024-03-10 18:00:00,0.75,190.43
2024-03-10 21:00:00,0.74,189.57
2024-03-11 00:00:00,0.74,189.29
2024-03-11 03:00:00,0.74,189.34
2024-03-11 06:00:00,0.79999995,188.63
2024-03-11 09:00:00,0.75,189.35
2024-03-11 12:00:00,0.78,189.15
2024-03-11 15:00:00,0.78999996,190.04
2024-03-11 18:00:00,0.76,188.4
2024-03-11 21:00:00,0.76,187.18
2024-03-12 00:00:00,0.77,186.2
2024-03-12 03:00:00,0.7,187.09
2024-03-12 06:00:00,0.72999996,187.22
2024-03-12 09:00:00,0.74,186.17
2024-03-12 12:00:00,0.74,186.13
2024-03-12 15:00:00,0.72999996,184.94
2024-03-12 18:00:00,0.75,183.91
2024-03-12 21:00:00,0.77,183.47
2024-03-13 00:00:00,0.78,183.19
2024-03-13 03:00:00,0.76,182.99
2024-03-13 06:00:00,0.75,182.6
2024-03-13 09:00:00,0.72999996,183.18
2024-03-13 12:00:00,0.74,186.23
2024-03-13 15:00:00,0.74,186.91
2024-03-13 18:00:00,0.88,183.74
2024-03-13 21:00:00,0.71999997,183.03
2024-03-14 00:00:00,0.68,180.98
2024-03-14 03:00:00,0.69,179.54
2024-03-14 06:00:00,0.71,177.98
2024-03-14 09:00:00,0.72999996,177.94
2024-03-14 12:00:00,0.74,178.17
2024-03-14 15:00:00,0.75,180.27
2024-03-14 18:00:00,0.74,179.39
2024-03-14 21:00:00,0.71,178.03
2024-03-15 00:00:00,0.71,177.34
2024-03-15 03:00:00,0.71,177.33
2024-03-15 06:00:00,0.62,177.38
2024-03-15 09:00:00,0.65,177.77
2024-03-15 12:00:00,0.64,178.85
2024-03-15 15:00:00,0.66999996,180.44
2024-03-15 18:00:00,0.68,181.72
2024-03-15 21:00:00,0.71,182.44
2024-03-16 00:00:00,0.71999997,182.87
2024-03-16 03:00:00,0.71999997,183.23
2024-03-16 06:00:00,0.69,183.47
2024-03-16 09:00:00,0.69,183.34
2024-03-16 12:00:00,0.72999996,182.95
2024-03-16 15:00:00,0.76,182.88
2024-03-16 18:00:00,0.75,182.84
2024-03-16 21:00:00,0.78,182.88
2024-03-17 00:00:00,0.76,184.01
2024-03-17 03:00:00,0.72999996,185.44
2024-03-17 06:00:00,0.72999996,186.6
2024-03-17 09:00:00,0.7,187.69
2024-03-17 12:00:00,0.71,189.5
2024-03-17 15:00:00,0.74,189.37
2024-03-17 18:00:00,0.79999995,190.64
2024-03-17 21:00:00,0.81,191.95
2024-03-18 00:00:00,0.85999995,193.32
2024-03-18 03:00:00,0.94,194.44
2024-03-18 06:00:00,1.04,194.4
2024-03-18 09:00:00,1.16,195.67
2024-03-18 12:00:00,1.22,194.24
2024-03-18 15:00:00,1.27,195.87
2024-03-18 18:00:00,1.3,194.01
2024-03-18 21:00:00,1.29,193.52
2024-03-19 00:00:00,1.26,193.34
2024-03-19 03:00:00,1.1999999,192.64
2024-03-19 06:00:00,1.13,191.81
2024-03-19 09:00:00,1.06,192.18
2024-03-19 12:00:00,0.97999996,192.35
2024-03-19 15:00:00,0.94,191.48
2024-03-19 18:00:00,0.93,190.24
2024-03-19 21:00:00,0.89,189.52
2024-03-20 00:00:00,0.84999996,189.76
2024-03-20 03:00:00,0.82,190.32
2024-03-20 06:00:00,0.78,191.28
2024-03-20 09:00:00,0.75,191.28
2024-03-20 12:00:00,0.71999997,190.74
2024-03-20 15:00:00,0.71,190.21
2024-03-20 18:00:00,0.7,189.93
2024-03-20 21:00:00,0.71999997,190.62
2024-03-21 00:00:00,0.89,190.59
2024-03-21 03:00:00,0.68,191.48
2024-03-21 06:00:00,0.65999997,191.56
2024-03-21 09:00:00,0.69,192.15
2024-03-21 12:00:00,0.72999996,193.42
2024-03-21 15:00:00,0.78999996,194.41
2024-03-21 18:00:00,0.81,195.11
2024-03-21 21:00:00,0.84,194.87
2024-03-22 00:00:00,0.85999995,194.39
2024-03-22 03:00:00,0.83,194.18
2024-03-22 06:00:00,0.79999995,193.64
2024-03-22 09:00:00,0.78,193.04
2024-03-22 12:00:00,0.77,192.35
2024-03-22 15:00:00,0.77,192.62
2024-03-22 18:00:00,0.78,192.3
2024-03-22 21:00:00,0.79999995,192.07
2024-03-23 00:00:00,0.77,192.32
2024-03-23 03:00:00,0.76,192.06
2024-03-23 06:00:00,0.79999995,192.95
2024-03-23 09:00:00,0.78999996,193.81999
2024-03-23 12:00:00,0.77,193.63
2024-03-23 15:00:00,0.77,192.9
2024-03-23 18:00:00,0.78,192.74
2024-03-23 21:00:00,0.78999996,192.78
2024-03-24 00:00:00,0.90999997,195.52
2024-03-24 03:00:00,0.84999996,193.27
2024-03-24 06:00:00,0.78,192.56
2024-03-24 09:00:00,0.84,192.51
2024-03-24 12:00:00,0.84999996,196.22
2024-03-24 15:00:00,0.87,192.4
2024-03-24 18:00:00,0.85999995,189.85
2024-03-24 21:00:00,0.85999995,187.56
2024-03-25 00:00:00,0.84,185.71
2024-03-25 03:00:00,0.83,184.12
2024-03-25 06:00:00,0.84,182.03
2024-03-25 09:00:00,0.83,180.87
2024-03-25 12:00:00,0.84,180.09
2024-03-25 15:00:00,0.82,180.12
2024-03-25 18:00:00,0.83,179.77
2024-03-25 21:00:00,0.83,179.54
2024-03-26 00:00:00,0.84,179.34
2024-03-26 03:00:00,0.81,179.5
2024-03-26 06:00:00,0.78,180.12
2024-03-26 09:00:00,0.78999996,179.08
2024-03-26 12:00:00,0.84,180.01
2024-03-26 15:00:00,0.87,178.7
2024-03-26 18:00:00,0.75,179.59
2024-03-26 21:00:00,0.84999996,179.36
2024-03-27 00:00:00,0.76,179.95
2024-03-27 03:00:00,0.74,180.49
2024-03-27 06:00:00,0.72999996,180.51
2024-03-27 09:00:00,0.71,181.49
2024-03-27 12:00:00,0.71,182.49
2024-03-27 15:00:00,0.71999997,184.64
2024-03-27 18:00:00,0.78999996,187.08
2024-03-27 21:00:00,0.82,187.69
2024-03-28 00:00:00,0.82,188.58
2024-03-28 03:00:00,0.83,189.15
2024-03-28 06:00:00,0.7,189.84
2024-03-28 09:00:00,0.72999996,189.64
2024-03-28 12:00:00,0.78,189.84
2024-03-28 15:00:00,0.84,191.41
2024-03-28 18:00:00,0.9,192.84
2024-03-28 21:00:00,0.91999996,193.68
2024-03-29 00:00:00,0.94,193.53
2024-03-29 03:00:00,0.93,193.56
2024-03-29 06:00:00,0.91999996,193.56
2024-03-29 09:00:00,0.96,194.02
2024-03-29 12:00:00,0.91999996,194.51
2024-03-29 15:00:00,0.94,195.06
2024-03-29 18:00:00,0.91999996,196.01
2024-03-29 21:00:00,0.90999997,197.31
2024-03-30 00:00:00,0.93,199.94
2024-03-30 03:00:00,0.90999997,199.13
2024-03-30 06:00:00,0.84999996,196.93
2024-03-30 09:00:00,0.87,195.36
2024-03-30 12:00:00,0.9,193.8
2024-03-30 15:00:00,0.95,193.5
2024-03-30 18:00:00,0.96,191.41
2024-03-30 21:00:00,0.97999996,189.83
2024-03-31 00:00:00,1.1999999,189.15
2024-03-31 03:00:00,1.48,189.48
2024-03-31 06:00:00,1.7099999,190.57
2024-03-31 09:00:00,1.87,189.83
2024-03-31 12:00:00,1.9799999,186.63
2024-03-31 15:00:00,1.9399999,187.26
2024-03-31 18:00:00,1.9399999,188.06
2024-03-31 21:00:00,2.05,188.91
2024-04-01 00:00:00,1.87,189.35
2024-04-01 03:00:00,1.78,188.95
2024-04-01 06:00:00,1.6999999,188.93
2024-04-01 09:00:00,1.56,188.55
2024-04-01 12:00:00,1.4699999,189.02
2024-04-01 15:00:00,1.4399999,188.96
2024-04-01 18:00:00,1.4499999,189.28
2024-04-01 21:00:00,1.42,189.05
2024-04-02 00:00:00,1.38,189.0
2024-04-02 03:00:00,1.35,189.01
2024-04-02 06:00:00,1.29,188.81
2024-04-02 09:00:00,1.22,188.41
2024-04-02 12:00:00,1.24,188.25
2024-04-02 15:00:00,1.17,187.78
2024-04-02 18:00:00,1.15,187.46
2024-04-02 21:00:00,1.09,187.19
2024-04-03 00:00:00,1.04,187.08
2024-04-03 03:00:00,1.01,186.95
2024-04-03 06:00:00,1.0,186.63
2024-04-03 09:00:00,0.91999996,186.08
2024-04-03 12:00:00,0.89,185.19
2024-04-03 15:00:00,0.85999995,184.96
2024-04-03 18:00:00,0.83,185.62
2024-04-03 21:00:00,0.81,186.52
2024-04-04 00:00:00,0.81,186.82
2024-04-04 03:00:00,0.82,186.97
2024-04-04 06:00:00,0.82,187.15
2024-04-04 09:00:00,0.82,186.96
2024-04-04 12:00:00,0.88,186.84
2024-04-04 15:00:00,0.90999997,187.47
2024-04-04 18:00:00,0.87,187.35
2024-04-04 21:00:00,0.84,186.68
2024-04-05 00:00:00,0.83,186.65
2024-04-05 03:00:00,0.78999996,188.38
2024-04-05 06:00:00,0.74,188.29
2024-04-05 09:00:00,0.7,188.76
2024-04-05 12:00:00,0.69,188.73
2024-04-05 15:00:00,0.71,190.64
2024-04-05 18:00:00,0.81,191.17
2024-04-05 21:00:00,0.76,191.23
2024-04-06 00:00:00,0.72999996,189.45
2024-04-06 03:00:00,0.71999997,188.63
2024-04-06 06:00:00,0.82,188.03
2024-04-06 09:00:00,0.76,187.99
2024-04-06 12:00:00,0.75,192.39
2024-04-06 15:00:00,0.78999996,192.24
2024-04-06 18:00:00,0.76,192.33
2024-04-06 21:00:00,0.72999996,191.24
2024-04-07 00:00:00,0.71999997,190.61
2024-04-07 03:00:00,0.72999996,189.67
2024-04-07 06:00:00,0.71999997,188.55
2024-04-07 09:00:00,0.7,187.51
2024-04-07 12:00:00,0.71,186.79
2024-04-07 15:00:00,0.74,187.81
2024-04-07 18:00:00,0.71999997,188.56
2024-04-07 21:00:00,0.71999997,189.13
2024-04-08 00:00:00,0.71,188.81
2024-04-08 03:00:00,0.71,188.45
2024-04-08 06:00:00,0.74,187.91
2024-04-08 09:00:00,0.75,187.17
2024-04-08 12:00:00,0.77,186.12
2024-04-08 15:00:00,0.78,185.18
2024-04-08 18:00:00,0.78999996,184.32
2024-04-08 21:00:00,0.75,184.14
2024-04-09 00:00:00,0.74,184.01
2024-04-09 03:00:00,0.74,183.8
2024-04-09 06:00:00,0.74,183.77
2024-04-09 09:00:00,0.74,183.5
2024-04-09 12:00:00,0.72999996,183.63
2024-04-09 15:00:00,0.72999996,183.83
2024-04-09 18:00:00,0.71,183.84
2024-04-09 21:00:00,0.71999997,183.3
2024-04-10 00:00:00,0.7,184.45
2024-04-10 03:00:00,0.69,186.34
2024-04-10 06:00:00,0.7,187.08
2024-04-10 09:00:00,0.71,186.88
2024-04-10 12:00:00,0.71,185.91
2024-04-10 15:00:00,0.71,184.4
2024-04-10 18:00:00,0.7,181.65
2024-04-10 21:00:00,0.71999997,181.88
2024-04-11 00:00:00,0.78999996,183.3
2024-04-11 03:00:00,0.74,184.91
2024-04-11 06:00:00,0.65,184.67
2024-04-11 09:00:00,0.63,184.12
2024-04-11 12:00:00,0.65,182.9
2024-04-11 15:00:00,0.69,182.67
2024-04-11 18:00:00,0.69,184.01
2024-04-11 21:00:00,0.7,185.06
2024-04-12 00:00:00,0.71,187.6
2024-04-12 03:00:00,0.71999997,188.8
2024-04-12 06:00:00,0.71,187.29
2024-04-12 09:00:00,0.7,186.67
2024-04-12 12:00:00,0.79999995,183.51
2024-04-12 15:00:00,0.69,184.42
2024-04-12 18:00:00,0.65999997,183.8
2024-04-12 21:00:00,0.65,183.56
2024-04-13 00:00:00,0.64,183.3
2024-04-13 03:00:00,0.65999997,182.54
2024-04-13 06:00:00,0.65999997,182.12
2024-04-13 09:00:00,0.66999996,181.1
2024-04-13 12:00:00,0.65999997,180.87
2024-04-13 15:00:00,0.66999996,179.99
2024-04-13 18:00:00,0.65,180.34
2024-04-13 21:00:00,0.61,182.58
2024-04-14 00:00:00,0.61,185.21
2024-04-14 03:00:00,0.62,186.36
2024-04-14 06:00:00,0.65,186.74
2024-04-14 09:00:00,0.65999997,186.88
2024-04-14 12:00:00,0.68,186.51
2024-04-14 15:00:00,0.69,186.38
2024-04-14 18:00:00,0.68,186.47
2024-04-14 21:00:00,0.68,186.65
2024-04-15 00:00:00,0.69,187.12
2024-04-15 03:00:00,0.76,189.5
2024-04-15 06:00:00,0.78,190.59
2024-04-15 09:00:00,0.77,191.63
2024-04-15 12:00:00,0.85999995,191.06
2024-04-15 15:00:00,0.83,190.49
2024-04-15 18:00:00,0.78,190.32
2024-04-15 21:00:00,0.75,189.78
2024-04-16 00:00:00,0.74,189.65
2024-04-16 03:00:00,0.82,188.65
2024-04-16 06:00:00,0.78,187.69
2024-04-16 09:00:00,0.75,187.4
2024-04-16 12:00:00,0.72999996,187.77
2024-04-16 15:00:00,0.71999997,188.51
2024-04-16 18:00:00,0.71999997,189.8
2024-04-16 21:00:00,0.75,191.87
2024-04-17 00:00:00,0.78,194.06
2024-04-17 03:00:00,0.82,196.13
2024-04-17 06:00:00,0.83,197.76
2024-04-17 09:00:00,0.87,199.22
2024-04-17 12:00:00,0.94,200.18
2024-04-17 15:00:00,1.0,200.79
2024-04-17 18:00:00,1.0799999,201.6
2024-04-17 21:00:00,1.14,202.19
2024-04-18 00:00:00,1.1999999,202.12
2024-04-18 03:00:00,1.26,201.72
2024-04-18 06:00:00,1.24,200.86
2024-04-18 09:00:00,1.1899999,200.02
2024-04-18 12:00:00,1.2099999,198.81
2024-04-18 15:00:00,1.1999999,198.83
2024-04-18 18:00:00,1.2099999,198.65
2024-04-18 21:00:00,1.23,198.8
2024-04-19 00:00:00,1.23,205.99
2024-04-19 03:00:00,1.27,202.06
2024-04-19 06:00:00,1.26,203.13
2024-04-19 09:00:00,1.23,204.81999
2024-04-19 12:00:00,1.26,206.66
2024-04-19 15:00:00,1.25,208.6
2024-04-19 18:00:00,1.18,210.18
2024-04-19 21:00:00,1.16,210.06
2024-04-20 00:00:00,1.18,210.27
2024-04-20 03:00:00,1.16,210.63
2024-04-20 06:00:00,1.13,210.65
2024-04-20 09:00:00,1.12,211.45
2024-04-20 12:00:00,1.14,212.03
2024-04-20 15:00:00,1.15,213.81999
2024-04-20 18:00:00,1.12,214.55
2024-04-20 21:00:00,1.0799999,215.14
2024-04-21 00:00:00,1.06,214.22
2024-04-21 03:00:00,1.03,213.23
2024-04-21 06:00:00,1.04,210.73
2024-04-21 09:00:00,1.02,209.04
2024-04-21 12:00:00,0.97999996,207.56
2024-04-21 15:00:00,1.03,203.77
2024-04-21 18:00:00,1.03,201.48
2024-04-21 21:00:00,1.12,199.39
2024-04-22 00:00:00,1.15,198.35
2024-04-22 03:00:00,1.23,197.31
2024-04-22 06:00:00,1.28,196.83
2024-04-22 09:00:00,1.3299999,196.27
2024-04-22 12:00:00,1.35,198.37
2024-04-22 15:00:00,1.42,200.13
2024-04-22 18:00:00,1.41,196.29
2024-04-22 21:00:00,1.26,196.53
2024-04-23 00:00:00,1.2099999,196.83
2024-04-23 03:00:00,1.1999999,196.51
2024-04-23 06:00:00,1.1899999,195.76
2024-04-23 09:00:00,1.18,196.22
2024-04-23 12:00:00,1.18,196.06999
2024-04-23 15:00:00,1.1899999,195.3
2024-04-23 18:00:00,1.1899999,193.86
2024-04-23 21:00:00,1.16,192.64
2024-04-24 00:00:00,1.14,191.53
2024-04-24 03:00:00,1.09,190.7
2024-04-24 06:00:00,0.96999997,190.01
2024-04-24 09:00:00,1.01,188.84
2024-04-24 12:00:00,0.98999995,188.26
2024-04-24 15:00:00,0.97999996,187.07
2024-04-24 18:00:00,0.98999995,186.16
2024-04-24 21:00:00,1.02,185.19
2024-04-25 00:00:00,1.03,191.63
2024-04-25 03:00:00,1.09,186.27
2024-04-25 06:00:00,1.0799999,184.45
2024-04-25 09:00:00,1.03,183.5
2024-04-25 12:00:00,0.97999996,182.43
2024-04-25 15:00:00,0.98999995,182.34
2024-04-25 18:00:00,0.95,182.16
2024-04-25 21:00:00,0.94,182.46
2024-04-26 00:00:00,0.93,182.29
2024-04-26 03:00:00,0.85999995,182.69
2024-04-26 06:00:00,0.81,182.55
2024-04-26 09:00:00,0.79999995,182.88
2024-04-26 12:00:00,0.78999996,181.8
2024-04-26 15:00:00,0.78,182.55
2024-04-26 18:00:00,0.78,181.7
2024-04-26 21:00:00,0.72999996,182.27
2024-04-27 00:00:00,0.75,181.99
2024-04-27 03:00:00,0.79999995,180.93
2024-04-27 06:00:00,0.78,180.69
2024-04-27 09:00:00,0.82,179.38
2024-04-27 12:00:00,0.9,179.32
2024-04-27 15:00:00,0.96,178.7
2024-04-27 18:00:00,1.0,180.06
2024-04-27 21:00:00,1.01,180.86
2024-04-28 00:00:00,1.02,181.6
2024-04-28 03:00:00,1.03,182.13
2024-04-28 06:00:00,0.96999997,183.94
2024-04-28 09:00:00,1.0,185.49
2024-04-28 12:00:00,1.04,187.27
2024-04-28 15:00:00,1.13,188.39
2024-04-28 18:00:00,1.17,189.81
2024-04-28 21:00:00,1.26,190.6
2024-04-29 00:00:00,1.3299999,191.34
2024-04-29 03:00:00,1.37,191.87
2024-04-29 06:00:00,1.4,192.13
2024-04-29 09:00:00,1.41,191.17
2024-04-29 12:00:00,1.4599999,190.85
2024-04-29 15:00:00,1.4399999,189.84
2024-04-29 18:00:00,1.4699999,190.06
2024-04-29 21:00:00,1.4599999,189.84
2024-04-30 00:00:00,1.38,189.12
2024-04-30 03:00:00,1.38,188.71
2024-04-30 06:00:00,1.37,189.31
2024-04-30 09:00:00,1.4,188.35
2024-04-30 12:00:00,1.3299999,187.95
2024-04-30 15:00:00,1.25,187.76
2024-04-30 18:00:00,1.17,189.67
2024-04-30 21:00:00,1.14,192.12
2024-05-01 00:00:00,1.09,194.61
2024-05-01 03:00:00,1.05,195.59
2024-05-01 06:00:00,0.98999995,195.5
2024-05-01 09:00:00,0.95,195.89
2024-05-01 12:00:00,0.90999997,195.41
2024-05-01 15:00:00,0.96999997,198.02
2024-05-01 18:00:00,0.93,199.79
2024-05-01 21:00:00,0.89,200.68
2024-05-02 00:00:00,0.85999995,202.04
2024-05-02 03:00:00,0.82,200.52
2024-05-02 06:00:00,0.78999996,199.5
2024-05-02 09:00:00,0.74,201.83
2024-05-02 12:00:00,0.74,204.28
2024-05-02 15:00:00,0.76,206.1
2024-05-02 18:00:00,0.81,207.65
2024-05-02 21:00:00,0.77,211.66
2024-05-03 00:00:00,0.76,209.89
2024-05-03 03:00:00,0.74,207.05
2024-05-03 06:00:00,0.74,205.94
2024-05-03 09:00:00,0.74,205.83
2024-05-03 12:00:00,0.74,205.22
2024-05-03 15:00:00,0.75,203.94
2024-05-03 18:00:00,0.76,202.42
2024-05-03 21:00:00,0.78999996,201.19
2024-05-04 00:00:00,0.82,200.24
2024-05-04 03:00:00,0.87,199.6
2024-05-04 06:00:00,0.91999996,198.52
2024-05-04 09:00:00,0.96,198.01
2024-05-04 12:00:00,1.06,198.21
2024-05-04 15:00:00,1.18,198.2
2024-05-04 18:00:00,1.3399999,198.31
2024-05-04 21:00:00,1.41,197.27
2024-05-05 00:00:00,1.51,196.51
2024-05-05 03:00:00,1.53,197.11
2024-05-05 06:00:00,1.55,197.69
2024-05-05 09:00:00,1.5899999,197.58
2024-05-05 12:00:00,1.62,197.72
2024-05-05 15:00:00,1.74,199.52
2024-05-05 18:00:00,1.8499999,199.62
2024-05-05 21:00:00,1.74,201.06
2024-05-06 00:00:00,1.9699999,202.02
2024-05-06 03:00:00,1.75,203.34
2024-05-06 06:00:00,1.62,203.77
2024-05-06 09:00:00,1.52,203.69
2024-05-06 12:00:00,1.41,203.44
2024-05-06 15:00:00,1.35,202.45
2024-05-06 18:00:00,1.39,201.75
2024-05-06 21:00:00,1.35,201.54
2024-05-07 00:00:00,1.3399999,201.24
2024-05-07 03:00:00,1.28,201.47
2024-05-07 06:00:00,1.24,201.59
2024-05-07 09:00:00,1.1999999,201.53
2024-05-07 12:00:00,1.1899999,201.29
2024-05-07 15:00:00,1.16,201.39
2024-05-07 18:00:00,1.13,202.14
2024-05-07 21:00:00,1.09,202.77
2024-05-08 00:00:00,1.01,208.05
2024-05-08 03:00:00,1.02,204.81
2024-05-08 06:00:00,0.94,203.88
2024-05-08 09:00:00,0.96999997,204.04
2024-05-08 12:00:00,1.0699999,204.92
2024-05-08 15:00:00,1.1,204.44
2024-05-08 18:00:00,1.13,203.02
2024-05-08 21:00:00,1.16,201.44
2024-05-09 00:00:00,1.1999999,199.74
2024-05-09 03:00:00,1.2099999,198.99
2024-05-09 06:00:00,1.23,197.93
2024-05-09 09:00:00,1.25,195.72
2024-05-09 12:00:00,1.27,196.15
2024-05-09 15:00:00,1.31,194.02
2024-05-09 18:00:00,1.3399999,193.74
2024-05-09 21:00:00,1.3399999,193.26
2024-05-10 00:00:00,1.3,192.75
2024-05-10 03:00:00,1.27,192.37
2024-05-10 06:00:00,1.2099999,192.26
2024-05-10 09:00:00,1.1899999,192.78
2024-05-10 12:00:00,1.04,194.25
2024-05-10 15:00:00,1.04,195.21
2024-05-10 18:00:00,1.03,194.95
2024-05-10 21:00:00,1.13,194.73
2024-05-11 00:00:00,1.13,194.64
2024-05-11 03:00:00,1.11,193.56
2024-05-11 06:00:00,1.0,194.08
2024-05-11 09:00:00,0.96999997,193.31
2024-05-11 12:00:00,0.95,193.06
2024-05-11 15:00:00,0.94,192.46
2024-05-11 18:00:00,0.85999995,192.45
2024-05-11 21:00:00,0.81,192.3
2024-05-12 00:00:00,0.77,191.51
2024-05-12 03:00:00,0.74,190.45
2024-05-12 06:00:00,0.72999996,189.77
2024-05-12 09:00:00,0.69,190.89
2024-05-12 12:00:00,0.71,192.12
2024-05-12 15:00:00,0.75,192.3
2024-05-12 18:00:00,0.76,191.67
2024-05-12 21:00:00,0.72999996,190.8
2024-05-13 00:00:00,0.74,189.85
2024-05-13 03:00:00,0.76,189.57
2024-05-13 06:00:00,0.71999997,188.75
2024-05-13 09:00:00,0.7,188.01
2024-05-13 12:00:00,0.69,186.94
2024-05-13 15:00:00,0.68,187.05
2024-05-13 18:00:00,0.68,186.61
2024-05-13 21:00:00,0.69,186.19
2024-05-14 00:00:00,0.71,186.77
2024-05-14 03:00:00,0.74,187.38
2024-05-14 06:00:00,0.74,187.52
2024-05-14 09:00:00,0.77,188.2
2024-05-14 12:00:00,0.79999995,189.93
2024-05-14 15:00:00,0.85999995,191.36
2024-05-14 18:00:00,0.88,193.43
2024-05-14 21:00:00,0.84999996,192.8
2024-05-15 00:00:00,0.95,191.24
2024-05-15 03:00:00,0.89,190.23
2024-05-15 06:00:00,0.85999995,189.25
2024-05-15 09:00:00,0.93,189.26
2024-05-15 12:00:00,1.04,189.78
2024-05-15 15:00:00,0.98999995,191.07
2024-05-15 18:00:00,0.87,192.34
2024-05-15 21:00:00,0.85999995,192.23
2024-05-16 00:00:00,0.94,191.87
2024-05-16 03:00:00,0.91999996,192.81
2024-05-16 06:00:00,0.9,192.0
2024-05-16 09:00:00,0.89,193.02
2024-05-16 12:00:00,0.90999997,192.64
2024-05-16 15:00:00,0.90999997,193.3
2024-05-16 18:00:00,0.91999996,192.47
2024-05-16 21:00:00,0.94,192.02
2024-05-17 00:00:00,0.96,192.01
2024-05-17 03:00:00,0.96999997,192.0
2024-05-17 06:00:00,0.84,192.09
2024-05-17 09:00:00,0.90999997,192.0
2024-05-17 12:00:00,0.95,192.73
2024-05-17 15:00:00,1.0,192.5
2024-05-17 18:00:00,1.02,194.02
2024-05-17 21:00:00,1.1,196.78
2024-05-18 00:00:00,1.13,200.94
2024-05-18 03:00:00,1.12,206.27
2024-05-18 06:00:00,1.3,209.83
2024-05-18 09:00:00,1.55,213.56
2024-05-18 12:00:00,1.6999999,220.31
2024-05-18 15:00:00,1.8399999,224.16
2024-05-18 18:00:00,1.89,226.28
2024-05-18 21:00:00,1.91,229.81
2024-05-19 00:00:00,1.8499999,231.94
2024-05-19 03:00:00,1.8299999,233.34
2024-05-19 06:00:00,1.8499999,234.18
2024-05-19 09:00:00,1.8399999,234.16
2024-05-19 12:00:00,1.8,233.24
2024-05-19 15:00:00,1.74,231.3
2024-05-19 18:00:00,1.8199999,228.95
2024-05-19 21:00:00,1.8499999,227.93
2024-05-20 00:00:00,1.93,228.51
2024-05-20 03:00:00,2.06,230.95
2024-05-20 06:00:00,2.24,234.64
2024-05-20 09:00:00,2.3999999,237.49
2024-05-20 12:00:00,2.52,236.06999
2024-05-20 15:00:00,2.48,234.99
2024-05-20 18:00:00,2.3799999,235.23
2024-05-20 21:00:00,2.32,236.62
2024-05-21 00:00:00,2.47,241.06
2024-05-21 03:00:00,2.47,238.94
2024-05-21 06:00:00,2.47,237.56
2024-05-21 09:00:00,2.3899999,237.34
2024-05-21 12:00:00,2.35,238.26
2024-05-21 15:00:00,2.36,241.3
2024-05-21 18:00:00,2.5,242.31
2024-05-21 21:00:00,2.58,242.52
2024-05-22 00:00:00,2.75,243.42
2024-05-22 03:00:00,2.99,245.56999
2024-05-22 06:00:00,3.09,245.63
2024-05-22 09:00:00,3.11,245.39
2024-05-22 12:00:00,3.26,243.52
2024-05-22 15:00:00,3.22,243.28
2024-05-22 18:00:00,3.23,242.34
2024-05-22 21:00:00,3.25,241.18
2024-05-23 00:00:00,3.21,240.34
2024-05-23 03:00:00,3.1799998,240.36
2024-05-23 06:00:00,3.1299999,240.85
2024-05-23 09:00:00,3.1699998,240.51
2024-05-23 12:00:00,3.04,240.22
2024-05-23 15:00:00,3.06,239.97
2024-05-23 18:00:00,3.02,239.81
2024-05-23 21:00:00,3.01,241.12
2024-05-24 00:00:00,3.05,241.13
2024-05-24 03:00:00,3.06,240.45
2024-05-24 06:00:00,3.02,238.51
2024-05-24 09:00:00,3.05,236.51
2024-05-24 12:00:00,3.09,235.81
2024-05-24 15:00:00,3.1599998,237.55
2024-05-24 18:00:00,3.1899998,240.33
2024-05-24 21:00:00,3.1399999,241.81999
2024-05-25 00:00:00,3.04,242.20999
2024-05-25 03:00:00,2.99,242.22
2024-05-25 06:00:00,3.0,240.78
2024-05-25 09:00:00,2.9099998,239.24
2024-05-25 12:00:00,2.77,239.93
2024-05-25 15:00:00,2.7,239.51
2024-05-25 18:00:00,2.6799998,236.31999
2024-05-25 21:00:00,2.55,232.14
2024-05-26 00:00:00,2.5,229.14
2024-05-26 03:00:00,2.4199998,228.11
2024-05-26 06:00:00,2.34,227.95999
2024-05-26 09:00:00,2.29,227.9
2024-05-26 12:00:00,2.1399999,228.89
2024-05-26 15:00:00,2.12,230.36
2024-05-26 18:00:00,2.1399999,230.27
2024-05-26 21:00:00,2.1299999,228.15
2024-05-27 00:00:00,2.09,224.13
2024-05-27 03:00:00,2.07,222.11
2024-05-27 06:00:00,2.02,221.04
2024-05-27 09:00:00,2.07,219.94
2024-05-27 12:00:00,2.1499999,219.5
2024-05-27 15:00:00,2.1399999,220.22
2024-05-27 18:00:00,2.12,220.8
2024-05-27 21:00:00,2.1499999,218.69
2024-05-28 00:00:00,2.24,219.05
2024-05-28 03:00:00,2.31,223.04
2024-05-28 06:00:00,2.3999999,229.15
2024-05-28 09:00:00,2.48,235.06999
2024-05-28 12:00:00,2.4299998,241.62
2024-05-28 15:00:00,2.35,240.55
2024-05-28 18:00:00,2.31,240.17
2024-05-28 21:00:00,2.36,236.84
2024-05-29 00:00:00,2.45,238.01
2024-05-29 03:00:00,2.48,240.51
2024-05-29 06:00:00,2.51,243.91
2024-05-29 09:00:00,2.56,246.13
2024-05-29 12:00:00,2.6299999,247.14
2024-05-29 15:00:00,2.6299999,248.45
2024-05-29 18:00:00,2.86,249.56999
2024-05-29 21:00:00,2.84,248.69
2024-05-30 00:00:00,2.8,249.24
2024-05-30 03:00:00,2.8,253.66
2024-05-30 06:00:00,2.69,258.87
2024-05-30 09:00:00,2.81,260.97
2024-05-30 12:00:00,2.79,262.91998
2024-05-30 15:00:00,2.76,264.28
2024-05-30 18:00:00,2.78,265.38
2024-05-30 21:00:00,2.77,266.19
2024-05-31 00:00:00,2.72,266.33
2024-05-31 03:00:00,2.6499999,266.43
2024-05-31 06:00:00,2.4199998,266.21
2024-05-31 09:00:00,2.31,264.31
2024-05-31 12:00:00,2.19,262.84
2024-05-31 15:00:00,2.08,261.77
2024-05-31 18:00:00,2.01,259.94
2024-05-31 21:00:00,1.92,258.85
2024-06-01 00:00:00,1.87,255.66
2024-06-01 03:00:00,1.81,252.61
2024-06-01 06:00:00,1.75,252.16
2024-06-01 09:00:00,1.73,251.84999
2024-06-01 12:00:00,1.7199999,250.87
2024-06-01 15:00:00,1.77,246.4
2024-06-01 18:00:00,1.73,245.02
2024-06-01 21:00:00,1.7199999,243.62
2024-06-02 00:00:00,1.76,240.8
2024-06-02 03:00:00,1.8399999,237.44
2024-06-02 06:00:00,1.88,234.7
2024-06-02 09:00:00,1.9,232.29
2024-06-02 12:00:00,1.86,230.56
2024-06-02 15:00:00,1.8299999,227.13
2024-06-02 18:00:00,1.88,221.87
2024-06-02 21:00:00,1.91,215.02
2024-06-03 00:00:00,1.86,214.23
2024-06-03 03:00:00,1.9399999,210.97
2024-06-03 06:00:00,1.9,208.56
2024-06-03 09:00:00,1.8299999,207.95
2024-06-03 12:00:00,1.91,209.89
2024-06-03 15:00:00,1.88,208.54
2024-06-03 18:00:00,1.73,208.41
2024-06-03 21:00:00,1.66,207.01
2024-06-04 00:00:00,1.55,206.06
2024-06-04 03:00:00,1.5899999,204.5
2024-06-04 06:00:00,1.53,205.03
2024-06-04 09:00:00,1.51,204.43
2024-06-04 12:00:00,1.49,204.27
2024-06-04 15:00:00,1.52,202.18
2024-06-04 18:00:00,1.4399999,201.22
2024-06-04 21:00:00,1.51,198.94
2024-06-05 00:00:00,1.5699999,198.09
2024-06-05 03:00:00,1.62,198.1
2024-06-05 06:00:00,1.67,197.85
2024-06-05 09:00:00,1.7099999,196.96
2024-06-05 12:00:00,1.6999999,195.39
2024-06-05 15:00:00,1.6899999,193.92
2024-06-05 18:00:00,1.64,192.95
2024-06-05 21:00:00,1.5999999,192.48
2024-06-06 00:00:00,1.5799999,192.1
2024-06-06 03:00:00,1.5899999,192.26
2024-06-06 06:00:00,1.53,192.97
2024-06-06 09:00:00,1.5,193.13
2024-06-06 12:00:00,1.48,193.39
2024-06-06 15:00:00,1.4599999,193.56
2024-06-06 18:00:00,1.49,194.06999
2024-06-06 21:00:00,1.4,194.78
2024-06-07 00:00:00,1.4599999,195.4
2024-06-07 03:00:00,1.5,195.56999
2024-06-07 06:00:00,1.56,196.2
2024-06-07 09:00:00,1.63,197.36
2024-06-07 12:00:00,1.67,198.01
2024-06-07 15:00:00,1.73,199.06999
2024-06-07 18:00:00,1.77,199.64
2024-06-07 21:00:00,1.8299999,200.31
2024-06-08 00:00:00,1.9,200.61
2024-06-08 03:00:00,1.86,201.21
2024-06-08 06:00:00,1.81,201.45
2024-06-08 09:00:00,1.77,203.15
2024-06-08 12:00:00,1.73,204.19
2024-06-08 15:00:00,1.76,203.9
2024-06-08 18:00:00,1.73,205.06999
2024-06-08 21:00:00,1.6999999,206.34
2024-06-09 00:00:00,1.7099999,207.33
2024-06-09 03:00:00,1.55,208.72
2024-06-09 06:00:00,1.65,208.73
2024-06-09 09:00:00,1.68,210.13
2024-06-09 12:00:00,1.6999999,211.95
2024-06-09 15:00:00,1.6899999,215.33
2024-06-09 18:00:00,1.74,215.37
2024-06-09 21:00:00,1.75,213.52
2024-06-10 00:00:00,1.7199999,213.63
2024-06-10 03:00:00,1.7099999,212.91
2024-06-10 06:00:00,1.68,212.06
2024-06-10 09:00:00,1.67,211.69
2024-06-10 12:00:00,1.66,209.17
2024-06-10 15:00:00,1.6899999,212.81999
2024-06-10 18:00:00,1.73,212.6
2024-06-10 21:00:00,1.78,213.45
2024-06-11 00:00:00,1.8199999,214.08
2024-06-11 03:00:00,1.86,214.34
2024-06-11 06:00:00,1.88,213.93
2024-06-11 09:00:00,1.9,212.31999
2024-06-11 12:00:00,1.88,210.16
2024-06-11 15:00:00,1.87,209.88
2024-06-11 18:00:00,1.74,207.88
2024-06-11 21:00:00,1.8299999,204.06
2024-06-12 00:00:00,1.8399999,202.86
2024-06-12 03:00:00,1.88,205.05
2024-06-12 06:00:00,1.89,209.01
2024-06-12 09:00:00,2.11,210.91
2024-06-12 12:00:00,1.88,213.81999
2024-06-12 15:00:00,1.77,214.15
2024-06-12 18:00:00,1.73,212.35
2024-06-12 21:00:00,1.74,210.88
2024-06-13 00:00:00,1.76,211.12
2024-06-13 03:00:00,1.77,212.43
2024-06-13 06:00:00,1.65,214.12
2024-06-13 09:00:00,1.66,213.28
2024-06-13 12:00:00,1.63,213.22
2024-06-13 15:00:00,1.62,213.71
2024-06-13 18:00:00,1.62,215.4
2024-06-13 21:00:00,1.62,216.29
2024-06-14 00:00:00,1.62,218.7
2024-06-14 03:00:00,1.66,221.6
2024-06-14 06:00:00,1.64,223.51
2024-06-14 09:00:00,1.5999999,223.95
2024-06-14 12:00:00,1.5899999,222.47
2024-06-14 15:00:00,1.74,223.55
2024-06-14 18:00:00,1.6899999,225.69
2024-06-14 21:00:00,1.6899999,225.77
2024-06-15 00:00:00,1.6999999,225.0
2024-06-15 03:00:00,1.74,224.27
2024-06-15 06:00:00,1.79,224.31999
2024-06-15 09:00:00,1.8299999,224.6
2024-06-15 12:00:00,1.86,224.72
2024-06-15 15:00:00,1.87,224.76
2024-06-15 18:00:00,1.89,223.8
2024-06-15 21:00:00,1.9,223.06
2024-06-16 00:00:00,1.9799999,221.63
2024-06-16 03:00:00,1.89,222.04
2024-06-16 06:00:00,1.8399999,220.01
2024-06-16 09:00:00,1.8299999,217.98
2024-06-16 12:00:00,1.79,216.22
2024-06-16 15:00:00,1.76,213.12
2024-06-16 18:00:00,1.7099999,211.34
2024-06-16 21:00:00,1.6899999,211.31999
2024-06-17 00:00:00,1.67,211.8
2024-06-17 03:00:00,1.66,212.61
2024-06-17 06:00:00,1.48,212.16
2024-06-17 09:00:00,1.66,209.23
2024-06-17 12:00:00,1.67,212.8
2024-06-17 15:00:00,1.67,213.52
2024-06-17 18:00:00,1.66,215.8
2024-06-17 21:00:00,1.67,216.79
2024-06-18 00:00:00,1.68,217.33
2024-06-18 03:00:00,1.68,216.78
2024-06-18 06:00:00,1.6999999,215.86
2024-06-18 09:00:00,1.7099999,216.42
2024-06-18 12:00:00,1.7099999,217.73
2024-06-18 15:00:00,1.7099999,219.24
2024-06-18 18:00:00,1.6899999,219.84
2024-06-18 21:00:00,1.7199999,219.12
2024-06-19 00:00:00,1.75,219.09
2024-06-19 03:00:00,1.67,220.2
2024-06-19 06:00:00,1.6999999,220.87
2024-06-19 09:00:00,1.68,221.01
2024-06-19 12:00:00,1.66,221.02
2024-06-19 15:00:00,1.62,220.94
2024-06-19 18:00:00,1.55,222.91
2024-06-19 21:00:00,1.61,224.62
2024-06-20 00:00:00,1.63,225.75
2024-06-20 03:00:00,1.65,226.85
2024-06-20 06:00:00,1.6899999,226.61
2024-06-20 09:00:00,1.7099999,226.85
2024-06-20 12:00:00,1.7199999,228.25
2024-06-20 15:00:00,1.7199999,228.76
2024-06-20 18:00:00,1.6999999,228.13
2024-06-20 21:00:00,1.67,227.66
2024-06-21 00:00:00,1.67,229.28
2024-06-21 03:00:00,1.6899999,230.81
2024-06-21 06:00:00,1.6899999,233.68
2024-06-21 09:00:00,1.67,239.34
2024-06-21 12:00:00,1.6899999,245.22
2024-06-21 15:00:00,1.7199999,248.59
2024-06-21 18:00:00,1.8199999,248.83
2024-06-21 21:00:00,1.89,249.37
2024-06-22 00:00:00,1.9699999,250.44
2024-06-22 03:00:00,1.9799999,251.62
2024-06-22 06:00:00,1.99,253.23
2024-06-22 09:00:00,2.03,253.41
2024-06-22 12:00:00,2.1,254.37
2024-06-22 15:00:00,2.22,254.42
2024-06-22 18:00:00,2.37,255.52
2024-06-22 21:00:00,2.4299998,256.74
2024-06-23 00:00:00,2.44,259.03
2024-06-23 03:00:00,2.4099998,262.01
2024-06-23 06:00:00,2.3799999,260.13
2024-06-23 09:00:00,2.31,258.0
2024-06-23 12:00:00,2.26,257.28
2024-06-23 15:00:00,2.1699998,257.36
2024-06-23 18:00:00,2.1499999,259.16
2024-06-23 21:00:00,2.2,260.66
2024-06-24 00:00:00,2.32,262.09
2024-06-24 03:00:00,2.29,259.35
2024-06-24 06:00:00,2.23,257.35
2024-06-24 09:00:00,2.1699998,258.07
2024-06-24 12:00:00,2.12,259.07
2024-06-24 15:00:00,1.87,260.38
2024-06-24 18:00:00,2.05,257.99
2024-06-24 21:00:00,2.25,259.76
2024-06-25 00:00:00,2.29,260.66
2024-06-25 03:00:00,2.29,260.44
2024-06-25 06:00:00,2.35,260.13998
2024-06-25 09:00:00,2.29,257.16
2024-06-25 12:00:00,2.22,253.92
2024-06-25 15:00:00,2.1599998,252.99
2024-06-25 18:00:00,2.1299999,254.41
2024-06-25 21:00:00,2.1399999,257.79
2024-06-26 00:00:00,2.1399999,261.44
2024-06-26 03:00:00,2.19,264.35
2024-06-26 06:00:00,2.25,266.95
2024-06-26 09:00:00,2.33,268.55
2024-06-26 12:00:00,2.51,267.86
2024-06-26 15:00:00,2.5,266.88
2024-06-26 18:00:00,2.47,265.62
2024-06-26 21:00:00,2.3799999,264.06
2024-06-27 00:00:00,2.31,263.4
2024-06-27 03:00:00,2.27,263.72
2024-06-27 06:00:00,2.32,263.73
2024-06-27 09:00:00,2.3,260.2
2024-06-27 12:00:00,2.24,259.66
2024-06-27 15:00:00,2.1599998,258.74
2024-06-27 18:00:00,2.1,258.13998
2024-06-27 21:00:00,2.09,257.63998
2024-06-28 00:00:00,2.09,256.66
2024-06-28 03:00:00,2.07,255.24
2024-06-28 06:00:00,2.02,255.16
2024-06-28 09:00:00,2.0,254.14
2024-06-28 12:00:00,1.9799999,253.98
2024-06-28 15:00:00,1.9599999,252.27
2024-06-28 18:00:00,1.65,250.55
2024-06-28 21:00:00,1.8499999,243.95
2024-06-29 00:00:00,1.79,241.49
2024-06-29 03:00:00,1.8199999,236.85
2024-06-29 06:00:00,1.79,238.81999
2024-06-29 09:00:00,1.78,240.83
2024-06-29 12:00:00,1.8499999,240.17
2024-06-29 15:00:00,1.8199999,233.81
2024-06-29 18:00:00,1.73,232.6
2024-06-29 21:00:00,1.75,233.11
2024-06-30 00:00:00,1.75,233.53
2024-06-30 03:00:00,1.73,235.5
2024-06-30 06:00:00,1.6999999,236.66
2024-06-30 09:00:00,1.68,237.11
2024-06-30 12:00:00,1.64,236.95999
2024-06-30 15:00:00,1.6899999,236.36
2024-06-30 18:00:00,1.6999999,239.04
2024-06-30 21:00:00,1.7099999,242.35
2024-07-01 00:00:00,1.7199999,242.88
2024-07-01 03:00:00,1.73,243.9
2024-07-01 06:00:00,1.66,245.26
2024-07-01 09:00:00,1.7199999,244.3
2024-07-01 12:00:00,1.7099999,245.69
2024-07-01 15:00:00,1.6999999,245.39
2024-07-01 18:00:00,1.6999999,245.38
2024-07-01 21:00:00,1.7099999,244.03
2024-07-02 00:00:00,1.7199999,243.08
2024-07-02 03:00:00,1.7199999,243.73
2024-07-02 06:00:00,1.74,246.25
2024-07-02 09:00:00,1.73,246.4
2024-07-02 12:00:00,1.6999999,245.02
2024-07-02 15:00:00,1.6899999,242.92
2024-07-02 18:00:00,1.66,240.45
2024-07-02 21:00:00,1.66,239.03
2024-07-03 00:00:00,1.66,237.49
2024-07-03 03:00:00,1.66,236.73
2024-07-03 06:00:00,1.56,235.38
2024-07-03 09:00:00,1.5999999,232.25
2024-07-03 12:00:00,1.4399999,229.81
2024-07-03 15:00:00,1.4599999,225.49
2024-07-03 18:00:00,1.56,224.95999
2024-07-03 21:00:00,1.6899999,222.13
2024-07-04 00:00:00,1.6899999,221.75
2024-07-04 03:00:00,1.87,218.29
2024-07-04 06:00:00,1.9699999,218.65
2024-07-04 09:00:00,2.02,216.84
2024-07-04 12:00:00,1.99,213.94
2024-07-04 15:00:00,2.02,210.93
2024-07-04 18:00:00,2.01,208.99
2024-07-04 21:00:00,1.9699999,208.63
2024-07-05 00:00:00,2.01,208.47
2024-07-05 03:00:00,1.99,210.51
2024-07-05 06:00:00,1.9599999,212.52
2024-07-05 09:00:00,1.9499999,217.58
2024-07-05 12:00:00,1.9399999,221.81
2024-07-05 15:00:00,1.9599999,223.52
2024-07-05 18:00:00,1.99,223.91
2024-07-05 21:00:00,2.0,224.9
2024-07-06 00:00:00,2.01,225.14
2024-07-06 03:00:00,1.9799999,227.13
2024-07-06 06:00:00,1.9,228.22
2024-07-06 09:00:00,1.79,229.99
2024-07-06 12:00:00,1.6999999,233.14
2024-07-06 15:00:00,1.66,230.84
2024-07-06 18:00:00,1.64,229.31
2024-07-06 21:00:00,1.5899999,232.34
2024-07-07 00:00:00,1.5799999,236.05
2024-07-07 03:00:00,1.56,238.19
2024-07-07 06:00:00,1.55,238.99
2024-07-07 09:00:00,1.55,236.04
2024-07-07 12:00:00,1.53,235.16
2024-07-07 15:00:00,1.52,232.18
2024-07-07 18:00:00,1.52,231.06999
2024-07-07 21:00:00,1.51,228.35
2024-07-08 00:00:00,1.56,228.7
2024-07-08 03:00:00,1.67,233.9
2024-07-08 06:00:00,1.79,239.39
2024-07-08 09:00:00,1.8399999,240.56999
2024-07-08 12:00:00,1.87,242.23
2024-07-08 15:00:00,1.93,242.73
2024-07-08 18:00:00,2.01,243.41
2024-07-08 21:00:00,1.9699999,238.58
2024-07-09 00:00:00,1.9799999,231.06
2024-07-09 03:00:00,2.0,223.88
2024-07-09 06:00:00,1.74,223.44
2024-07-09 09:00:00,1.8,220.01
2024-07-09 12:00:00,1.81,221.94
2024-07-09 15:00:00,1.8,222.85
2024-07-09 18:00:00,1.73,224.24
2024-07-09 21:00:00,1.7099999,223.55
2024-07-10 00:00:00,1.68,225.65
2024-07-10 03:00:00,1.6899999,229.45999
2024-07-10 06:00:00,1.56,231.73
2024-07-10 09:00:00,1.56,231.26
2024-07-10 12:00:00,1.53,232.09
2024-07-10 15:00:00,1.52,235.87
2024-07-10 18:00:00,1.49,238.01
2024-07-10 21:00:00,1.51,242.33
2024-07-11 00:00:00,1.51,245.63
2024-07-11 03:00:00,1.53,248.41
2024-07-11 06:00:00,1.51,251.0
2024-07-11 09:00:00,1.5,251.37
2024-07-11 12:00:00,1.4699999,248.91
2024-07-11 15:00:00,1.4699999,247.28
2024-07-11 18:00:00,1.49,244.09
2024-07-11 21:00:00,1.5,241.3
2024-07-12 00:00:00,1.52,238.06
2024-07-12 03:00:00,1.5999999,239.1
2024-07-12 06:00:00,1.7099999,234.84
2024-07-12 09:00:00,1.73,232.31
2024-07-12 12:00:00,1.6999999,233.15
2024-07-12 15:00:00,1.65,233.88
2024-07-12 18:00:00,1.53,234.38
2024-07-12 21:00:00,1.5899999,231.43
2024-07-13 00:00:00,1.62,234.6
2024-07-13 03:00:00,1.63,237.97
2024-07-13 06:00:00,1.7099999,240.52
2024-07-13 09:00:00,1.79,245.48
2024-07-13 12:00:00,1.8399999,251.63
2024-07-13 15:00:00,1.8299999,253.95999
2024-07-13 18:00:00,1.81,253.38
2024-07-13 21:00:00,1.7199999,253.47
2024-07-14 00:00:00,1.6999999,248.87
2024-07-14 03:00:00,1.73,245.38
2024-07-14 06:00:00,1.48,244.01
2024-07-14 09:00:00,1.5999999,238.8
2024-07-14 12:00:00,1.68,235.77
2024-07-14 15:00:00,1.79,235.35
2024-07-14 18:00:00,1.81,235.70999
2024-07-14 21:00:00,1.8499999,235.61
2024-07-15 00:00:00,1.77,235.43
2024-07-15 03:00:00,1.81,228.11
2024-07-15 06:00:00,1.86,227.35
2024-07-15 09:00:00,1.93,230.37
2024-07-15 12:00:00,1.93,232.79
2024-07-15 15:00:00,1.93,236.20999
2024-07-15 18:00:00,2.01,242.67
2024-07-15 21:00:00,2.1,247.5
2024-07-16 00:00:00,2.04,244.4
2024-07-16 03:00:00,2.01,243.42
2024-07-16 06:00:00,2.03,242.94
2024-07-16 09:00:00,1.99,243.58
2024-07-16 12:00:00,2.02,242.3
2024-07-16 15:00:00,2.05,241.72
2024-07-16 18:00:00,2.1,246.93
2024-07-16 21:00:00,2.19,249.42
2024-07-17 00:00:00,2.2,250.38
2024-07-17 03:00:00,2.1699998,252.59999
2024-07-17 06:00:00,2.1299999,253.81
2024-07-17 09:00:00,2.11,254.92
2024-07-17 12:00:00,2.1,252.22
2024-07-17 15:00:00,2.09,252.70999
2024-07-17 18:00:00,2.05,254.15
2024-07-17 21:00:00,2.01,255.05
2024-07-18 00:00:00,1.89,254.52
2024-07-18 03:00:00,1.8399999,253.64
2024-07-18 06:00:00,1.92,253.09
2024-07-18 09:00:00,1.89,252.42
2024-07-18 12:00:00,1.87,255.56999
2024-07-18 15:00:00,1.89,259.55
2024-07-18 18:00:00,1.89,260.61
2024-07-18 21:00:00,1.8299999,258.44
2024-07-19 00:00:00,1.81,256.76
2024-07-19 03:00:00,1.8,256.85
2024-07-19 06:00:00,1.86,256.06
2024-07-19 09:00:00,1.9699999,257.76
2024-07-19 12:00:00,1.86,253.18
2024-07-19 15:00:00,1.89,253.81
2024-07-19 18:00:00,1.88,251.28
2024-07-19 21:00:00,1.9,248.3
2024-07-20 00:00:00,1.9399999,245.17
2024-07-20 03:00:00,1.99,240.08
2024-07-20 06:00:00,2.01,234.73
2024-07-20 09:00:00,2.05,225.95999
2024-07-20 12:00:00,2.04,222.39
2024-07-20 15:00:00,2.09,222.20999
2024-07-20 18:00:00,2.12,221.54
2024-07-20 21:00:00,2.1599998,221.26
2024-07-21 00:00:00,2.09,221.56999
2024-07-21 03:00:00,2.03,221.81
2024-07-21 06:00:00,2.0,221.97
2024-07-21 09:00:00,1.9699999,221.69
2024-07-21 12:00:00,1.92,223.0
2024-07-21 15:00:00,1.9,222.63
2024-07-21 18:00:00,1.87,223.89
2024-07-21 21:00:00,1.86,224.31999
2024-07-22 00:00:00,1.8299999,225.14
2024-07-22 03:00:00,1.8,226.06999
2024-07-22 06:00:00,1.76,227.72
2024-07-22 09:00:00,1.77,229.31999
2024-07-22 12:00:00,1.64,232.59
2024-07-22 15:00:00,1.62,231.33
2024-07-22 18:00:00,1.54,235.18
2024-07-22 21:00:00,1.5999999,233.44
2024-07-23 00:00:00,1.64,239.53
2024-07-23 03:00:00,1.61,241.31
2024-07-23 06:00:00,1.5699999,239.81999
2024-07-23 09:00:00,1.54,239.38
2024-07-23 12:00:00,1.51,240.78
2024-07-23 15:00:00,1.49,241.53
2024-07-23 18:00:00,1.38,242.63
2024-07-23 21:00:00,1.39,235.03
2024-07-24 00:00:00,1.42,238.01
2024-07-24 03:00:00,1.5,239.24
2024-07-24 06:00:00,1.37,239.84
2024-07-24 09:00:00,1.38,237.6
2024-07-24 12:00:00,1.38,241.75
2024-07-24 15:00:00,1.37,244.62
2024-07-24 18:00:00,1.3399999,244.88
2024-07-24 21:00:00,1.38,243.38
2024-07-25 00:00:00,1.49,252.0
2024-07-25 03:00:00,1.4699999,254.70999
2024-07-25 06:00:00,1.4399999,256.9
2024-07-25 09:00:00,1.4,255.61
2024-07-25 12:00:00,1.43,255.14
2024-07-25 15:00:00,1.4399999,251.11
2024-07-25 18:00:00,1.43,251.95999
2024-07-25 21:00:00,1.42,252.53
2024-07-26 00:00:00,1.4,250.98
2024-07-26 03:00:00,1.43,250.20999
2024-07-26 06:00:00,1.43,252.33
2024-07-26 09:00:00,1.5,252.08
2024-07-26 12:00:00,1.56,254.70999
2024-07-26 15:00:00,1.67,258.7
2024-07-26 18:00:00,1.76,262.73
2024-07-26 21:00:00,1.76,260.17
2024-07-27 00:00:00,1.73,255.58
2024-07-27 03:00:00,1.73,254.28
2024-07-27 06:00:00,1.78,253.7
2024-07-27 09:00:00,1.8199999,250.2
2024-07-27 12:00:00,1.8399999,248.39
2024-07-27 15:00:00,1.8499999,246.76
2024-07-27 18:00:00,1.81,245.92
2024-07-27 21:00:00,1.8199999,247.01
2024-07-28 00:00:00,1.8499999,249.36
2024-07-28 03:00:00,1.8399999,249.98
2024-07-28 06:00:00,1.8,247.81
2024-07-28 09:00:00,1.78,243.81999
2024-07-28 12:00:00,1.74,242.62
2024-07-28 15:00:00,1.76,243.02
2024-07-28 18:00:00,1.65,244.3
2024-07-28 21:00:00,1.68,246.09
2024-07-29 00:00:00,1.67,246.98
2024-07-29 03:00:00,1.67,247.58
2024-07-29 06:00:00,1.75,249.09
2024-07-29 09:00:00,1.79,248.56
2024-07-29 12:00:00,1.8,246.39
2024-07-29 15:00:00,1.78,244.54
2024-07-29 18:00:00,1.7099999,241.63
2024-07-29 21:00:00,1.6999999,237.43
2024-07-30 00:00:00,1.6899999,235.69
2024-07-30 03:00:00,1.68,234.73
2024-07-30 06:00:00,1.6899999,233.92
2024-07-30 09:00:00,1.7099999,237.54
2024-07-30 12:00:00,1.78,242.69
2024-07-30 15:00:00,1.8299999,248.33
2024-07-30 18:00:00,1.88,252.44
2024-07-30 21:00:00,1.88,254.88
2024-07-31 00:00:00,1.8499999,252.52
2024-07-31 03:00:00,1.81,251.44
2024-07-31 06:00:00,1.77,250.2
2024-07-31 09:00:00,1.6999999,248.31
2024-07-31 12:00:00,1.6899999,250.15
2024-07-31 15:00:00,1.7199999,252.2
2024-07-31 18:00:00,1.65,254.20999
2024-07-31 21:00:00,1.62,254.72
2024-08-01 00:00:00,1.5799999,253.41
2024-08-01 03:00:00,1.5699999,252.76
2024-08-01 06:00:00,1.5899999,253.06999
2024-08-01 09:00:00,1.54,252.44
2024-08-01 12:00:00,1.55,250.41
2024-08-01 15:00:00,1.54,246.34
2024-08-01 18:00:00,1.53,240.85
2024-08-01 21:00:00,1.55,235.73
2024-08-02 00:00:00,1.61,230.34
2024-08-02 03:00:00,1.68,228.17
2024-08-02 06:00:00,1.66,228.17
2024-08-02 09:00:00,1.6899999,225.52
2024-08-02 12:00:00,1.6999999,221.36
2024-08-02 15:00:00,1.6899999,218.45
2024-08-02 18:00:00,1.87,217.61
2024-08-02 21:00:00,1.86,212.99
2024-08-03 00:00:00,1.79,213.15
2024-08-03 03:00:00,1.7199999,215.14
2024-08-03 06:00:00,1.77,216.17
2024-08-03 09:00:00,1.7199999,215.96
2024-08-03 12:00:00,1.6899999,215.84
2024-08-03 15:00:00,1.61,217.23
2024-08-03 18:00:00,1.5799999,219.08
2024-08-03 21:00:00,1.5799999,222.34
2024-08-04 00:00:00,1.67,227.95999
2024-08-04 03:00:00,1.77,236.64
2024-08-04 06:00:00,1.87,242.5
2024-08-04 09:00:00,1.9,243.6
2024-08-04 12:00:00,1.8399999,243.02
2024-08-04 15:00:00,1.8,238.25
2024-08-04 18:00:00,1.91,235.31999
2024-08-04 21:00:00,1.88,235.49
2024-08-05 00:00:00,1.8499999,236.51
2024-08-05 03:00:00,1.91,241.87
2024-08-05 06:00:00,1.88,247.08
2024-08-05 09:00:00,1.87,245.63
2024-08-05 12:00:00,1.88,243.11
2024-08-05 15:00:00,1.89,244.19
2024-08-05 18:00:00,1.86,242.01
2024-08-05 21:00:00,1.8199999,240.17
2024-08-06 00:00:00,1.79,236.9
2024-08-06 03:00:00,1.81,233.16
2024-08-06 06:00:00,1.8,228.59
2024-08-06 09:00:00,1.9,224.55
2024-08-06 12:00:00,1.9799999,220.67
2024-08-06 15:00:00,2.09,217.33
2024-08-06 18:00:00,2.23,216.16
2024-08-06 21:00:00,2.29,215.77
2024-08-07 00:00:00,2.35,219.24
2024-08-07 03:00:00,2.1699998,219.1
2024-08-07 06:00:00,2.05,220.54
2024-08-07 09:00:00,1.9699999,221.43
2024-08-07 12:00:00,2.03,221.91
2024-08-07 15:00:00,1.91,223.44
2024-08-07 18:00:00,1.79,224.72
2024-08-07 21:00:00,1.73,227.31999
2024-08-08 00:00:00,1.81,229.81
2024-08-08 03:00:00,1.91,233.29
2024-08-08 06:00:00,1.99,236.2
2024-08-08 09:00:00,2.02,240.06
2024-08-08 12:00:00,2.07,238.3
2024-08-08 15:00:00,2.1299999,234.79
2024-08-08 18:00:00,2.47,232.12
2024-08-08 21:00:00,2.37,225.98
2024-08-09 00:00:00,2.18,222.59
2024-08-09 03:00:00,2.04,221.73
2024-08-09 06:00:00,1.9699999,219.72
2024-08-09 09:00:00,1.86,219.21
2024-08-09 12:00:00,1.8199999,217.1
2024-08-09 15:00:00,1.77,216.73
2024-08-09 18:00:00,1.75,215.56
2024-08-09 21:00:00,1.74,215.27
2024-08-10 00:00:00,1.74,218.41
2024-08-10 03:00:00,1.77,223.02
2024-08-10 06:00:00,1.76,225.48
2024-08-10 09:00:00,1.6999999,228.16
2024-08-10 12:00:00,1.63,225.98
2024-08-10 15:00:00,1.5899999,223.69
2024-08-10 18:00:00,1.49,222.81999
2024-08-10 21:00:00,1.4699999,223.78
2024-08-11 00:00:00,1.48,226.35
2024-08-11 03:00:00,1.53,230.39
2024-08-11 06:00:00,1.5699999,234.19
2024-08-11 09:00:00,1.56,235.85
2024-08-11 12:00:00,1.51,235.69
2024-08-11 15:00:00,1.49,233.38
2024-08-11 18:00:00,1.48,231.55
2024-08-11 21:00:00,1.53,228.06
2024-08-12 00:00:00,1.5699999,224.85
2024-08-12 03:00:00,1.5899999,222.25
2024-08-12 06:00:00,1.5699999,220.24
2024-08-12 09:00:00,1.5999999,217.58
2024-08-12 12:00:00,1.65,215.53
2024-08-12 15:00:00,1.73,215.1
2024-08-12 18:00:00,1.8199999,210.51
2024-08-12 21:00:00,1.67,211.41
2024-08-13 00:00:00,1.73,208.96
2024-08-13 03:00:00,1.9,206.79
2024-08-13 06:00:00,2.0,205.73
2024-08-13 09:00:00,2.04,206.44
2024-08-13 12:00:00,2.1,206.92
2024-08-13 15:00:00,2.1399999,206.88
2024-08-13 18:00:00,2.19,207.9
2024-08-13 21:00:00,2.25,210.8
2024-08-14 00:00:00,2.37,208.86
2024-08-14 03:00:00,2.32,212.12
2024-08-14 06:00:00,2.2,214.71
2024-08-14 09:00:00,2.1399999,215.47
2024-08-14 12:00:00,2.12,215.41
2024-08-14 15:00:00,2.03,216.17
2024-08-14 18:00:00,2.0,216.37
2024-08-14 21:00:00,1.91,218.87
2024-08-15 00:00:00,1.88,220.65
2024-08-15 03:00:00,1.87,224.17
2024-08-15 06:00:00,1.89,226.78
2024-08-15 09:00:00,1.89,227.42
2024-08-15 12:00:00,1.87,227.92
2024-08-15 15:00:00,1.8299999,228.81999
2024-08-15 18:00:00,1.8,230.01
2024-08-15 21:00:00,1.78,229.18
2024-08-16 00:00:00,1.81,228.88
2024-08-16 03:00:00,1.8199999,230.61
2024-08-16 06:00:00,1.81,231.15
2024-08-16 09:00:00,1.8499999,229.33
2024-08-16 12:00:00,1.92,228.51
2024-08-16 15:00:00,2.01,230.51
2024-08-16 18:00:00,2.55,234.14
2024-08-16 21:00:00,2.51,237.58
2024-08-17 00:00:00,2.4299998,240.58
2024-08-17 03:00:00,2.3899999,242.23
2024-08-17 06:00:00,2.34,241.73
2024-08-17 09:00:00,2.28,240.55
2024-08-17 12:00:00,2.29,240.99
2024-08-17 15:00:00,2.19,241.95
2024-08-17 18:00:00,2.21,242.52
2024-08-17 21:00:00,2.18,242.3
2024-08-18 00:00:00,2.1399999,242.70999
2024-08-18 03:00:00,2.1599998,243.02
2024-08-18 06:00:00,2.12,243.19
2024-08-18 09:00:00,2.1299999,243.39
2024-08-18 12:00:00,2.1299999,242.54
2024-08-18 15:00:00,2.12,241.94
2024-08-18 18:00:00,2.04,240.12
2024-08-18 21:00:00,2.04,236.51
2024-08-19 00:00:00,2.04,233.7
2024-08-19 03:00:00,2.01,232.81
2024-08-19 06:00:00,2.02,229.65
2024-08-19 09:00:00,2.01,228.59
2024-08-19 12:00:00,1.9799999,227.69
2024-08-19 15:00:00,1.87,230.64
2024-08-19 18:00:00,1.8499999,228.22
2024-08-19 21:00:00,1.8499999,226.74
2024-08-20 00:00:00,1.77,225.7
2024-08-20 03:00:00,1.77,226.31999
2024-08-20 06:00:00,1.8,224.76
2024-08-20 09:00:00,1.86,223.06999
2024-08-20 12:00:00,1.9,224.18
2024-08-20 15:00:00,1.9599999,223.06
2024-08-20 18:00:00,2.02,224.13
2024-08-20 21:00:00,2.09,221.78
2024-08-21 00:00:00,2.23,221.06
2024-08-21 03:00:00,2.34,222.14
2024-08-21 06:00:00,2.36,222.67
2024-08-21 09:00:00,2.33,223.89
2024-08-21 12:00:00,2.27,226.27
2024-08-21 15:00:00,2.19,227.17
2024-08-21 18:00:00,2.1299999,227.74
2024-08-21 21:00:00,2.07,227.67
2024-08-22 00:00:00,1.99,227.87
2024-08-22 03:00:00,1.9599999,228.45999
2024-08-22 06:00:00,1.88,229.31
2024-08-22 09:00:00,1.8499999,231.05
2024-08-22 12:00:00,1.81,231.87
2024-08-22 15:00:00,1.77,234.79
2024-08-22 18:00:00,1.6899999,236.6
2024-08-22 21:00:00,1.7099999,240.09
2024-08-23 00:00:00,1.7099999,242.67
2024-08-23 03:00:00,1.67,244.34
2024-08-23 06:00:00,1.6999999,245.22
2024-08-23 09:00:00,1.66,246.5
2024-08-23 12:00:00,1.5999999,244.58
2024-08-23 15:00:00,1.56,243.38
2024-08-23 18:00:00,1.49,239.84
2024-08-23 21:00:00,1.4699999,238.04
2024-08-24 00:00:00,1.4399999,235.27
2024-08-24 03:00:00,1.43,232.31
2024-08-24 06:00:00,1.42,230.44
2024-08-24 09:00:00,1.39,229.99
2024-08-24 12:00:00,1.37,229.42
2024-08-24 15:00:00,1.38,229.03
2024-08-24 18:00:00,1.37,229.14
2024-08-24 21:00:00,1.39,228.61
2024-08-25 00:00:00,1.39,228.05
2024-08-25 03:00:00,1.39,227.37
2024-08-25 06:00:00,1.4,227.41
2024-08-25 09:00:00,1.42,226.49
2024-08-25 12:00:00,1.4699999,225.63
2024-08-25 15:00:00,1.49,224.58
2024-08-25 18:00:00,1.49,223.18
2024-08-25 21:00:00,1.4599999,221.56999
2024-08-26 00:00:00,1.41,220.15
2024-08-26 03:00:00,1.4499999,218.39
2024-08-26 06:00:00,1.4499999,216.91
2024-08-26 09:00:00,1.4499999,215.39
2024-08-26 12:00:00,1.43,213.41
2024-08-26 15:00:00,1.43,212.46
2024-08-26 18:00:00,1.4699999,210.4
2024-08-26 21:00:00,1.4599999,210.06
2024-08-27 00:00:00,1.5,209.17
2024-08-27 03:00:00,1.52,209.77
2024-08-27 06:00:00,1.51,209.36
2024-08-27 09:00:00,1.52,208.22
2024-08-27 12:00:00,1.48,208.1
2024-08-27 15:00:00,1.54,206.12
2024-08-27 18:00:00,1.49,206.35
2024-08-27 21:00:00,1.49,206.56
2024-08-28 00:00:00,1.4499999,206.97
2024-08-28 03:00:00,1.53,209.01
2024-08-28 06:00:00,1.54,211.0
2024-08-28 09:00:00,1.54,213.85
2024-08-28 12:00:00,1.5699999,215.15
2024-08-28 15:00:00,1.5899999,216.08
2024-08-28 18:00:00,1.5699999,218.35
2024-08-28 21:00:00,1.5699999,220.78
2024-08-29 00:00:00,1.5899999,223.72
2024-08-29 03:00:00,1.5999999,226.20999
2024-08-29 06:00:00,1.49,227.81999
2024-08-29 09:00:00,1.4699999,227.38
2024-08-29 12:00:00,1.39,227.33
2024-08-29 15:00:00,1.4,227.02
2024-08-29 18:00:00,1.4,226.03
2024-08-29 21:00:00,1.41,225.27
2024-08-30 00:00:00,1.4599999,224.24
2024-08-30 03:00:00,1.56,224.09
2024-08-30 06:00:00,1.65,223.2
2024-08-30 09:00:00,1.6999999,220.48
2024-08-30 12:00:00,1.73,217.85
2024-08-30 15:00:00,1.7199999,217.35
2024-08-30 18:00:00,1.76,215.52
2024-08-30 21:00:00,1.8299999,213.4
2024-08-31 00:00:00,1.9499999,212.9
2024-08-31 03:00:00,2.04,211.51
2024-08-31 06:00:00,2.11,209.17
2024-08-31 09:00:00,2.1299999,207.68
2024-08-31 12:00:00,2.1499999,206.54
2024-08-31 15:00:00,2.1599998,205.85
2024-08-31 18:00:00,2.1599998,206.38
2024-08-31 21:00:00,2.1499999,207.38
2024-09-01 00:00:00,2.09,209.19
2024-09-01 03:00:00,2.05,210.49
2024-09-01 06:00:00,2.07,211.06999
2024-09-01 09:00:00,2.05,211.06999
2024-09-01 12:00:00,2.1299999,210.3
2024-09-01 15:00:00,2.09,212.18
2024-09-01 18:00:00,2.1399999,213.85
2024-09-01 21:00:00,2.21,218.81999
2024-09-02 00:00:00,2.26,225.15
2024-09-02 03:00:00,2.3,234.81
2024-09-02 06:00:00,2.21,238.91
2024-09-02 09:00:00,2.1399999,236.97
2024-09-02 12:00:00,2.19,232.16
2024-09-02 15:00:00,2.11,230.99
2024-09-02 18:00:00,2.08,230.61
2024-09-02 21:00:00,2.06,230.58
2024-09-03 00:00:00,2.11,230.87
2024-09-03 03:00:00,2.12,232.44
2024-09-03 06:00:00,2.08,230.53
2024-09-03 09:00:00,2.01,230.1
2024-09-03 12:00:00,1.9499999,233.18
2024-09-03 15:00:00,1.88,233.54
2024-09-03 18:00:00,1.77,232.79
2024-09-03 21:00:00,1.78,230.27
2024-09-04 00:00:00,1.66,229.04
2024-09-04 03:00:00,1.65,226.36
2024-09-04 06:00:00,1.66,228.94
2024-09-04 09:00:00,1.68,232.61
2024-09-04 12:00:00,1.6899999,236.19
2024-09-04 15:00:00,1.7199999,237.38
2024-09-04 18:00:00,1.76,238.38
2024-09-04 21:00:00,1.75,241.02
2024-09-05 00:00:00,1.76,243.70999
2024-09-05 03:00:00,1.74,245.65
2024-09-05 06:00:00,1.74,245.76
2024-09-05 09:00:00,1.74,245.78
2024-09-05 12:00:00,1.74,244.42
2024-09-05 15:00:00,1.74,242.49
2024-09-05 18:00:00,1.76,239.8
2024-09-05 21:00:00,1.81,237.51
2024-09-06 00:00:00,1.91,237.15
2024-09-06 03:00:00,2.04,238.75
2024-09-06 06:00:00,2.03,240.33
2024-09-06 09:00:00,2.0,240.45
2024-09-06 12:00:00,1.99,239.05
2024-09-06 15:00:00,2.0,235.39
2024-09-06 18:00:00,2.01,232.2
2024-09-06 21:00:00,2.0,228.45999
2024-09-07 00:00:00,2.0,230.0
2024-09-07 03:00:00,2.02,229.31999
2024-09-07 06:00:00,2.0,228.25
2024-09-07 09:00:00,1.9699999,226.87
2024-09-07 12:00:00,1.93,226.33
2024-09-07 15:00:00,1.89,226.04
2024-09-07 18:00:00,1.86,225.31999
2024-09-07 21:00:00,1.86,224.95999
2024-09-08 00:00:00,1.89,225.02
2024-09-08 03:00:00,1.93,225.13
2024-09-08 06:00:00,1.88,224.58
2024-09-08 09:00:00,1.8299999,223.68
2024-09-08 12:00:00,1.78,223.15
2024-09-08 15:00:00,1.77,221.28
2024-09-08 18:00:00,1.6999999,217.85
2024-09-08 21:00:00,1.6899999,214.55
2024-09-09 00:00:00,1.67,213.54
2024-09-09 03:00:00,1.65,214.08
2024-09-09 06:00:00,1.65,214.62
2024-09-09 09:00:00,1.65,213.77
2024-09-09 12:00:00,1.5899999,213.24
2024-09-09 15:00:00,1.56,213.41
2024-09-09 18:00:00,1.5799999,217.19
2024-09-09 21:00:00,1.64,225.6
2024-09-10 00:00:00,1.62,233.97
2024-09-10 03:00:00,1.62,235.66
2024-09-10 06:00:00,1.53,234.55
2024-09-10 09:00:00,1.55,235.70999
2024-09-10 12:00:00,1.5699999,236.44
2024-09-10 15:00:00,1.54,237.61
2024-09-10 18:00:00,1.52,235.22
2024-09-10 21:00:00,1.48,232.73
2024-09-11 00:00:00,1.4499999,231.55
2024-09-11 03:00:00,1.4599999,231.56999
2024-09-11 06:00:00,1.42,228.89
2024-09-11 09:00:00,1.5,227.7
2024-09-11 12:00:00,1.4599999,229.97
2024-09-11 15:00:00,1.4699999,232.68
2024-09-11 18:00:00,1.4499999,231.87
2024-09-11 21:00:00,1.5,229.67
2024-09-12 00:00:00,1.4499999,229.75
2024-09-12 03:00:00,1.42,228.58
2024-09-12 06:00:00,1.41,228.27
2024-09-12 09:00:00,1.37,226.0
2024-09-12 12:00:00,1.3299999,223.81999
2024-09-12 15:00:00,1.35,224.38
2024-09-12 18:00:00,1.3299999,225.89
2024-09-12 21:00:00,1.29,227.88
2024-09-13 00:00:00,1.31,230.65
2024-09-13 03:00:00,1.35,232.83
2024-09-13 06:00:00,1.37,234.25
2024-09-13 09:00:00,1.35,235.48
2024-09-13 12:00:00,1.31,236.28
2024-09-13 15:00:00,1.27,237.69
2024-09-13 18:00:00,1.27,237.56999
2024-09-13 21:00:00,1.3,239.6
2024-09-14 00:00:00,1.31,241.54
2024-09-14 03:00:00,1.36,244.2
2024-09-14 06:00:00,1.38,247.45999
2024-09-14 09:00:00,1.38,252.24
2024-09-14 12:00:00,1.37,251.91
2024-09-14 15:00:00,1.35,250.06
2024-09-14 18:00:00,1.3199999,247.13
2024-09-14 21:00:00,1.3199999,249.26
2024-09-15 00:00:00,1.36,251.4
2024-09-15 03:00:00,1.4499999,252.41
2024-09-15 06:00:00,1.48,253.04
2024-09-15 09:00:00,1.4599999,250.25
2024-09-15 12:00:00,1.49,245.45999
2024-09-15 15:00:00,1.4599999,244.6
2024-09-15 18:00:00,1.51,241.91
2024-09-15 21:00:00,1.5799999,240.52
2024-09-16 00:00:00,1.62,242.8
2024-09-16 03:00:00,1.67,242.99
2024-09-16 06:00:00,1.64,244.11
2024-09-16 09:00:00,1.5999999,244.1
2024-09-16 12:00:00,1.5999999,242.99
2024-09-16 15:00:00,1.5999999,239.25
2024-09-16 18:00:00,1.61,236.88
2024-09-16 21:00:00,1.5999999,236.04
2024-09-17 00:00:00,1.64,241.28
2024-09-17 03:00:00,1.7199999,243.88
2024-09-17 06:00:00,1.7199999,247.09
2024-09-17 09:00:00,1.6899999,248.23
2024-09-17 12:00:00,1.55,246.18
2024-09-17 15:00:00,1.52,243.38
2024-09-17 18:00:00,1.52,238.8
2024-09-17 21:00:00,1.55,236.39
2024-09-18 00:00:00,1.5899999,236.74
2024-09-18 03:00:00,1.63,238.81999
2024-09-18 06:00:00,1.64,239.34
2024-09-18 09:00:00,1.64,236.8
2024-09-18 12:00:00,1.61,232.0
2024-09-18 15:00:00,1.5899999,226.37
2024-09-18 18:00:00,1.5699999,222.58
2024-09-18 21:00:00,1.56,220.29
2024-09-19 00:00:00,1.5899999,219.83
2024-09-19 03:00:00,1.63,221.29
2024-09-19 06:00:00,1.7099999,224.31999
2024-09-19 09:00:00,1.7199999,226.09
2024-09-19 12:00:00,1.74,224.48
2024-09-19 15:00:00,1.76,222.35
2024-09-19 18:00:00,1.74,221.41
2024-09-19 21:00:00,1.73,221.70999
2024-09-20 00:00:00,1.6999999,222.31999
2024-09-20 03:00:00,1.5899999,222.81999
2024-09-20 06:00:00,1.74,224.78
2024-09-20 09:00:00,1.65,225.09
2024-09-20 12:00:00,1.63,224.91
2024-09-20 15:00:00,1.5999999,223.52
2024-09-20 18:00:00,1.56,221.45
2024-09-20 21:00:00,1.56,219.35
2024-09-21 00:00:00,1.66,220.85
2024-09-21 03:00:00,1.73,223.51
2024-09-21 06:00:00,1.81,225.83
2024-09-21 09:00:00,1.77,228.7
2024-09-21 12:00:00,1.78,228.0
2024-09-21 15:00:00,1.74,226.37
2024-09-21 18:00:00,1.8,226.31
2024-09-21 21:00:00,1.76,226.2
2024-09-22 00:00:00,1.75,228.14
2024-09-22 03:00:00,1.7199999,232.4
2024-09-22 06:00:00,1.6999999,233.81
2024-09-22 09:00:00,1.68,231.9
2024-09-22 12:00:00,1.7099999,231.44
2024-09-22 15:00:00,1.76,230.3
2024-09-22 18:00:00,1.86,230.6
2024-09-22 21:00:00,1.89,231.45
2024-09-23 00:00:00,1.89,231.77
2024-09-23 03:00:00,1.8499999,234.48
2024-09-23 06:00:00,1.89,238.19
2024-09-23 09:00:00,1.87,239.67
2024-09-23 12:00:00,1.8299999,238.77
2024-09-23 15:00:00,1.81,237.3
2024-09-23 18:00:00,1.78,235.94
2024-09-23 21:00:00,1.75,235.79
2024-09-24 00:00:00,1.76,235.6
2024-09-24 03:00:00,1.81,235.87
2024-09-24 06:00:00,1.8199999,234.31999
2024-09-24 09:00:00,1.79,233.31
2024-09-24 12:00:00,1.8,232.70999
2024-09-24 15:00:00,1.81,232.4
2024-09-24 18:00:00,1.75,231.84
2024-09-24 21:00:00,1.76,231.68
2024-09-25 00:00:00,1.79,232.27
2024-09-25 03:00:00,1.8199999,231.99
2024-09-25 06:00:00,1.8,230.29
2024-09-25 09:00:00,1.77,228.56999
2024-09-25 12:00:00,1.73,228.11
2024-09-25 15:00:00,1.68,228.43
2024-09-25 18:00:00,1.67,227.98
2024-09-25 21:00:00,1.63,227.13
2024-09-26 00:00:00,1.61,227.24
2024-09-26 03:00:00,1.5899999,229.77
2024-09-26 06:00:00,1.55,230.38
2024-09-26 09:00:00,1.51,230.31999
2024-09-26 12:00:00,1.5,228.95
2024-09-26 15:00:00,1.56,228.16
2024-09-26 18:00:00,1.92,227.99
2024-09-26 21:00:00,1.99,228.92
2024-09-27 00:00:00,2.05,233.2
2024-09-27 03:00:00,2.05,240.29
2024-09-27 06:00:00,1.93,244.31
2024-09-27 09:00:00,1.8,246.06
2024-09-27 12:00:00,1.66,246.84
2024-09-27 15:00:00,1.54,245.76
2024-09-27 18:00:00,1.48,243.69
2024-09-27 21:00:00,1.4,241.45
2024-09-28 00:00:00,1.41,240.61
2024-09-28 03:00:00,1.38,240.68
2024-09-28 06:00:00,1.37,238.17
2024-09-28 09:00:00,1.38,235.6
2024-09-28 12:00:00,1.43,230.81
2024-09-28 15:00:00,1.4699999,224.03
2024-09-28 18:00:00,1.54,215.92
2024-09-28 21:00:00,1.64,209.81
2024-09-29 00:00:00,1.68,207.23
2024-09-29 03:00:00,1.64,205.83
2024-09-29 06:00:00,1.4,205.03
2024-09-29 09:00:00,1.41,202.81999
2024-09-29 12:00:00,1.38,201.2
2024-09-29 15:00:00,1.37,199.6
2024-09-29 18:00:00,1.36,198.88
2024-09-29 21:00:00,1.3399999,199.11
2024-09-30 00:00:00,1.3299999,198.46
2024-09-30 03:00:00,1.3199999,197.66
2024-09-30 06:00:00,1.31,198.14
2024-09-30 09:00:00,1.37,198.02
2024-09-30 12:00:00,1.36,199.42
2024-09-30 15:00:00,1.29,200.53
2024-09-30 18:00:00,1.27,200.85
2024-09-30 21:00:00,1.25,199.66
2024-10-01 00:00:00,1.23,198.83
2024-10-01 03:00:00,1.23,197.8
2024-10-01 06:00:00,1.18,196.83
2024-10-01 09:00:00,1.2099999,195.55
2024-10-01 12:00:00,1.28,193.92
2024-10-01 15:00:00,1.3299999,193.14
2024-10-01 18:00:00,1.27,193.24
2024-10-01 21:00:00,1.26,193.65
2024-10-02 00:00:00,1.24,193.39
2024-10-02 03:00:00,1.36,192.85
2024-10-02 06:00:00,1.41,193.19
2024-10-02 09:00:00,1.4,193.56
2024-10-02 12:00:00,1.41,193.67
2024-10-02 15:00:00,1.4,193.7
2024-10-02 18:00:00,1.37,193.48
2024-10-02 21:00:00,1.3299999,193.85
2024-10-03 00:00:00,1.31,194.51
2024-10-03 03:00:00,1.3,195.59
2024-10-03 06:00:00,1.0,196.12
2024-10-03 09:00:00,1.06,195.31
2024-10-03 12:00:00,1.1,195.52
2024-10-03 15:00:00,1.12,195.88
2024-10-03 18:00:00,1.0799999,195.67
2024-10-03 21:00:00,1.12,195.13
2024-10-04 00:00:00,1.15,196.43
2024-10-04 03:00:00,1.14,197.86
2024-10-04 06:00:00,1.13,199.42
2024-10-04 09:00:00,1.12,200.33
2024-10-04 12:00:00,1.1,200.43
2024-10-04 15:00:00,1.1,201.37
2024-10-04 18:00:00,1.09,201.55
2024-10-04 21:00:00,1.06,202.12
2024-10-05 00:00:00,1.0,200.51
2024-10-05 03:00:00,1.0,197.63
2024-10-05 06:00:00,1.01,194.74
2024-10-05 09:00:00,1.01,193.41
2024-10-05 12:00:00,1.05,193.48
2024-10-05 15:00:00,0.84999996,192.45
2024-10-05 18:00:00,0.90999997,190.1
2024-10-05 21:00:00,0.96999997,190.22
2024-10-06 00:00:00,0.96,191.94
2024-10-06 03:00:00,0.98999995,192.78
2024-10-06 06:00:00,0.96,194.4
2024-10-06 09:00:00,0.96999997,194.6
2024-10-06 12:00:00,0.97999996,194.56999
2024-10-06 15:00:00,0.94,196.33
2024-10-06 18:00:00,1.01,196.33
2024-10-06 21:00:00,1.11,196.69
2024-10-07 00:00:00,1.1899999,198.2
2024-10-07 03:00:00,1.27,201.48
2024-10-07 06:00:00,1.4599999,206.56
2024-10-07 09:00:00,1.5899999,210.38
2024-10-07 12:00:00,1.67,215.06
2024-10-07 15:00:00,1.78,218.45
2024-10-07 18:00:00,1.77,221.11
2024-10-07 21:00:00,1.73,222.87
2024-10-08 00:00:00,1.7099999,226.52
2024-10-08 03:00:00,1.65,229.16
2024-10-08 06:00:00,1.5799999,229.92
2024-10-08 09:00:00,1.5,229.92
2024-10-08 12:00:00,1.43,228.9
2024-10-08 15:00:00,1.3399999,227.63
2024-10-08 18:00:00,1.27,225.81999
2024-10-08 21:00:00,1.22,224.97
2024-10-09 00:00:00,1.18,223.81999
2024-10-09 03:00:00,1.16,222.49
2024-10-09 06:00:00,1.05,221.65
2024-10-09 09:00:00,1.0699999,219.67
2024-10-09 12:00:00,1.1,219.21
2024-10-09 15:00:00,1.09,218.06
2024-10-09 18:00:00,1.16,217.58
2024-10-09 21:00:00,1.2099999,218.99
2024-10-10 00:00:00,1.39,222.06
2024-10-10 03:00:00,1.65,226.44
2024-10-10 06:00:00,1.91,230.16
2024-10-10 09:00:00,2.04,232.4
2024-10-10 12:00:00,2.12,234.19
2024-10-10 15:00:00,2.22,236.20999
2024-10-10 18:00:00,2.3,237.84
2024-10-10 21:00:00,2.35,238.85
2024-10-11 00:00:00,2.5,237.84
2024-10-11 03:00:00,3.02,238.06
2024-10-11 06:00:00,2.96,237.61
2024-10-11 09:00:00,2.83,236.95
2024-10-11 12:00:00,2.71,234.95
2024-10-11 15:00:00,2.6399999,230.26
2024-10-11 18:00:00,2.52,226.66
2024-10-11 21:00:00,2.6,225.74
2024-10-12 00:00:00,2.73,226.36
2024-10-12 03:00:00,2.73,229.2
2024-10-12 06:00:00,2.56,230.6
2024-10-12 09:00:00,2.35,231.03
2024-10-12 12:00:00,2.1399999,231.16
2024-10-12 15:00:00,1.9599999,230.97
2024-10-12 18:00:00,1.81,229.95
2024-10-12 21:00:00,1.74,228.62
2024-10-13 00:00:00,1.6999999,227.83
2024-10-13 03:00:00,1.68,227.83
2024-10-13 06:00:00,1.56,229.12
2024-10-13 09:00:00,1.52,229.28
2024-10-13 12:00:00,1.52,228.39
2024-10-13 15:00:00,1.4699999,227.9
2024-10-13 18:00:00,1.48,227.87
2024-10-13 21:00:00,1.49,226.56999
2024-10-14 00:00:00,1.5,225.64
2024-10-14 03:00:00,1.55,225.81
2024-10-14 06:00:00,1.5999999,226.94
2024-10-14 09:00:00,1.65,228.97
2024-10-14 12:00:00,1.67,229.56999
2024-10-14 15:00:00,1.62,228.56
2024-10-14 18:00:00,1.64,223.2
2024-10-14 21:00:00,1.64,219.19
2024-10-15 00:00:00,1.67,217.24
2024-10-15 03:00:00,1.7199999,216.93
2024-10-15 06:00:00,1.81,213.21
2024-10-15 09:00:00,1.91,211.17
2024-10-15 12:00:00,2.01,209.47
2024-10-15 15:00:00,2.12,208.4
2024-10-15 18:00:00,2.1699998,207.87
2024-10-15 21:00:00,2.25,205.43
2024-10-16 00:00:00,2.34,204.4
2024-10-16 03:00:00,2.3899999,204.06999
2024-10-16 06:00:00,2.48,203.72
2024-10-16 09:00:00,2.4099998,204.08
2024-10-16 12:00:00,2.3899999,204.72
2024-10-16 15:00:00,2.34,206.37
2024-10-16 18:00:00,2.31,207.7
2024-10-16 21:00:00,2.23,208.38
2024-10-17 00:00:00,2.12,209.62
2024-10-17 03:00:00,1.9599999,210.12
2024-10-17 06:00:00,1.9,209.53
2024-10-17 09:00:00,1.86,209.84
2024-10-17 12:00:00,1.8299999,210.36
2024-10-17 15:00:00,1.77,209.36
2024-10-17 18:00:00,1.74,207.16
2024-10-17 21:00:00,1.7099999,205.16
2024-10-18 00:00:00,1.6899999,207.01
2024-10-18 03:00:00,1.62,203.83
2024-10-18 06:00:00,1.5699999,203.43
2024-10-18 09:00:00,1.5,204.12
2024-10-18 12:00:00,1.4599999,194.52
2024-10-18 15:00:00,1.31,200.43
2024-10-18 18:00:00,1.3199999,199.85
2024-10-18 21:00:00,1.3,198.55
2024-10-19 00:00:00,1.29,198.02
2024-10-19 03:00:00,1.24,199.05
2024-10-19 06:00:00,1.24,200.16
2024-10-19 09:00:00,1.2099999,201.06
2024-10-19 12:00:00,1.2099999,201.73
2024-10-19 15:00:00,1.1999999,202.48
2024-10-19 18:00:00,1.1999999,202.94
2024-10-19 21:00:00,1.16,203.83
2024-10-20 00:00:00,1.15,203.92
2024-10-20 03:00:00,1.18,203.68
2024-10-20 06:00:00,1.23,202.92
2024-10-20 09:00:00,1.23,202.05
2024-10-20 12:00:00,1.26,201.5
2024-10-20 15:00:00,1.25,201.34
2024-10-20 18:00:00,1.22,201.14
2024-10-20 21:00:00,1.22,200.61
2024-10-21 00:00:00,1.3299999,200.21
2024-10-21 03:00:00,1.28,199.94
2024-10-21 06:00:00,1.2099999,200.98
2024-10-21 09:00:00,1.17,202.18
2024-10-21 12:00:00,1.38,203.38
2024-10-21 15:00:00,1.3299999,203.68
2024-10-21 18:00:00,1.25,204.23
2024-10-21 21:00:00,1.1999999,203.55
2024-10-22 00:00:00,1.13,203.24
2024-10-22 03:00:00,1.12,202.62
2024-10-22 06:00:00,1.0699999,201.75
2024-10-22 09:00:00,1.09,200.54
2024-10-22 12:00:00,1.1,200.03
2024-10-22 15:00:00,1.1,199.79
2024-10-22 18:00:00,1.0799999,199.56999
2024-10-22 21:00:00,1.0799999,199.69
2024-10-23 00:00:00,1.12,201.38
2024-10-23 03:00:00,1.13,205.23
2024-10-23 06:00:00,1.11,206.31
2024-10-23 09:00:00,1.13,208.39
2024-10-23 12:00:00,1.14,209.23
2024-10-23 15:00:00,1.15,207.67
2024-10-23 18:00:00,1.1999999,203.88
2024-10-23 21:00:00,1.2099999,203.03
2024-10-24 00:00:00,1.31,205.18
2024-10-24 03:00:00,1.3,206.28
2024-10-24 06:00:00,1.31,208.08
2024-10-24 09:00:00,1.3,207.63
2024-10-24 12:00:00,1.25,206.45
2024-10-24 15:00:00,1.22,205.33
2024-10-24 18:00:00,1.16,204.19
2024-10-24 21:00:00,1.13,203.25
2024-10-25 00:00:00,1.12,202.86
2024-10-25 03:00:00,1.15,201.31
2024-10-25 06:00:00,1.14,200.48
2024-10-25 09:00:00,1.06,202.39
2024-10-25 12:00:00,1.04,203.2
2024-10-25 15:00:00,1.0,207.27
2024-10-25 18:00:00,1.01,207.14
2024-10-25 21:00:00,1.02,204.09
2024-10-26 00:00:00,0.96,201.64
2024-10-26 03:00:00,0.95,201.63
2024-10-26 06:00:00,0.97999996,202.26
2024-10-26 09:00:00,0.96,203.56
2024-10-26 12:00:00,1.0,204.92
2024-10-26 15:00:00,1.03,211.72
2024-10-26 18:00:00,1.09,218.42
2024-10-26 21:00:00,1.1,221.94
2024-10-27 00:00:00,1.06,223.37
2024-10-27 03:00:00,1.03,223.02
2024-10-27 06:00:00,1.01,222.52
2024-10-27 09:00:00,1.0,222.87
2024-10-27 12:00:00,1.01,225.29
2024-10-27 15:00:00,1.03,227.47
2024-10-27 18:00:00,1.0699999,227.56999
2024-10-27 21:00:00,1.11,228.28
2024-10-28 00:00:00,1.12,229.05
2024-10-28 03:00:00,1.13,229.55
2024-10-28 06:00:00,1.15,230.65
2024-10-28 09:00:00,1.1899999,230.4
2024-10-28 12:00:00,1.24,230.62
2024-10-28 15:00:00,1.31,231.34
2024-10-28 18:00:00,1.36,231.12
2024-10-28 21:00:00,1.36,232.25
2024-10-29 00:00:00,1.36,229.49
2024-10-29 03:00:00,1.35,228.08
2024-10-29 06:00:00,1.35,226.52
2024-10-29 09:00:00,1.3299999,224.48
2024-10-29 12:00:00,1.3199999,221.84
2024-10-29 15:00:00,1.31,219.48
2024-10-29 18:00:00,1.29,217.06
2024-10-29 21:00:00,1.27,214.89
2024-10-30 00:00:00,1.22,212.6
2024-10-30 03:00:00,1.2099999,211.53
2024-10-30 06:00:00,1.13,209.31
2024-10-30 09:00:00,1.12,206.53
2024-10-30 12:00:00,1.05,204.64
2024-10-30 15:00:00,1.0699999,201.1
2024-10-30 18:00:00,1.03,198.81
2024-10-30 21:00:00,1.02,197.46
2024-10-31 00:00:00,0.98999995,195.7
2024-10-31 03:00:00,1.02,193.26
2024-10-31 06:00:00,0.98999995,192.51
2024-10-31 09:00:00,0.94,191.76
2024-10-31 12:00:00,0.96,189.75
2024-10-31 15:00:00,0.88,189.37
2024-10-31 18:00:00,0.87,189.67
2024-10-31 21:00:00,0.85999995,190.7
2024-11-01 00:00:00,0.83,191.45
2024-11-01 03:00:00,0.82,191.28
2024-11-01 06:00:00,0.78999996,190.74
2024-11-01 09:00:00,0.78999996,189.26
2024-11-01 12:00:00,0.78999996,188.06
2024-11-01 15:00:00,0.77,187.69
2024-11-01 18:00:00,0.75,187.3
2024-11-01 21:00:00,0.75,187.34
2024-11-02 00:00:00,0.7,188.24
2024-11-02 03:00:00,0.66999996,188.63
2024-11-02 06:00:00,0.66999996,189.54
2024-11-02 09:00:00,0.66999996,190.56
2024-11-02 12:00:00,0.68,189.84
2024-11-02 15:00:00,0.65,189.72
2024-11-02 18:00:00,0.63,189.92
2024-11-02 21:00:00,0.62,190.4
2024-11-03 00:00:00,0.63,190.14
2024-11-03 03:00:00,0.62,189.92
2024-11-03 06:00:00,0.58,189.49
2024-11-03 09:00:00,0.53,190.35
2024-11-03 12:00:00,0.52,189.95
2024-11-03 15:00:00,0.56,189.81
2024-11-03 18:00:00,0.56,190.35
2024-11-03 21:00:00,0.55,190.13
2024-11-04 00:00:00,0.53999996,189.42
2024-11-04 03:00:00,0.53,189.11
2024-11-04 06:00:00,0.52,188.87
2024-11-04 09:00:00,0.53,189.06
2024-11-04 12:00:00,0.53999996,189.37
2024-11-04 15:00:00,0.56,189.6
2024-11-04 18:00:00,0.57,190.21
2024-11-04 21:00:00,0.61,191.3
2024-11-05 00:00:00,0.71,191.76
2024-11-05 03:00:00,0.74,192.2
2024-11-05 06:00:00,0.66999996,192.45
2024-11-05 09:00:00,0.66999996,191.87
2024-11-05 12:00:00,0.65999997,191.59
2024-11-05 15:00:00,0.68,192.09
2024-11-05 18:00:00,0.75,191.24
2024-11-05 21:00:00,0.78,191.07
2024-11-06 00:00:00,0.74,198.81
2024-11-06 03:00:00,0.84,195.44
2024-11-06 06:00:00,0.81,194.91
2024-11-06 09:00:00,0.78,194.09
2024-11-06 12:00:00,0.84,200.41
2024-11-06 15:00:00,0.85999995,206.47
2024-11-06 18:00:00,0.82,197.59
2024-11-06 21:00:00,0.76,192.26
2024-11-07 00:00:00,0.71999997,190.0
2024-11-07 03:00:00,0.66999996,189.45
2024-11-07 06:00:00,0.65,193.78
2024-11-07 09:00:00,0.65999997,198.7
2024-11-07 12:00:00,0.65999997,200.1
2024-11-07 15:00:00,0.65999997,199.94
2024-11-07 18:00:00,0.64,198.87
2024-11-07 21:00:00,0.62,201.29
2024-11-08 00:00:00,0.64,205.08
2024-11-08 03:00:00,0.66999996,209.93
2024-11-08 06:00:00,0.71,211.99
2024-11-08 09:00:00,0.74,212.49
2024-11-08 12:00:00,0.77,216.49
2024-11-08 15:00:00,0.81,223.49
2024-11-08 18:00:00,0.81,219.3
2024-11-08 21:00:00,0.78999996,214.43
2024-11-09 00:00:00,0.96,214.9
2024-11-09 03:00:00,0.88,215.06999
2024-11-09 06:00:00,0.76,208.08
2024-11-09 09:00:00,0.81,201.64
2024-11-09 12:00:00,0.85999995,203.67
2024-11-09 15:00:00,,
2024-11-09 18:00:00,,
2024-11-09 21:00:00,,
2024-11-10 00:00:00,,
2024-11-10 03:00:00,0.95,195.56999
2024-11-10 06:00:00,0.96,196.41
2024-11-10 09:00:00,0.95,195.93
2024-11-10 12:00:00,1.04,198.7
2024-11-10 15:00:00,1.12,202.77
2024-11-10 18:00:00,1.09,200.98
2024-11-10 21:00:00,1.06,195.35
2024-11-11 00:00:00,1.06,187.28
2024-11-11 03:00:00,1.04,184.62
2024-11-11 06:00:00,1.0,184.01
2024-11-11 09:00:00,0.94,184.29
2024-11-11 12:00:00,0.94,186.06
2024-11-11 15:00:00,0.96,189.13
2024-11-11 18:00:00,1.0,187.08
2024-11-11 21:00:00,0.84999996,188.17
2024-11-12 00:00:00,0.84999996,187.51
2024-11-12 03:00:00,0.87,187.43
2024-11-12 06:00:00,0.84999996,188.34
2024-11-12 09:00:00,0.79999995,188.19
2024-11-12 12:00:00,0.79999995,187.95
2024-11-12 15:00:00,0.77,188.87
2024-11-12 18:00:00,0.76,187.34
2024-11-12 21:00:00,0.75,186.38
2024-11-13 00:00:00,0.78,187.25
2024-11-13 03:00:00,0.83,183.62
2024-11-13 06:00:00,0.9,185.61
2024-11-13 09:00:00,0.81,187.23
2024-11-13 12:00:00,0.87,188.3
2024-11-13 15:00:00,0.9,188.67
2024-11-13 18:00:00,0.93,190.93
2024-11-13 21:00:00,0.98999995,192.59
2024-11-14 00:00:00,1.01,193.0
2024-11-14 03:00:00,1.0,193.2
2024-11-14 06:00:00,0.96999997,193.29
2024-11-14 09:00:00,1.01,193.42
2024-11-14 12:00:00,0.96,192.19
2024-11-14 15:00:00,0.98999995,192.37
2024-11-14 18:00:00,0.95,191.22
2024-11-14 21:00:00,0.98999995,191.86
2024-11-15 00:00:00,1.0799999,190.26
2024-11-15 03:00:00,1.03,190.52
2024-11-15 06:00:00,0.96,190.37
2024-11-15 09:00:00,1.04,190.23
2024-11-15 12:00:00,1.01,187.22
2024-11-15 15:00:00,0.9,188.69
2024-11-15 18:00:00,0.84,190.25
2024-11-15 21:00:00,0.93,188.58
2024-11-16 00:00:00,0.85999995,189.67
2024-11-16 03:00:00,0.82,190.97
2024-11-16 06:00:00,0.78,190.59
2024-11-16 09:00:00,0.78,190.07
2024-11-16 12:00:00,0.76,188.87
2024-11-16 15:00:00,0.84,185.63
2024-11-16 18:00:00,0.76,185.88
2024-11-16 21:00:00,0.75,184.42
2024-11-17 00:00:00,0.76,184.33
2024-11-17 03:00:00,0.77,185.57
2024-11-17 06:00:00,0.78,188.11
2024-11-17 09:00:00,0.83,189.05
2024-11-17 12:00:00,0.81,191.28
2024-11-17 15:00:00,0.82,192.72
2024-11-17 18:00:00,0.83,193.6
2024-11-17 21:00:00,0.88,193.92
2024-11-18 00:00:00,0.9,195.06999
2024-11-18 03:00:00,0.93,195.59
2024-11-18 06:00:00,0.97999996,196.74
2024-11-18 09:00:00,0.96,195.85
2024-11-18 12:00:00,0.94,196.01
2024-11-18 15:00:00,0.97999996,192.59
2024-11-18 18:00:00,0.97999996,193.59
2024-11-18 21:00:00,0.98999995,193.79
2024-11-19 00:00:00,1.02,194.27
2024-11-19 03:00:00,1.04,197.74
2024-11-19 06:00:00,1.12,198.26
2024-11-19 09:00:00,1.13,197.94
2024-11-19 12:00:00,1.16,203.16
2024-11-19 15:00:00,1.2099999,202.41
2024-11-19 18:00:00,1.3199999,200.55
2024-11-19 21:00:00,1.38,199.01
2024-11-20 00:00:00,1.35,198.48
2024-11-20 03:00:00,1.3,196.96
2024-11-20 06:00:00,1.26,195.09
2024-11-20 09:00:00,1.37,194.96
2024-11-20 12:00:00,1.3299999,193.27
2024-11-20 15:00:00,1.38,193.13
2024-11-20 18:00:00,1.3199999,193.68
2024-11-20 21:00:00,1.3399999,194.66
2024-11-21 00:00:00,1.31,195.01
2024-11-21 03:00:00,1.29,195.35
2024-11-21 06:00:00,1.24,195.88
2024-11-21 09:00:00,1.23,195.71
2024-11-21 12:00:00,1.1999999,195.93
2024-11-21 15:00:00,1.18,196.05
2024-11-21 18:00:00,1.22,197.58
2024-11-21 21:00:00,1.1899999,199.74
2024-11-22 00:00:00,1.18,199.66
2024-11-22 03:00:00,1.14,199.35
2024-11-22 06:00:00,1.1899999,199.0
2024-11-22 09:00:00,1.13,198.83
2024-11-22 12:00:00,1.17,199.39
2024-11-22 15:00:00,1.06,198.69
2024-11-22 18:00:00,1.02,197.22
2024-11-22 21:00:00,0.95,197.5
2024-11-23 00:00:00,0.93,195.02
2024-11-23 03:00:00,0.90999997,193.36
2024-11-23 06:00:00,0.90999997,193.04
2024-11-23 09:00:00,0.84999996,193.07
2024-11-23 12:00:00,0.88,193.37
2024-11-23 15:00:00,0.88,194.48
2024-11-23 18:00:00,0.9,198.06999
2024-11-23 21:00:00,0.91999996,199.55
2024-11-24 00:00:00,0.9,198.66
2024-11-24 03:00:00,0.87,195.7
2024-11-24 06:00:00,0.84,193.9
2024-11-24 09:00:00,0.85999995,199.1
2024-11-24 12:00:00,0.9,224.39
2024-11-24 15:00:00,0.96999997,240.76
2024-11-24 18:00:00,0.89,235.26
2024-11-24 21:00:00,0.85999995,235.92
2024-11-25 00:00:00,0.88,216.93
2024-11-25 03:00:00,0.87,201.13
2024-11-25 06:00:00,0.95,223.34
2024-11-25 09:00:00,1.13,266.8
2024-11-25 12:00:00,1.36,307.05
2024-11-25 15:00:00,1.4399999,315.13998
2024-11-25 18:00:00,1.43,319.19
2024-11-25 21:00:00,1.37,319.97
2024-11-26 00:00:00,1.4,319.24
2024-11-26 03:00:00,1.4399999,318.34
2024-11-26 06:00:00,1.6899999,316.53
2024-11-26 09:00:00,1.77,315.06
2024-11-26 12:00:00,1.64,312.45
2024-11-26 15:00:00,1.64,308.88
2024-11-26 18:00:00,1.63,304.26
2024-11-26 21:00:00,1.5699999,301.38998
2024-11-27 00:00:00,1.5899999,303.07
2024-11-27 03:00:00,1.66,306.03
2024-11-27 06:00:00,1.77,309.38998
2024-11-27 09:00:00,1.9,312.07
2024-11-27 12:00:00,1.92,312.77
2024-11-27 15:00:00,1.8399999,311.51
2024-11-27 18:00:00,1.75,309.02
2024-11-27 21:00:00,1.66,306.7
2024-11-28 00:00:00,1.55,302.56
2024-11-28 03:00:00,1.42,294.9
2024-11-28 06:00:00,1.27,282.59
2024-11-28 09:00:00,1.17,267.0
2024-11-28 12:00:00,1.15,262.2
2024-11-28 15:00:00,1.12,253.77
2024-11-28 18:00:00,1.04,238.79
2024-11-28 21:00:00,1.02,215.33
2024-11-29 00:00:00,0.95,206.16
2024-11-29 03:00:00,0.91999996,201.33
2024-11-29 06:00:00,0.94,202.44
2024-11-29 09:00:00,1.01,207.81999
2024-11-29 12:00:00,1.1,213.31999
2024-11-29 15:00:00,1.2099999,213.16
2024-11-29 18:00:00,1.42,211.23
2024-11-29 21:00:00,1.41,211.46
2024-11-30 00:00:00,1.35,215.17
2024-11-30 03:00:00,1.36,215.69
2024-11-30 06:00:00,1.5799999,216.98
2024-11-30 09:00:00,1.56,221.74
2024-11-30 12:00:00,1.55,226.7
2024-11-30 15:00:00,1.62,231.11
2024-11-30 18:00:00,1.7199999,233.03
2024-11-30 21:00:00,1.81,234.66
2024-12-01 00:00:00,1.9399999,237.64
2024-12-01 03:00:00,1.9799999,239.62
2024-12-01 06:00:00,2.03,239.27
2024-12-01 09:00:00,2.05,237.9
2024-12-01 12:00:00,2.05,236.69
2024-12-01 15:00:00,2.05,235.34
2024-12-01 18:00:00,1.9799999,233.76
2024-12-01 21:00:00,1.9599999,232.44
2024-12-02 00:00:00,1.92,232.01
2024-12-02 03:00:00,1.9799999,230.08
2024-12-02 06:00:00,1.9599999,233.81
2024-12-02 09:00:00,1.9699999,232.34
2024-12-02 12:00:00,2.0,231.34
2024-12-02 15:00:00,1.92,232.84
2024-12-02 18:00:00,1.86,234.95999
2024-12-02 21:00:00,1.78,235.36
2024-12-03 00:00:00,1.6999999,236.36
2024-12-03 03:00:00,1.62,236.55
2024-12-03 06:00:00,1.56,234.48
2024-12-03 09:00:00,1.51,232.4
2024-12-03 12:00:00,1.43,232.31999
2024-12-03 15:00:00,1.36,230.81
2024-12-03 18:00:00,1.31,228.66
2024-12-03 21:00:00,1.29,226.91
2024-12-04 00:00:00,1.09,225.04
2024-12-04 03:00:00,1.16,221.17
2024-12-04 06:00:00,1.1,222.52
2024-12-04 09:00:00,1.04,224.93
2024-12-04 12:00:00,1.01,221.45
2024-12-04 15:00:00,0.96999997,219.87
2024-12-04 18:00:00,1.11,214.95
2024-12-04 21:00:00,1.0,219.9
2024-12-05 00:00:00,0.9,220.02
2024-12-05 03:00:00,0.87,214.44
2024-12-05 06:00:00,0.84999996,207.55
2024-12-05 09:00:00,0.81,204.27
2024-12-05 12:00:00,0.76,202.44
2024-12-05 15:00:00,0.77,198.74
2024-12-05 18:00:00,0.75,196.14
2024-12-05 21:00:00,0.72999996,195.15
2024-12-06 00:00:00,0.74,193.48
2024-12-06 03:00:00,0.72999996,192.85
2024-12-06 06:00:00,0.71999997,190.78
2024-12-06 09:00:00,0.72999996,187.98
2024-12-06 12:00:00,0.72999996,187.0
2024-12-06 15:00:00,0.71999997,190.67
2024-12-06 18:00:00,0.74,193.64
2024-12-06 21:00:00,0.75,192.91
2024-12-07 00:00:00,0.77,191.06
2024-12-07 03:00:00,0.71999997,192.76
2024-12-07 06:00:00,0.66999996,195.56999
2024-12-07 09:00:00,0.66999996,193.35
2024-12-07 12:00:00,0.65,193.88
2024-12-07 15:00:00,0.66999996,191.07
2024-12-07 18:00:00,0.65999997,190.93
2024-12-07 21:00:00,0.65,189.59
2024-12-08 00:00:00,0.65999997,190.72
2024-12-08 03:00:00,0.65999997,189.84
2024-12-08 06:00:00,0.66999996,191.39
2024-12-08 09:00:00,0.65999997,190.75
2024-12-08 12:00:00,0.63,191.64
2024-12-08 15:00:00,0.64,189.96
2024-12-08 18:00:00,0.64,191.04
2024-12-08 21:00:00,0.57,193.4
2024-12-09 00:00:00,0.57,194.35
2024-12-09 03:00:00,0.65,192.97
2024-12-09 06:00:00,0.68,191.23
2024-12-09 09:00:00,0.71,191.56
2024-12-09 12:00:00,0.82,210.8
2024-12-09 15:00:00,0.79999995,226.97
2024-12-09 18:00:00,0.77,212.5
2024-12-09 21:00:00,0.78,202.83
2024-12-10 00:00:00,0.82,195.49
2024-12-10 03:00:00,0.78,192.32
2024-12-10 06:00:00,0.78999996,194.52
2024-12-10 09:00:00,0.87,210.15
2024-12-10 12:00:00,1.04,217.59
2024-12-10 15:00:00,1.13,213.62
2024-12-10 18:00:00,1.15,206.01
2024-12-10 21:00:00,1.13,201.42
2024-12-11 00:00:00,1.11,197.37
2024-12-11 03:00:00,1.12,195.39
2024-12-11 06:00:00,1.1899999,199.04
2024-12-11 09:00:00,1.23,206.62
2024-12-11 12:00:00,1.38,228.99
2024-12-11 15:00:00,1.38,249.89
2024-12-11 18:00:00,1.3199999,234.27
2024-12-11 21:00:00,1.23,228.51
2024-12-12 00:00:00,1.15,225.91
2024-12-12 03:00:00,1.14,222.34
2024-12-12 06:00:00,1.12,227.27
2024-12-12 09:00:00,1.1999999,247.20999
2024-12-12 12:00:00,1.27,262.77
2024-12-12 15:00:00,1.22,255.27
2024-12-12 18:00:00,1.13,232.29
2024-12-12 21:00:00,1.04,218.39
2024-12-13 00:00:00,0.96999997,210.67
2024-12-13 03:00:00,0.93,206.36
2024-12-13 06:00:00,0.94,202.94
2024-12-13 09:00:00,0.89,203.94
2024-12-13 12:00:00,0.9,202.38
2024-12-13 15:00:00,0.88,203.15
2024-12-13 18:00:00,0.88,202.31
2024-12-13 21:00:00,0.87,203.53
2024-12-14 00:00:00,0.88,203.83
2024-12-14 03:00:00,0.89,203.87
2024-12-14 06:00:00,0.9,202.46
2024-12-14 09:00:00,0.9,202.33
2024-12-14 12:00:00,1.0,201.92
2024-12-14 15:00:00,0.96999997,203.9
2024-12-14 18:00:00,0.96,206.22
2024-12-14 21:00:00,0.97999996,210.51
2024-12-15 00:00:00,1.16,207.44
2024-12-15 03:00:00,1.0799999,212.84
2024-12-15 06:00:00,1.05,218.59
2024-12-15 09:00:00,1.05,229.88
2024-12-15 12:00:00,1.1899999,239.23
2024-12-15 15:00:00,1.1899999,248.52
2024-12-15 18:00:00,1.2099999,251.77
2024-12-15 21:00:00,1.15,241.83
2024-12-16 00:00:00,1.12,233.66
2024-12-16 03:00:00,1.1,226.94
2024-12-16 06:00:00,1.13,229.53
2024-12-16 09:00:00,1.1999999,230.17
2024-12-16 12:00:00,1.23,221.24
2024-12-16 15:00:00,1.24,221.47
2024-12-16 18:00:00,1.27,219.17
2024-12-16 21:00:00,1.27,214.13
2024-12-17 00:00:00,1.26,209.02
2024-12-17 03:00:00,1.28,206.81
2024-12-17 06:00:00,1.24,209.6
2024-12-17 09:00:00,1.23,208.73
2024-12-17 12:00:00,1.28,205.78
2024-12-17 15:00:00,1.25,203.76
2024-12-17 18:00:00,1.26,202.03
2024-12-17 21:00:00,1.25,200.85
2024-12-18 00:00:00,1.24,199.63
2024-12-18 03:00:00,1.22,199.7
2024-12-18 06:00:00,1.18,199.72
2024-12-18 09:00:00,1.25,198.46
2024-12-18 12:00:00,1.23,199.4
2024-12-18 15:00:00,1.2099999,199.24
2024-12-18 18:00:00,1.17,197.21
2024-12-18 21:00:00,1.14,195.98
2024-12-19 00:00:00,1.14,196.55
2024-12-19 03:00:00,1.15,197.55
2024-12-19 06:00:00,1.06,198.02
2024-12-19 09:00:00,1.12,198.48
2024-12-19 12:00:00,1.17,200.66
2024-12-19 15:00:00,1.2099999,202.65
2024-12-19 18:00:00,1.1899999,203.42
2024-12-19 21:00:00,1.14,203.74
2024-12-20 00:00:00,1.06,203.64
2024-12-20 03:00:00,1.03,202.66
2024-12-20 06:00:00,1.01,202.97
2024-12-20 09:00:00,1.01,203.37
2024-12-20 12:00:00,1.02,203.98
2024-12-20 15:00:00,1.0799999,206.28
2024-12-20 18:00:00,1.09,207.29
2024-12-20 21:00:00,1.12,208.52
2024-12-21 00:00:00,1.18,210.25
2024-12-21 03:00:00,1.23,212.97
2024-12-21 06:00:00,1.3,214.13
2024-12-21 09:00:00,1.4,212.81999
2024-12-21 12:00:00,1.5,212.13
2024-12-21 15:00:00,1.5999999,212.19
2024-12-21 18:00:00,2.03,214.06
2024-12-21 21:00:00,2.07,215.29
2024-12-22 00:00:00,2.02,210.88
2024-12-22 03:00:00,1.91,213.49
2024-12-22 06:00:00,1.78,214.22
2024-12-22 09:00:00,1.62,215.63
2024-12-22 12:00:00,1.54,216.17
2024-12-22 15:00:00,1.52,212.36
2024-12-22 18:00:00,1.4499999,208.13
2024-12-22 21:00:00,1.3399999,206.24
2024-12-23 00:00:00,1.31,204.22
2024-12-23 03:00:00,1.27,201.33
2024-12-23 06:00:00,0.97999996,199.2
2024-12-23 09:00:00,1.02,199.93
2024-12-23 12:00:00,1.0699999,202.24
2024-12-23 15:00:00,1.0799999,201.81
2024-12-23 18:00:00,1.06,197.64
2024-12-23 21:00:00,1.02,196.15
2024-12-24 00:00:00,1.0,195.29
2024-12-24 03:00:00,0.97999996,194.89
2024-12-24 06:00:00,0.94,194.94
2024-12-24 09:00:00,0.91999996,195.09
2024-12-24 12:00:00,0.94,196.04
2024-12-24 15:00:00,0.97999996,196.24
2024-12-24 18:00:00,0.98999995,196.52
2024-12-24 21:00:00,0.97999996,197.39
2024-12-25 00:00:00,1.0699999,196.87
2024-12-25 03:00:00,1.0799999,196.61
2024-12-25 06:00:00,1.03,196.22
2024-12-25 09:00:00,1.02,196.09
2024-12-25 12:00:00,1.02,196.06999
2024-12-25 15:00:00,1.05,198.11
2024-12-25 18:00:00,1.06,199.42
2024-12-25 21:00:00,1.12,198.7
2024-12-26 00:00:00,0.96999997,200.58
2024-12-26 03:00:00,1.02,198.77
2024-12-26 06:00:00,1.0,198.36
2024-12-26 09:00:00,0.9,198.52
2024-12-26 12:00:00,0.89,198.56999
2024-12-26 15:00:00,0.85999995,199.27
2024-12-26 18:00:00,0.87,198.55
2024-12-26 21:00:00,0.95,197.78
2024-12-27 00:00:00,0.9,196.22
2024-12-27 03:00:00,0.79999995,197.47
2024-12-27 06:00:00,0.78,197.61
2024-12-27 09:00:00,0.78999996,196.96
2024-12-27 12:00:00,0.71,196.52
2024-12-27 15:00:00,0.66999996,197.05
2024-12-27 18:00:00,0.66999996,195.8
2024-12-27 21:00:00,0.65999997,195.74
2024-12-28 00:00:00,0.88,196.96
2024-12-28 03:00:00,0.88,200.01
2024-12-28 06:00:00,0.83,203.98
2024-12-28 09:00:00,0.77,203.88
2024-12-28 12:00:00,0.78999996,202.78
2024-12-28 15:00:00,0.81,201.38
2024-12-28 18:00:00,0.81,202.83
2024-12-28 21:00:00,0.88,204.35
2024-12-29 00:00:00,0.88,203.66
2024-12-29 03:00:00,0.84999996,199.6
2024-12-29 06:00:00,0.82,194.26
2024-12-29 09:00:00,0.82,192.8
2024-12-29 12:00:00,0.94,192.58
2024-12-29 15:00:00,0.95,202.4
2024-12-29 18:00:00,0.93,213.41
2024-12-29 21:00:00,0.95,210.58
2024-12-30 00:00:00,1.15,203.51
2024-12-30 03:00:00,1.06,198.55
2024-12-30 06:00:00,0.95,195.53
2024-12-30 09:00:00,0.9,191.85
2024-12-30 12:00:00,0.82,189.5
2024-12-30 15:00:00,0.78999996,188.43
2024-12-30 18:00:00,0.78999996,188.57
2024-12-30 21:00:00,0.84999996,188.52
2024-12-31 00:00:00,0.85999995,191.35
2024-12-31 03:00:00,0.84,191.74
2024-12-31 06:00:00,0.78,190.72
2024-12-31 09:00:00,0.74,191.44
2024-12-31 12:00:00,0.71,190.62
2024-12-31 15:00:00,0.75,189.83
2024-12-31 18:00:00,0.78999996,191.31
2024-12-31 21:00:00,0.74,206.45
2025-01-01 00:00:00,0.77,214.66
2025-01-01 03:00:00,0.78,209.19
2025-01-01 06:00:00,0.78,203.05
2025-01-01 09:00:00,0.75,199.99
2025-01-01 12:00:00,0.76,196.46
2025-01-01 15:00:00,0.75,201.37
2025-01-01 18:00:00,0.81,212.23
2025-01-01 21:00:00,0.85999995,217.48
2025-01-02 00:00:00,0.88,214.54
2025-01-02 03:00:00,0.91999996,212.78
2025-01-02 06:00:00,1.01,208.43
2025-01-02 09:00:00,0.93,204.29
2025-01-02 12:00:00,0.7,197.16
2025-01-02 15:00:00,0.88,192.61
2025-01-02 18:00:00,0.93,194.89
2025-01-02 21:00:00,0.96999997,194.16
2025-01-03 00:00:00,0.97999996,193.97
2025-01-03 03:00:00,0.94,197.36
2025-01-03 06:00:00,0.90999997,200.86
2025-01-03 09:00:00,0.9,205.4
2025-01-03 12:00:00,0.96999997,215.95
2025-01-03 15:00:00,0.98999995,218.28
2025-01-03 18:00:00,0.98999995,221.13
2025-01-03 21:00:00,1.03,224.17
2025-01-04 00:00:00,1.02,224.17
2025-01-04 03:00:00,0.96999997,219.89
2025-01-04 06:00:00,0.94,215.5
2025-01-04 09:00:00,0.91999996,210.38
2025-01-04 12:00:00,0.93,208.08
2025-01-04 15:00:00,0.90999997,202.67
2025-01-04 18:00:00,1.0,200.1
2025-01-04 21:00:00,0.84999996,199.36
2025-01-05 00:00:00,0.87,196.44
2025-01-05 03:00:00,0.85999995,198.02
2025-01-05 06:00:00,0.85999995,202.06
2025-01-05 09:00:00,0.9,204.12
2025-01-05 12:00:00,0.84999996,204.04
2025-01-05 15:00:00,0.84,202.44
2025-01-05 18:00:00,0.83,203.05
2025-01-05 21:00:00,0.82,204.36
2025-01-06 00:00:00,0.78999996,205.2
2025-01-06 03:00:00,0.75,205.23
2025-01-06 06:00:00,0.75,209.67
2025-01-06 09:00:00,0.74,221.86
2025-01-06 12:00:00,0.76,239.0
2025-01-06 15:00:00,0.76,244.8
2025-01-06 18:00:00,0.71,238.08
2025-01-06 21:00:00,0.66999996,232.34
2025-01-07 00:00:00,0.65999997,225.59
2025-01-07 03:00:00,0.64,218.19
2025-01-07 06:00:00,0.62,212.04
2025-01-07 09:00:00,0.59999996,209.58
2025-01-07 12:00:00,0.59999996,208.44
2025-01-07 15:00:00,0.59999996,209.77
2025-01-07 18:00:00,0.62,212.53
2025-01-07 21:00:00,0.65999997,218.04
2025-01-08 00:00:00,0.71,225.06999
2025-01-08 03:00:00,0.72999996,226.94
2025-01-08 06:00:00,0.71,224.8
2025-01-08 09:00:00,0.65,220.98
2025-01-08 12:00:00,0.64,215.62
2025-01-08 15:00:00,0.64,217.18
2025-01-08 18:00:00,0.66999996,227.44
2025-01-08 21:00:00,0.94,240.72
2025-01-09 00:00:00,0.84,256.02
2025-01-09 03:00:00,0.72999996,253.87
2025-01-09 06:00:00,0.66999996,240.95999
2025-01-09 09:00:00,0.64,232.75
2025-01-09 12:00:00,0.64,230.83
2025-01-09 15:00:00,0.66999996,238.81999
2025-01-09 18:00:00,0.72999996,253.55
2025-01-09 21:00:00,0.74,256.08
2025-01-10 00:00:00,0.88,254.44
2025-01-10 03:00:00,0.81,256.44
2025-01-10 06:00:00,0.71,259.42
2025-01-10 09:00:00,0.65,260.38998
2025-01-10 12:00:00,0.64,254.89
2025-01-10 15:00:00,0.66999996,272.44
2025-01-10 18:00:00,0.78,290.03
2025-01-10 21:00:00,0.82,294.85
2025-01-11 00:00:00,0.78999996,293.16
2025-01-11 03:00:00,0.77,287.44
2025-01-11 06:00:00,0.79999995,292.8
2025-01-11 09:00:00,0.84,298.57
2025-01-11 12:00:00,0.9,305.47
2025-01-11 15:00:00,0.9,301.25
2025-01-11 18:00:00,0.87,299.78
2025-01-11 21:00:00,0.88,304.35
2025-01-12 00:00:00,0.9,303.95
2025-01-12 03:00:00,0.9,300.11
2025-01-12 06:00:00,0.9,294.91
2025-01-12 09:00:00,0.90999997,293.13998
2025-01-12 12:00:00,0.90999997,291.0
2025-01-12 15:00:00,0.87,281.71
2025-01-12 18:00:00,0.81,269.47
2025-01-12 21:00:00,0.77,262.99
2025-01-13 00:00:00,0.75,260.96
2025-01-13 03:00:00,0.71,244.13
2025-01-13 06:00:00,0.7,226.85
2025-01-13 09:00:00,0.72999996,216.36
2025-01-13 12:00:00,0.78999996,224.09
2025-01-13 15:00:00,0.81,224.2
2025-01-13 18:00:00,0.87,220.74
2025-01-13 21:00:00,0.84999996,222.26
2025-01-14 00:00:00,0.85999995,213.68
2025-01-14 03:00:00,0.88,206.25
2025-01-14 06:00:00,0.89,201.21
2025-01-14 09:00:00,0.91999996,197.98
2025-01-14 12:00:00,0.96,197.28
2025-01-14 15:00:00,1.0,197.26
2025-01-14 18:00:00,1.05,199.58
2025-01-14 21:00:00,1.1,202.73
2025-01-15 00:00:00,1.17,204.93
2025-01-15 03:00:00,1.2099999,203.31999
2025-01-15 06:00:00,1.24,200.37
2025-01-15 09:00:00,1.25,199.38
2025-01-15 12:00:00,1.23,197.87
2025-01-15 15:00:00,1.23,196.17
2025-01-15 18:00:00,1.26,194.94
2025-01-15 21:00:00,1.24,195.02
2025-01-16 00:00:00,1.31,200.64
2025-01-16 03:00:00,1.3299999,204.94
2025-01-16 06:00:00,1.23,202.56999
2025-01-16 09:00:00,1.13,199.44
2025-01-16 12:00:00,1.14,199.98
2025-01-16 15:00:00,1.09,198.37
2025-01-16 18:00:00,1.0799999,198.97
2025-01-16 21:00:00,1.0,199.52
2025-01-17 00:00:00,1.29,199.6
2025-01-17 03:00:00,1.16,239.95
2025-01-17 06:00:00,1.12,237.36
2025-01-17 09:00:00,0.97999996,225.28
2025-01-17 12:00:00,0.96,221.93
2025-01-17 15:00:00,1.0,232.77
2025-01-17 18:00:00,1.17,254.19
2025-01-17 21:00:00,1.13,278.24
2025-01-18 00:00:00,1.0699999,274.4
2025-01-18 03:00:00,0.95,256.37
2025-01-18 06:00:00,1.14,236.01
2025-01-18 09:00:00,1.0,224.06999
2025-01-18 12:00:00,0.96,211.55
2025-01-18 15:00:00,0.96999997,207.29
2025-01-18 18:00:00,1.14,210.41
2025-01-18 21:00:00,1.14,210.18
2025-01-19 00:00:00,1.15,206.64
2025-01-19 03:00:00,1.17,201.18
2025-01-19 06:00:00,1.11,197.44
2025-01-19 09:00:00,1.1999999,195.13
2025-01-19 12:00:00,1.22,193.86
2025-01-19 15:00:00,1.2099999,194.02
2025-01-19 18:00:00,1.27,194.35
2025-01-19 21:00:00,1.29,195.91
2025-01-20 00:00:00,1.4,195.65
2025-01-20 03:00:00,1.41,194.26
2025-01-20 06:00:00,1.42,193.12
2025-01-20 09:00:00,1.3299999,192.85
2025-01-20 12:00:00,1.24,193.4
2025-01-20 15:00:00,1.1999999,195.94
2025-01-20 18:00:00,1.1999999,199.59
2025-01-20 21:00:00,1.2099999,202.83
2025-01-21 00:00:00,1.16,204.29
2025-01-21 03:00:00,1.12,202.95
2025-01-21 06:00:00,1.09,202.7
2025-01-21 09:00:00,1.11,203.55
2025-01-21 12:00:00,1.05,207.56
2025-01-21 15:00:00,1.0699999,220.92
2025-01-21 18:00:00,1.0799999,224.54
2025-01-21 21:00:00,1.0,229.56999
2025-01-22 00:00:00,0.95,216.04
2025-01-22 03:00:00,0.89,201.61
2025-01-22 06:00:00,0.85999995,194.16
2025-01-22 09:00:00,0.81,191.39
2025-01-22 12:00:00,0.78999996,189.87
2025-01-22 15:00:00,0.78,190.19
2025-01-22 18:00:00,0.78999996,192.59
2025-01-22 21:00:00,0.74,195.41
2025-01-23 00:00:00,0.75,204.03
2025-01-23 03:00:00,0.75,202.48
2025-01-23 06:00:00,0.69,201.45
2025-01-23 09:00:00,0.68,201.95
2025-01-23 12:00:00,0.81,199.77
2025-01-23 15:00:00,0.78,198.46
2025-01-23 18:00:00,0.79999995,198.97
2025-01-23 21:00:00,0.79999995,202.77
2025-01-24 00:00:00,0.78999996,209.31
2025-01-24 03:00:00,0.77,212.67
2025-01-24 06:00:00,0.72999996,210.62
2025-01-24 09:00:00,0.7,204.56
2025-01-24 12:00:00,0.66999996,201.05
2025-01-24 15:00:00,0.66999996,196.98
2025-01-24 18:00:00,0.66999996,196.01
2025-01-24 21:00:00,0.7,195.64
2025-01-25 00:00:00,0.7,200.55
2025-01-25 03:00:00,0.71,203.89
2025-01-25 06:00:00,0.78999996,203.27
2025-01-25 09:00:00,0.76,204.5
2025-01-25 12:00:00,0.74,202.47
2025-01-25 15:00:00,0.76,202.31999
2025-01-25 18:00:00,0.83,209.42
2025-01-25 21:00:00,0.85999995,219.62
2025-01-26 00:00:00,0.87,223.41
2025-01-26 03:00:00,0.84999996,217.49
2025-01-26 06:00:00,0.84,210.25
2025-01-26 09:00:00,0.83,205.9
2025-01-26 12:00:00,0.83,203.87
2025-01-26 15:00:00,0.84,205.31999
2025-01-26 18:00:00,0.87,209.62
2025-01-26 21:00:00,0.94,221.26
2025-01-27 00:00:00,0.96,228.55
2025-01-27 03:00:00,0.94,223.37
2025-01-27 06:00:00,0.93,215.84
2025-01-27 09:00:00,0.91999996,207.89
2025-01-27 12:00:00,0.96999997,207.2
2025-01-27 15:00:00,0.90999997,209.4
2025-01-27 18:00:00,0.93,209.97
2025-01-27 21:00:00,0.96,210.88
2025-01-28 00:00:00,0.89,206.6
2025-01-28 03:00:00,0.84,199.66
2025-01-28 06:00:00,0.85999995,195.87
2025-01-28 09:00:00,0.75,193.96
2025-01-28 12:00:00,0.71999997,190.3
2025-01-28 15:00:00,0.69,189.38
2025-01-28 18:00:00,0.68,190.13
2025-01-28 21:00:00,0.69,194.55
2025-01-29 00:00:00,0.76,203.38
2025-01-29 03:00:00,0.81,214.39
2025-01-29 06:00:00,0.94,218.6
2025-01-29 09:00:00,0.88,222.56
2025-01-29 12:00:00,0.82,220.95
2025-01-29 15:00:00,0.79999995,220.87
2025-01-29 18:00:00,0.79999995,224.16
2025-01-29 21:00:00,0.82,233.79
2025-01-30 00:00:00,0.79999995,234.27
2025-01-30 03:00:00,0.74,229.73
2025-01-30 06:00:00,0.71,219.95
2025-01-30 09:00:00,0.69,211.06
2025-01-30 12:00:00,0.68,207.16
2025-01-30 15:00:00,0.65999997,207.78
2025-01-30 18:00:00,0.66999996,209.23
2025-01-30 21:00:00,0.68,210.44
2025-01-31 00:00:00,0.66999996,208.16
2025-01-31 03:00:00,0.65,204.01
2025-01-31 06:00:00,0.65,199.7
2025-01-31 09:00:00,0.63,195.94
2025-01-31 12:00:00,0.61,193.71
2025-01-31 15:00:00,0.61,191.6
2025-01-31 18:00:00,0.64,190.95
2025-01-31 21:00:00,0.59999996,189.72
2025-02-01 00:00:00,0.58,188.33
2025-02-01 03:00:00,0.58,186.61
2025-02-01 06:00:00,0.59,186.02
2025-02-01 09:00:00,0.59,184.67
2025-02-01 12:00:00,0.59,184.02
2025-02-01 15:00:00,0.58,182.4
2025-02-01 18:00:00,0.59,181.49
2025-02-01 21:00:00,0.62,180.38
2025-02-02 00:00:00,0.61,180.23
2025-02-02 03:00:00,0.57,179.75
2025-02-02 06:00:00,0.5,178.93
2025-02-02 09:00:00,0.56,178.7
2025-02-02 12:00:00,0.58,179.16
2025-02-02 15:00:00,0.62,185.08
2025-02-02 18:00:00,0.68,192.48
2025-02-02 21:00:00,0.7,196.22
2025-02-03 00:00:00,0.66999996,196.48
2025-02-03 03:00:00,0.63,192.81
2025-02-03 06:00:00,0.59999996,190.31
2025-02-03 09:00:00,0.59,189.02
2025-02-03 12:00:00,0.61,188.02
2025-02-03 15:00:00,0.61,192.73
2025-02-03 18:00:00,0.64,201.31999
2025-02-03 21:00:00,0.65999997,212.08
2025-02-04 00:00:00,0.65,211.89
2025-02-04 03:00:00,0.61,205.84
2025-02-04 06:00:00,0.58,202.01
2025-02-04 09:00:00,0.57,197.59
2025-02-04 12:00:00,0.58,196.92
2025-02-04 15:00:00,0.58,197.37
2025-02-04 18:00:00,0.59999996,201.71
2025-02-04 21:00:00,0.64,206.86
2025-02-05 00:00:00,0.65999997,214.53
2025-02-05 03:00:00,0.63,214.34
2025-02-05 06:00:00,0.62,207.88
2025-02-05 09:00:00,0.63,201.79
2025-02-05 12:00:00,0.64,202.81
2025-02-05 15:00:00,0.78,209.63
2025-02-05 18:00:00,0.87,220.49
2025-02-05 21:00:00,0.87,218.59
2025-02-06 00:00:00,0.83,212.06
2025-02-06 03:00:00,0.79999995,202.26
2025-02-06 06:00:00,0.78999996,195.26
2025-02-06 09:00:00,0.78,192.17
2025-02-06 12:00:00,0.79999995,190.8
2025-02-06 15:00:00,0.81,188.73
2025-02-06 18:00:00,0.82,188.74
2025-02-06 21:00:00,0.83,191.28
2025-02-07 00:00:00,0.89,192.57
2025-02-07 03:00:00,1.0799999,192.14
2025-02-07 06:00:00,0.96,192.78
2025-02-07 09:00:00,0.9,192.1
2025-02-07 12:00:00,0.87,193.28
2025-02-07 15:00:00,1.13,206.74
2025-02-07 18:00:00,1.0799999,248.93
2025-02-07 21:00:00,1.05,243.23
2025-02-08 00:00:00,1.1,238.36
2025-02-08 03:00:00,0.93,210.38
2025-02-08 06:00:00,0.84,203.43
2025-02-08 09:00:00,0.78999996,199.44
2025-02-08 12:00:00,0.75,200.6
2025-02-08 15:00:00,0.75,205.92
2025-02-08 18:00:00,0.76,222.35
2025-02-08 21:00:00,0.77,229.55
2025-02-09 00:00:00,0.75,221.48
2025-02-09 03:00:00,0.72999996,212.55
2025-02-09 06:00:00,0.72999996,206.92
2025-02-09 09:00:00,0.76,209.05
2025-02-09 12:00:00,0.78,211.55
2025-02-09 15:00:00,0.78999996,214.58
2025-02-09 18:00:00,0.77,215.25
2025-02-09 21:00:00,0.76,212.47
2025-02-10 00:00:00,0.75,210.99
2025-02-10 03:00:00,0.72999996,206.65
2025-02-10 06:00:00,0.71,202.62
2025-02-10 09:00:00,0.69,200.24
2025-02-10 12:00:00,0.68,200.0
2025-02-10 15:00:00,0.69,202.7
2025-02-10 18:00:00,0.74,207.58
2025-02-10 21:00:00,0.77,212.49
2025-02-11 00:00:00,0.79999995,209.49
2025-02-11 03:00:00,0.79999995,208.51
2025-02-11 06:00:00,0.77,205.92
2025-02-11 09:00:00,0.77,202.29
2025-02-11 12:00:00,0.77,201.34
2025-02-11 15:00:00,0.81,202.64
2025-02-11 18:00:00,0.85999995,206.73
2025-02-11 21:00:00,0.9,206.31
2025-02-12 00:00:00,0.9,203.96
2025-02-12 03:00:00,0.89,202.66
2025-02-12 06:00:00,0.85999995,201.06
2025-02-12 09:00:00,0.84,200.72
2025-02-12 12:00:00,0.81,199.33
2025-02-12 15:00:00,0.87,197.61
2025-02-12 18:00:00,0.84999996,202.62
2025-02-12 21:00:00,0.87,206.93
2025-02-13 00:00:00,0.87,204.78
2025-02-13 03:00:00,0.83,201.36
2025-02-13 06:00:00,0.78999996,198.54
2025-02-13 09:00:00,0.93,196.83
2025-02-13 12:00:00,0.83,195.25
2025-02-13 15:00:00,0.78999996,194.33
2025-02-13 18:00:00,0.88,194.6
2025-02-13 21:00:00,0.79999995,200.75
2025-02-14 00:00:00,0.79999995,203.7
2025-02-14 03:00:00,0.78,200.55
2025-02-14 06:00:00,0.76,197.71
2025-02-14 09:00:00,0.72999996,196.61
2025-02-14 12:00:00,0.72999996,195.16
2025-02-14 15:00:00,0.74,195.52
2025-02-14 18:00:00,0.76,192.3
2025-02-14 21:00:00,0.71,188.76
2025-02-15 00:00:00,0.78999996,185.46
2025-02-15 03:00:00,0.89,183.69
2025-02-15 06:00:00,0.78999996,183.39
2025-02-15 09:00:00,0.97999996,182.55
2025-02-15 12:00:00,0.85999995,184.38
2025-02-15 15:00:00,0.91999996,185.1
2025-02-15 18:00:00,0.89,187.28
2025-02-15 21:00:00,0.83,188.8
2025-02-16 00:00:00,0.78999996,189.69
2025-02-16 03:00:00,0.74,189.84
2025-02-16 06:00:00,0.71,189.48
2025-02-16 09:00:00,0.71999997,190.26
2025-02-16 12:00:00,0.71999997,190.36
2025-02-16 15:00:00,0.72999996,191.15
2025-02-16 18:00:00,0.7,192.69
2025-02-16 21:00:00,0.78,195.77
2025-02-17 00:00:00,0.88,199.85
2025-02-17 03:00:00,0.89,199.3
2025-02-17 06:00:00,0.85999995,197.35
2025-02-17 09:00:00,0.78999996,193.7
2025-02-17 12:00:00,0.82,191.52
2025-02-17 15:00:00,0.71999997,189.28
2025-02-17 18:00:00,0.96,190.18
2025-02-17 21:00:00,0.87,192.49
2025-02-18 00:00:00,0.93,190.54
2025-02-18 03:00:00,0.83,191.78
2025-02-18 06:00:00,0.77,193.13
2025-02-18 09:00:00,0.78999996,192.08
2025-02-18 12:00:00,0.81,189.69
2025-02-18 15:00:00,0.85999995,187.38
2025-02-18 18:00:00,0.84999996,185.38
2025-02-18 21:00:00,0.88,184.51
2025-02-19 00:00:00,0.9,185.8
2025-02-19 03:00:00,0.96999997,186.67
2025-02-19 06:00:00,0.98999995,187.4
2025-02-19 09:00:00,1.03,186.29
2025-02-19 12:00:00,1.1,185.21
2025-02-19 15:00:00,1.0699999,185.51
2025-02-19 18:00:00,0.97999996,186.22
2025-02-19 21:00:00,0.96,185.82
2025-02-20 00:00:00,0.96,185.65
2025-02-20 03:00:00,1.03,185.13
2025-02-20 06:00:00,1.1,185.22
2025-02-20 09:00:00,1.13,186.08
2025-02-20 12:00:00,1.17,186.44
2025-02-20 15:00:00,1.16,187.36
2025-02-20 18:00:00,1.15,187.73
2025-02-20 21:00:00,1.1,189.17
2025-02-21 00:00:00,1.1,189.99
2025-02-21 03:00:00,1.09,191.02
2025-02-21 06:00:00,1.05,191.48
2025-02-21 09:00:00,1.02,192.37
2025-02-21 12:00:00,1.04,192.73
2025-02-21 15:00:00,1.05,194.33
2025-02-21 18:00:00,1.03,194.72
2025-02-21 21:00:00,1.02,195.22
2025-02-22 00:00:00,1.03,195.69
2025-02-22 03:00:00,1.04,196.33
2025-02-22 06:00:00,1.04,197.36
2025-02-22 09:00:00,1.05,197.65
2025-02-22 12:00:00,1.05,197.96
2025-02-22 15:00:00,1.0699999,198.31999
2025-02-22 18:00:00,1.0699999,198.26
2025-02-22 21:00:00,1.0799999,198.31999
2025-02-23 00:00:00,1.0799999,198.59
2025-02-23 03:00:00,1.0799999,199.13
2025-02-23 06:00:00,1.09,199.96
2025-02-23 09:00:00,1.04,199.52
2025-02-23 12:00:00,1.03,200.42
2025-02-23 15:00:00,0.98999995,200.37
2025-02-23 18:00:00,1.01,200.15
2025-02-23 21:00:00,0.96999997,200.51
2025-02-24 00:00:00,0.98999995,202.31
2025-02-24 03:00:00,0.95,202.9
2025-02-24 06:00:00,0.97999996,202.99
2025-02-24 09:00:00,0.95,201.85
2025-02-24 12:00:00,0.91999996,200.56
2025-02-24 15:00:00,0.90999997,200.56
2025-02-24 18:00:00,0.91999996,203.22
2025-02-24 21:00:00,0.94,204.28
2025-02-25 00:00:00,0.95,204.42
2025-02-25 03:00:00,0.96999997,203.33
2025-02-25 06:00:00,0.96,202.09
2025-02-25 09:00:00,1.0,202.27
2025-02-25 12:00:00,1.0,205.77
2025-02-25 15:00:00,1.13,213.58
2025-02-25 18:00:00,1.18,216.84
2025-02-25 21:00:00,1.1999999,212.71
2025-02-26 00:00:00,1.17,208.66
2025-02-26 03:00:00,1.13,205.93
2025-02-26 06:00:00,1.1,204.7
2025-02-26 09:00:00,1.09,202.77
2025-02-26 12:00:00,1.0799999,202.81
2025-02-26 15:00:00,1.0699999,202.22
2025-02-26 18:00:00,1.0699999,204.48
2025-02-26 21:00:00,1.0699999,206.81
2025-02-27 00:00:00,1.29,209.06
2025-02-27 03:00:00,1.18,209.8
2025-02-27 06:00:00,1.1,205.72
2025-02-27 09:00:00,0.96999997,203.76
2025-02-27 12:00:00,0.84,200.33
2025-02-27 15:00:00,0.88,199.05
2025-02-27 18:00:00,0.91999996,199.4
2025-02-27 21:00:00,0.84,200.63
2025-02-28 00:00:00,0.82,200.83
2025-02-28 03:00:00,0.81,200.27
2025-02-28 06:00:00,0.78999996,199.66
2025-02-28 09:00:00,0.78,199.46
2025-02-28 12:00:00,0.78,197.24
2025-02-28 15:00:00,0.78,195.58
2025-02-28 18:00:00,0.88,194.62
2025-02-28 21:00:00,0.83,194.74
2025-03-01 00:00:00,0.84999996,193.37
2025-03-01 03:00:00,0.87,192.64
2025-03-01 06:00:00,0.71999997,191.01
2025-03-01 09:00:00,0.78999996,189.15
2025-03-01 12:00:00,0.82,187.66
2025-03-01 15:00:00,0.79999995,186.69
2025-03-01 18:00:00,0.78999996,187.27
2025-03-01 21:00:00,0.78999996,187.01
2025-03-02 00:00:00,0.87,186.81
2025-03-02 03:00:00,0.83,187.47
2025-03-02 06:00:00,0.76,188.12
2025-03-02 09:00:00,0.85999995,188.82
2025-03-02 12:00:00,0.96,190.34
2025-03-02 15:00:00,1.01,192.11
2025-03-02 18:00:00,1.04,192.88
2025-03-02 21:00:00,1.0699999,194.99
2025-03-03 00:00:00,1.26,196.98
2025-03-03 03:00:00,1.25,202.18
2025-03-03 06:00:00,1.27,204.66
2025-03-03 09:00:00,1.23,205.39
2025-03-03 12:00:00,1.1899999,207.31
2025-03-03 15:00:00,1.16,206.96
2025-03-03 18:00:00,1.15,207.8
2025-03-03 21:00:00,1.15,206.03
2025-03-04 00:00:00,1.05,205.12
2025-03-04 03:00:00,0.95,203.83
2025-03-04 06:00:00,0.88,203.05
2025-03-04 09:00:00,0.84999996,201.2
2025-03-04 12:00:00,0.79999995,201.29
2025-03-04 15:00:00,0.78999996,200.63
2025-03-04 18:00:00,0.72999996,201.27
2025-03-04 21:00:00,0.69,199.87
2025-03-05 00:00:00,0.7,199.09
2025-03-05 03:00:00,0.7,199.13
2025-03-05 06:00:00,0.68,199.37
2025-03-05 09:00:00,0.65999997,198.13
2025-03-05 12:00:00,0.62,197.63
2025-03-05 15:00:00,0.62,194.98
2025-03-05 18:00:00,0.59999996,192.74
2025-03-05 21:00:00,0.59,191.01
2025-03-06 00:00:00,0.58,189.92
2025-03-06 03:00:00,0.59999996,189.37
2025-03-06 06:00:00,0.55,189.13
2025-03-06 09:00:00,0.51,189.41
2025-03-06 12:00:00,0.48999998,188.95
2025-03-06 15:00:00,0.48999998,189.42
2025-03-06 18:00:00,0.48,191.0
2025-03-06 21:00:00,0.48999998,190.89
2025-03-07 00:00:00,0.5,190.69
2025-03-07 03:00:00,0.5,190.34
2025-03-07 06:00:00,0.5,191.14
2025-03-07 09:00:00,0.5,190.71
2025-03-07 12:00:00,0.51,191.14
2025-03-07 15:00:00,0.53,190.65
2025-03-07 18:00:00,0.53,191.26
2025-03-07 21:00:00,0.57,190.0
2025-03-08 00:00:00,0.56,190.62
2025-03-08 03:00:00,0.56,190.37
2025-03-08 06:00:00,0.57,189.25
2025-03-08 09:00:00,0.58,188.45
2025-03-08 12:00:00,0.65,196.83
2025-03-08 15:00:00,0.64,195.46
2025-03-08 18:00:00,0.61,191.02
2025-03-08 21:00:00,0.57,189.41
2025-03-09 00:00:00,0.59,190.0
2025-03-09 03:00:00,0.57,189.67
2025-03-09 06:00:00,0.55,190.51
2025-03-09 09:00:00,0.61,192.51
2025-03-09 12:00:00,0.57,194.55
2025-03-09 15:00:00,0.56,194.26
2025-03-09 18:00:00,0.56,192.6
2025-03-09 21:00:00,0.56,192.8
2025-03-10 00:00:00,0.59999996,194.23
2025-03-10 03:00:00,0.66999996,194.29
2025-03-10 06:00:00,0.75,193.13
2025-03-10 09:00:00,0.81,192.6
2025-03-10 12:00:00,0.87,191.91
2025-03-10 15:00:00,0.94,192.69
2025-03-10 18:00:00,0.97999996,192.67
2025-03-10 21:00:00,1.03,190.92
2025-03-11 00:00:00,1.13,188.45
2025-03-11 03:00:00,1.12,187.4
2025-03-11 06:00:00,1.11,185.78
2025-03-11 09:00:00,1.11,184.19
2025-03-11 12:00:00,1.11,182.27
2025-03-11 15:00:00,1.11,181.71
2025-03-11 18:00:00,1.2099999,181.55
2025-03-11 21:00:00,1.11,182.3
2025-03-12 00:00:00,1.09,182.27
2025-03-12 03:00:00,1.0799999,182.03
2025-03-12 06:00:00,1.0799999,181.6
2025-03-12 09:00:00,1.09,181.96
2025-03-12 12:00:00,1.03,182.62
2025-03-12 15:00:00,1.03,182.81
2025-03-12 18:00:00,0.95,182.82
2025-03-12 21:00:00,0.97999996,183.04
2025-03-13 00:00:00,0.96999997,183.71
2025-03-13 03:00:00,0.96,183.95
2025-03-13 06:00:00,0.95,184.56
2025-03-13 09:00:00,0.89,184.65
2025-03-13 12:00:00,0.87,185.56
2025-03-13 15:00:00,0.83,185.71
2025-03-13 18:00:00,0.83,186.42
2025-03-13 21:00:00,0.81,186.19
2025-03-14 00:00:00,0.81,185.56
2025-03-14 03:00:00,0.81,185.27
2025-03-14 06:00:00,0.66999996,184.96
2025-03-14 09:00:00,0.78999996,185.22
2025-03-14 12:00:00,0.79999995,184.71
2025-03-14 15:00:00,0.78999996,184.73
2025-03-14 18:00:00,0.78,184.01
2025-03-14 21:00:00,0.74,183.85
2025-03-15 00:00:00,0.71999997,183.58
2025-03-15 03:00:00,0.7,183.28
2025-03-15 06:00:00,0.71,183.53
2025-03-15 09:00:00,0.7,183.56
2025-03-15 12:00:00,0.71999997,184.58
2025-03-15 15:00:00,0.72999996,184.79
2025-03-15 18:00:00,0.74,185.41
2025-03-15 21:00:00,0.74,184.77
2025-03-16 00:00:00,0.71999997,186.3
2025-03-16 03:00:00,0.75,186.54
2025-03-16 06:00:00,0.72999996,186.14
2025-03-16 09:00:00,0.74,184.89
2025-03-16 12:00:00,0.75,184.06
2025-03-16 15:00:00,0.74,182.46
2025-03-16 18:00:00,0.71999997,181.51
2025-03-16 21:00:00,0.71,181.25
2025-03-17 00:00:00,0.69,181.42
2025-03-17 03:00:00,0.7,182.88
2025-03-17 06:00:00,0.68,183.47
2025-03-17 09:00:00,0.69,184.4
2025-03-17 12:00:00,0.71,184.29
2025-03-17 15:00:00,0.74,185.96
2025-03-17 18:00:00,0.76,185.58
2025-03-17 21:00:00,0.77,185.67
2025-03-18 00:00:00,0.77,185.77
2025-03-18 03:00:00,0.78,186.08
2025-03-18 06:00:00,0.75,186.82
2025-03-18 09:00:00,0.74,188.48
2025-03-18 12:00:00,0.75,189.02
2025-03-18 15:00:00,0.76,190.09
2025-03-18 18:00:00,0.78,191.45
2025-03-18 21:00:00,0.78,190.52
2025-03-19 00:00:00,0.82,190.1
2025-03-19 03:00:00,0.82,190.19
2025-03-19 06:00:00,0.75,191.13
2025-03-19 09:00:00,0.84,191.61
2025-03-19 12:00:00,0.84,191.6
2025-03-19 15:00:00,0.83,190.91
2025-03-19 18:00:00,0.81,190.48
2025-03-19 21:00:00,0.79999995,190.06
2025-03-20 00:00:00,0.79999995,189.17
2025-03-20 03:00:00,0.78999996,188.09
2025-03-20 06:00:00,0.74,187.26
2025-03-20 09:00:00,0.71,186.4
2025-03-20 12:00:00,0.66999996,185.17
2025-03-20 15:00:00,0.63,183.51
2025-03-20 18:00:00,0.62,184.07
2025-03-20 21:00:00,0.64,185.8
2025-03-21 00:00:00,0.66999996,187.23
2025-03-21 03:00:00,0.66999996,188.2
2025-03-21 06:00:00,0.68,188.67
2025-03-21 09:00:00,0.68,188.8
2025-03-21 12:00:00,0.69,189.49
2025-03-21 15:00:00,0.7,189.22
2025-03-21 18:00:00,0.68,188.7
2025-03-21 21:00:00,0.7,189.1
2025-03-22 00:00:00,0.74,191.54
2025-03-22 03:00:00,0.76,193.18
2025-03-22 06:00:00,0.74,194.18
2025-03-22 09:00:00,0.65999997,195.0
2025-03-22 12:00:00,0.65,192.73
2025-03-22 15:00:00,0.66999996,190.78
2025-03-22 18:00:00,0.66999996,190.2
2025-03-22 21:00:00,0.62,191.53
2025-03-23 00:00:00,0.62,192.06
2025-03-23 03:00:00,0.65,189.83
2025-03-23 06:00:00,0.66999996,188.34
2025-03-23 09:00:00,0.65,189.03
2025-03-23 12:00:00,0.7,188.8
2025-03-23 15:00:00,0.74,188.35
2025-03-23 18:00:00,0.78,188.63
2025-03-23 21:00:00,0.78999996,187.97
2025-03-24 00:00:00,0.78999996,187.4
2025-03-24 03:00:00,0.81,186.73
2025-03-24 06:00:00,0.72999996,186.65
2025-03-24 09:00:00,0.76,185.47
2025-03-24 12:00:00,0.79999995,186.35
2025-03-24 15:00:00,0.83,186.77
2025-03-24 18:00:00,0.82,187.9
2025-03-24 21:00:00,0.84,188.55
2025-03-25 00:00:00,0.85999995,189.63
2025-03-25 03:00:00,0.88,190.34
2025-03-25 06:00:00,0.85999995,190.37
2025-03-25 09:00:00,0.89,190.39
2025-03-25 12:00:00,0.91999996,189.45
2025-03-25 15:00:00,0.94,189.3
2025-03-25 18:00:00,0.94,188.69
2025-03-25 21:00:00,0.93,188.83
2025-03-26 00:00:00,0.91999996,189.01
2025-03-26 03:00:00,0.9,189.09
2025-03-26 06:00:00,0.9,188.95
2025-03-26 09:00:00,0.84,188.67
2025-03-26 12:00:00,0.82,188.64
2025-03-26 15:00:00,0.79999995,188.3
2025-03-26 18:00:00,0.96,188.18
2025-03-26 21:00:00,0.83,188.02
2025-03-27 00:00:00,0.82,187.93
2025-03-27 03:00:00,0.84,187.81
2025-03-27 06:00:00,0.88,187.45
2025-03-27 09:00:00,0.9,187.61
2025-03-27 12:00:00,0.93,188.02
2025-03-27 15:00:00,0.94,188.45
2025-03-27 18:00:00,0.91999996,188.56
2025-03-27 21:00:00,0.91999996,187.95
2025-03-28 00:00:00,0.93,187.59
2025-03-28 03:00:00,0.94,187.49
2025-03-28 06:00:00,0.83,187.35
2025-03-28 09:00:00,0.90999997,187.06
2025-03-28 12:00:00,0.88,187.22
2025-03-28 15:00:00,0.84999996,187.22
2025-03-28 18:00:00,0.91999996,187.67
2025-03-28 21:00:00,0.89,188.44
2025-03-29 00:00:00,0.96999997,185.3
2025-03-29 03:00:00,0.87,188.84
2025-03-29 06:00:00,0.88,190.25
2025-03-29 09:00:00,0.84,190.95
2025-03-29 12:00:00,0.78,198.79
2025-03-29 15:00:00,0.78,189.8
2025-03-29 18:00:00,0.77,189.02
2025-03-29 21:00:00,0.75,188.76
2025-03-30 00:00:00,0.72999996,188.74
2025-03-30 03:00:00,0.74,188.86
2025-03-30 06:00:00,0.72999996,189.4
2025-03-30 09:00:00,0.76,188.97
2025-03-30 12:00:00,0.75,188.34
2025-03-30 15:00:00,0.75,189.62
2025-03-30 18:00:00,0.76,190.67
2025-03-30 21:00:00,0.78,191.78
2025-03-31 00:00:00,0.79999995,192.37
2025-03-31 03:00:00,0.82,192.51
2025-03-31 06:00:00,0.79999995,192.33
2025-03-31 09:00:00,0.81,191.45
2025-03-31 12:00:00,0.76,190.26
2025-03-31 15:00:00,0.75,190.9
2025-03-31 18:00:00,0.72999996,190.3
2025-03-31 21:00:00,0.71999997,188.97
2025-04-01 00:00:00,0.75,188.07
2025-04-01 03:00:00,0.77,187.83
2025-04-01 06:00:00,0.77,188.21
2025-04-01 09:00:00,0.74,189.36
2025-04-01 12:00:00,0.76,190.87
2025-04-01 15:00:00,0.78999996,191.03
2025-04-01 18:00:00,0.83,191.06
2025-04-01 21:00:00,0.84,190.59
2025-04-02 00:00:00,0.84,190.69
2025-04-02 03:00:00,0.84999996,190.2
2025-04-02 06:00:00,0.84999996,190.04
2025-04-02 09:00:00,0.84,189.58
2025-04-02 12:00:00,0.83,189.39
2025-04-02 15:00:00,0.81,189.11
2025-04-02 18:00:00,0.78,188.93
2025-04-02 21:00:00,0.77,188.8
2025-04-03 00:00:00,0.75,188.34
2025-04-03 03:00:00,0.74,187.64
2025-04-03 06:00:00,0.71,187.52
2025-04-03 09:00:00,0.7,187.61
2025-04-03 12:00:00,0.65,187.94
2025-04-03 15:00:00,0.65999997,187.83
2025-04-03 18:00:00,0.66999996,188.94
2025-04-03 21:00:00,0.64,190.37
2025-04-04 00:00:00,0.68,190.57
2025-04-04 03:00:00,0.71,190.63
2025-04-04 06:00:00,0.74,190.37
2025-04-04 09:00:00,0.75,190.43
2025-04-04 12:00:00,0.78999996,190.65
2025-04-04 15:00:00,0.81,190.89
2025-04-04 18:00:00,0.83,190.57
2025-04-04 21:00:00,0.82,189.01
2025-04-05 00:00:00,0.83,189.21
2025-04-05 03:00:00,0.87,188.13
2025-04-05 06:00:00,0.9,186.91
2025-04-05 09:00:00,0.87,187.33
2025-04-05 12:00:00,0.91999996,188.79
2025-04-05 15:00:00,0.96999997,189.08
2025-04-05 18:00:00,0.94,188.17
2025-04-05 21:00:00,0.96,186.63
2025-04-06 00:00:00,0.97999996,185.6
2025-04-06 03:00:00,0.96,185.41
2025-04-06 06:00:00,0.96999997,185.97
2025-04-06 09:00:00,0.98999995,186.22
2025-04-06 12:00:00,1.05,188.71
2025-04-06 15:00:00,1.12,193.25
2025-04-06 18:00:00,1.0699999,192.99
2025-04-06 21:00:00,1.04,191.78
2025-04-07 00:00:00,1.14,191.37
2025-04-07 03:00:00,1.0699999,192.69
2025-04-07 06:00:00,1.03,194.44
2025-04-07 09:00:00,1.0,196.2
2025-04-07 12:00:00,0.96999997,197.13
2025-04-07 15:00:00,0.9,197.46
2025-04-07 18:00:00,0.84999996,197.22
2025-04-07 21:00:00,0.82,195.59
2025-04-08 00:00:00,0.78999996,193.22
2025-04-08 03:00:00,0.76,191.37
2025-04-08 06:00:00,0.71999997,189.32
2025-04-08 09:00:00,0.72999996,187.55
2025-04-08 12:00:00,0.76,185.97
2025-04-08 15:00:00,0.78999996,184.85
2025-04-08 18:00:00,0.78,183.95
2025-04-08 21:00:00,0.78,183.84
2025-04-09 00:00:00,0.81,183.05
2025-04-09 03:00:00,0.89,181.66
2025-04-09 06:00:00,0.95,181.34
2025-04-09 09:00:00,1.0,182.56
2025-04-09 12:00:00,1.0,185.17
2025-04-09 15:00:00,1.04,187.69
2025-04-09 18:00:00,1.0799999,190.5
2025-04-09 21:00:00,1.15,192.22
2025-04-10 00:00:00,1.24,194.79
2025-04-10 03:00:00,1.3399999,198.78
2025-04-10 06:00:00,1.41,201.02
2025-04-10 09:00:00,1.4499999,203.03
2025-04-10 12:00:00,1.5,204.81
2025-04-10 15:00:00,1.56,207.38
2025-04-10 18:00:00,1.61,208.85
2025-04-10 21:00:00,1.5999999,208.27
2025-04-11 00:00:00,1.5699999,204.4
2025-04-11 03:00:00,1.65,209.2
2025-04-11 06:00:00,1.63,209.27
2025-04-11 09:00:00,1.65,210.19
2025-04-11 12:00:00,1.74,211.19
2025-04-11 15:00:00,1.74,209.77
2025-04-11 18:00:00,1.73,208.48
2025-04-11 21:00:00,1.6999999,207.26
2025-04-12 00:00:00,1.68,207.92
2025-04-12 03:00:00,1.5899999,209.8
2025-04-12 06:00:00,1.54,209.99
2025-04-12 09:00:00,1.5,209.31
2025-04-12 12:00:00,1.49,209.88
2025-04-12 15:00:00,1.51,208.62
2025-04-12 18:00:00,1.4699999,208.02
2025-04-12 21:00:00,1.43,208.31999
2025-04-13 00:00:00,1.4399999,206.87
2025-04-13 03:00:00,1.4399999,205.81
2025-04-13 06:00:00,1.4699999,204.48
2025-04-13 09:00:00,1.51,203.45
2025-04-13 12:00:00,1.54,202.66
2025-04-13 15:00:00,1.55,202.23
2025-04-13 18:00:00,1.5799999,202.39
2025-04-13 21:00:00,1.5999999,202.31999
2025-04-14 00:00:00,1.5999999,201.73
2025-04-14 03:00:00,1.5899999,201.0
2025-04-14 06:00:00,1.37,200.58
2025-04-14 09:00:00,1.3,201.51
2025-04-14 12:00:00,1.3,200.52
2025-04-14 15:00:00,1.3399999,199.42
2025-04-14 18:00:00,1.36,199.33
2025-04-14 21:00:00,1.39,199.36
2025-04-15 00:00:00,1.37,199.59
2025-04-15 03:00:00,1.35,199.36
2025-04-15 06:00:00,1.31,199.5
2025-04-15 09:00:00,1.3,199.37
2025-04-15 12:00:00,1.29,198.93
2025-04-15 15:00:00,1.28,198.69
2025-04-15 18:00:00,1.24,197.92
2025-04-15 21:00:00,1.1999999,197.66
2025-04-16 00:00:00,1.17,196.94
2025-04-16 03:00:00,1.14,197.11
2025-04-16 06:00:00,1.0799999,198.41
2025-04-16 09:00:00,1.05,198.14
2025-04-16 12:00:00,1.03,199.39
2025-04-16 15:00:00,1.0,199.24
2025-04-16 18:00:00,0.96999997,199.97
2025-04-16 21:00:00,0.94,199.92
2025-04-17 00:00:00,0.93,199.08
2025-04-17 03:00:00,0.93,198.14
2025-04-17 06:00:00,0.91999996,196.78
2025-04-17 09:00:00,0.88,197.61
2025-04-17 12:00:00,0.83,197.23
2025-04-17 15:00:00,0.83,197.9
2025-04-17 18:00:00,0.88,197.08
2025-04-17 21:00:00,0.94,196.87
2025-04-18 00:00:00,0.9,197.7
2025-04-18 03:00:00,0.89,198.35
2025-04-18 06:00:00,0.91999996,198.98
2025-04-18 09:00:00,0.93,201.28
2025-04-18 12:00:00,0.96,204.01
2025-04-18 15:00:00,1.01,205.08
2025-04-18 18:00:00,1.01,204.21
2025-04-18 21:00:00,0.97999996,205.18
2025-04-19 00:00:00,0.96999997,206.12
2025-04-19 03:00:00,1.0,206.51
2025-04-19 06:00:00,0.96,208.0
2025-04-19 09:00:00,0.96999997,207.04
2025-04-19 12:00:00,0.96999997,206.38
2025-04-19 15:00:00,1.0,205.06999
2025-04-19 18:00:00,1.01,204.54
2025-04-19 21:00:00,1.01,203.14
2025-04-20 00:00:00,1.02,200.96
2025-04-20 03:00:00,1.01,199.18
2025-04-20 06:00:00,0.97999996,197.83
2025-04-20 09:00:00,0.97999996,196.47
2025-04-20 12:00:00,0.97999996,197.13
2025-04-20 15:00:00,1.0,199.31
2025-04-20 18:00:00,0.98999995,200.7
2025-04-20 21:00:00,0.97999996,200.31
2025-04-21 00:00:00,0.98999995,200.48
2025-04-21 03:00:00,0.96999997,201.13
2025-04-21 06:00:00,0.96,201.05
2025-04-21 09:00:00,1.14,201.05
2025-04-21 12:00:00,1.0699999,201.2
2025-04-21 15:00:00,1.06,199.68
2025-04-21 18:00:00,1.03,198.55
2025-04-21 21:00:00,1.02,198.05
2025-04-22 00:00:00,1.04,198.33
2025-04-22 03:00:00,1.0799999,198.48
2025-04-22 06:00:00,1.12,198.06999
2025-04-22 09:00:00,1.16,198.18
2025-04-22 12:00:00,1.27,198.33
2025-04-22 15:00:00,1.3299999,199.1
2025-04-22 18:00:00,1.39,198.72
2025-04-22 21:00:00,1.38,198.39
2025-04-23 00:00:00,1.37,197.98
2025-04-23 03:00:00,1.42,197.91
2025-04-23 06:00:00,1.4499999,198.54
2025-04-23 09:00:00,1.4499999,199.16
2025-04-23 12:00:00,1.43,200.2
2025-04-23 15:00:00,1.38,201.34
2025-04-23 18:00:00,1.3399999,201.72
2025-04-23 21:00:00,1.31,202.08
2025-04-24 00:00:00,1.24,202.29
2025-04-24 03:00:00,1.2099999,203.92
2025-04-24 06:00:00,1.13,206.88
2025-04-24 09:00:00,1.11,210.47
2025-04-24 12:00:00,1.14,209.6
2025-04-24 15:00:00,1.1,208.47
2025-04-24 18:00:00,1.12,205.44
2025-04-24 21:00:00,1.09,205.22
2025-04-25 00:00:00,1.06,205.21
2025-04-25 03:00:00,1.06,205.43
2025-04-25 06:00:00,1.04,205.0
2025-04-25 09:00:00,1.02,204.27
2025-04-25 12:00:00,0.98999995,203.81
2025-04-25 15:00:00,0.96999997,205.67
2025-04-25 18:00:00,0.96999997,205.16
2025-04-25 21:00:00,0.96999997,204.92
2025-04-26 00:00:00,0.95,204.23
2025-04-26 03:00:00,0.94,203.81999
2025-04-26 06:00:00,0.91999996,204.44
2025-04-26 09:00:00,0.9,204.14
2025-04-26 12:00:00,0.89,202.78
2025-04-26 15:00:00,0.88,200.54
2025-04-26 18:00:00,0.88,197.76
2025-04-26 21:00:00,0.89,194.9
2025-04-27 00:00:00,0.85999995,193.61
2025-04-27 03:00:00,0.85999995,192.19
2025-04-27 06:00:00,0.88,191.2
2025-04-27 09:00:00,0.90999997,190.54
2025-04-27 12:00:00,1.01,189.73
2025-04-27 15:00:00,1.04,188.54
2025-04-27 18:00:00,1.06,187.34
2025-04-27 21:00:00,1.11,186.3
2025-04-28 00:00:00,1.17,185.77
2025-04-28 03:00:00,1.0699999,186.38
2025-04-28 06:00:00,0.98999995,185.9
2025-04-28 09:00:00,0.95,186.25
2025-04-28 12:00:00,0.95,186.65
2025-04-28 15:00:00,0.88,186.67
2025-04-28 18:00:00,0.9,186.6
2025-04-28 21:00:00,0.9,186.29
2025-04-29 00:00:00,0.91999996,185.84
2025-04-29 03:00:00,0.95,185.91
2025-04-29 06:00:00,0.90999997,186.02
2025-04-29 09:00:00,0.96,186.02
2025-04-29 12:00:00,0.97999996,186.24
2025-04-29 15:00:00,0.98999995,186.82
2025-04-29 18:00:00,1.01,187.63
2025-04-29 21:00:00,1.02,188.83
2025-04-30 00:00:00,1.03,191.79
2025-04-30 03:00:00,1.0699999,191.87
2025-04-30 06:00:00,1.09,193.8
2025-04-30 09:00:00,1.1,194.45
2025-04-30 12:00:00,1.12,196.04
2025-04-30 15:00:00,0.98999995,197.26
2025-04-30 18:00:00,1.04,195.9
2025-04-30 21:00:00,1.13,194.22
2025-05-01 00:00:00,1.0699999,194.42
2025-05-01 03:00:00,1.0699999,195.96
2025-05-01 06:00:00,1.0699999,196.08
2025-05-01 09:00:00,1.05,195.56
2025-05-01 12:00:00,1.05,194.47
2025-05-01 15:00:00,1.05,193.96
2025-05-01 18:00:00,0.98999995,193.04
2025-05-01 21:00:00,0.97999996,192.41
2025-05-02 00:00:00,0.97999996,192.74
2025-05-02 03:00:00,0.96999997,192.89
2025-05-02 06:00:00,0.96,192.78
2025-05-02 09:00:00,0.94,192.34
2025-05-02 12:00:00,0.93,191.95
2025-05-02 15:00:00,0.96,191.51
2025-05-02 18:00:00,0.96,191.67
2025-05-02 21:00:00,0.98999995,192.64
2025-05-03 00:00:00,1.0,193.57
2025-05-03 03:00:00,0.98999995,193.7
2025-05-03 06:00:00,0.96999997,193.69
2025-05-03 09:00:00,0.93,193.19
2025-05-03 12:00:00,0.9,193.24
2025-05-03 15:00:00,0.9,194.93
2025-05-03 18:00:00,0.94,197.63
2025-05-03 21:00:00,0.96,201.04
2025-05-04 00:00:00,0.95,205.22
2025-05-04 03:00:00,0.94,210.29
2025-05-04 06:00:00,0.93,213.6
2025-05-04 09:00:00,0.9,214.26
2025-05-04 12:00:00,0.88,212.86
2025-05-04 15:00:00,0.85999995,210.66
2025-05-04 18:00:00,0.84,209.25
2025-05-04 21:00:00,0.83,208.02
2025-05-05 00:00:00,0.83,207.39
2025-05-05 03:00:00,0.83,206.88
2025-05-05 06:00:00,0.83,206.08
2025-05-05 09:00:00,0.84,204.29
2025-05-05 12:00:00,0.84999996,203.26
2025-05-05 15:00:00,0.85999995,204.05
2025-05-05 18:00:00,0.85999995,203.01
2025-05-05 21:00:00,0.81,203.1
2025-05-06 00:00:00,0.79999995,201.15
2025-05-06 03:00:00,0.81,199.51
2025-05-06 06:00:00,0.83,197.94
2025-05-06 09:00:00,0.83,197.0
2025-05-06 12:00:00,0.87,195.72
2025-05-06 15:00:00,0.93,195.98
2025-05-06 18:00:00,1.03,195.89
2025-05-06 21:00:00,1.13,195.17
2025-05-07 00:00:00,1.12,194.33
2025-05-07 03:00:00,1.22,193.97
2025-05-07 06:00:00,1.15,192.9
2025-05-07 09:00:00,1.4,191.83
2025-05-07 12:00:00,1.6899999,194.26
2025-05-07 15:00:00,1.8399999,201.42
2025-05-07 18:00:00,2.01,203.97
2025-05-07 21:00:00,2.1499999,205.74
2025-05-08 00:00:00,1.9399999,207.79
2025-05-08 03:00:00,1.81,208.84
2025-05-08 06:00:00,1.73,210.16
2025-05-08 09:00:00,1.68,209.83
2025-05-08 12:00:00,1.5799999,207.75
2025-05-08 15:00:00,1.41,207.79
2025-05-08 18:00:00,1.3,206.5
2025-05-08 21:00:00,1.23,204.59
2025-05-09 00:00:00,1.17,203.44
2025-05-09 03:00:00,1.13,203.59
2025-05-09 06:00:00,1.0799999,205.25
2025-05-09 09:00:00,1.0699999,206.31
2025-05-09 12:00:00,1.05,206.16
2025-05-09 15:00:00,1.03,205.9
2025-05-09 18:00:00,1.02,206.6
2025-05-09 21:00:00,1.01,210.01
2025-05-10 00:00:00,1.0699999,218.04
2025-05-10 03:00:00,1.12,222.24
2025-05-10 06:00:00,1.13,221.29
2025-05-10 09:00:00,1.12,220.86
2025-05-10 12:00:00,1.1,219.73
2025-05-10 15:00:00,1.05,218.98
2025-05-10 18:00:00,1.02,217.79
2025-05-10 21:00:00,1.0,217.37
2025-05-11 00:00:00,1.01,220.28
2025-05-11 03:00:00,1.04,223.02
2025-05-11 06:00:00,1.01,223.01
2025-05-11 09:00:00,1.01,223.83
2025-05-11 12:00:00,1.0,222.54
2025-05-11 15:00:00,1.01,221.08
2025-05-11 18:00:00,1.05,218.58
2025-05-11 21:00:00,1.11,219.74
2025-05-12 00:00:00,1.1899999,223.06
2025-05-12 03:00:00,1.3199999,228.55
2025-05-12 06:00:00,1.49,234.49
2025-05-12 09:00:00,1.53,233.6
2025-05-12 12:00:00,1.55,229.35
2025-05-12 15:00:00,1.5699999,224.83
2025-05-12 18:00:00,1.56,222.37
2025-05-12 21:00:00,1.5799999,221.97
2025-05-13 00:00:00,1.6899999,225.29
2025-05-13 03:00:00,1.77,225.17
2025-05-13 06:00:00,1.79,224.01
2025-05-13 09:00:00,1.81,224.67
2025-05-13 12:00:00,1.81,226.42
2025-05-13 15:00:00,1.8,228.67
2025-05-13 18:00:00,1.79,229.67
2025-05-13 21:00:00,1.8,232.14
2025-05-14 00:00:00,1.87,237.39
2025-05-14 03:00:00,1.89,241.8
2025-05-14 06:00:00,1.8299999,243.28
2025-05-14 09:00:00,1.78,242.84
2025-05-14 12:00:00,1.8199999,242.44
2025-05-14 15:00:00,1.86,242.2
2025-05-14 18:00:00,1.88,240.0
2025-05-14 21:00:00,1.8499999,237.67
2025-05-15 00:00:00,1.81,236.31999
2025-05-15 03:00:00,1.76,235.66
2025-05-15 06:00:00,1.6999999,234.75
2025-05-15 09:00:00,1.64,234.09
2025-05-15 12:00:00,1.63,233.38
2025-05-15 15:00:00,1.64,232.66
2025-05-15 18:00:00,1.56,231.81999
2025-05-15 21:00:00,1.55,229.91
2025-05-16 00:00:00,1.55,230.66
2025-05-16 03:00:00,1.56,231.84
2025-05-16 06:00:00,1.56,232.81
2025-05-16 09:00:00,1.53,232.59
2025-05-16 12:00:00,1.51,231.84
2025-05-16 15:00:00,1.5,231.06
2025-05-16 18:00:00,1.51,230.51
2025-05-16 21:00:00,1.52,229.98
2025-05-17 00:00:00,1.53,230.58
2025-05-17 03:00:00,1.54,231.95999
2025-05-17 06:00:00,1.5899999,233.37
2025-05-17 09:00:00,1.53,234.73
2025-05-17 12:00:00,1.5699999,234.73
2025-05-17 15:00:00,1.4699999,236.16
2025-05-17 18:00:00,1.4499999,235.56999
2025-05-17 21:00:00,1.39,234.9
2025-05-18 00:00:00,1.36,233.89
2025-05-18 03:00:00,1.36,233.15
2025-05-18 06:00:00,1.36,232.56
2025-05-18 09:00:00,1.3399999,231.42
2025-05-18 12:00:00,1.31,229.31999
2025-05-18 15:00:00,1.31,228.49
2025-05-18 18:00:00,1.38,229.48
2025-05-18 21:00:00,1.48,229.63
2025-05-19 00:00:00,1.5899999,230.92
2025-05-19 03:00:00,1.68,232.47
2025-05-19 06:00:00,1.8,232.87
2025-05-19 09:00:00,1.9499999,232.73
2025-05-19 12:00:00,2.07,233.56
2025-05-19 15:00:00,2.1,234.4
2025-05-19 18:00:00,2.4299998,235.11
2025-05-19 21:00:00,2.31,234.18
2025-05-20 00:00:00,2.23,235.84
2025-05-20 03:00:00,2.11,237.76
2025-05-20 06:00:00,2.08,239.62
2025-05-20 09:00:00,2.04,241.70999
2025-05-20 12:00:00,1.9,244.89
2025-05-20 15:00:00,1.93,244.47
2025-05-20 18:00:00,1.9799999,244.54
2025-05-20 21:00:00,1.9499999,243.19
2025-05-21 00:00:00,1.9399999,241.95
2025-05-21 03:00:00,1.91,240.93
2025-05-21 06:00:00,1.8299999,239.62
2025-05-21 09:00:00,1.8,236.37
2025-05-21 12:00:00,1.77,234.87
2025-05-21 15:00:00,1.73,234.54
2025-05-21 18:00:00,1.66,234.59
2025-05-21 21:00:00,1.65,231.65
2025-05-22 00:00:00,1.67,229.78
2025-05-22 03:00:00,1.6999999,227.99
2025-05-22 06:00:00,1.67,226.70999
2025-05-22 09:00:00,1.66,224.5
2025-05-22 12:00:00,1.63,223.06999
2025-05-22 15:00:00,1.5999999,221.26
2025-05-22 18:00:00,1.5899999,220.21
2025-05-22 21:00:00,1.5799999,219.24
2025-05-23 00:00:00,1.5699999,219.12
2025-05-23 03:00:00,1.49,220.09
2025-05-23 06:00:00,1.54,218.75
2025-05-23 09:00:00,1.56,218.29
2025-05-23 12:00:00,1.55,218.2
2025-05-23 15:00:00,1.49,219.3
2025-05-23 18:00:00,1.54,218.45
2025-05-23 21:00:00,1.56,220.59
2025-05-24 00:00:00,1.61,223.17
2025-05-24 03:00:00,1.65,224.68
2025-05-24 06:00:00,1.66,225.95999
2025-05-24 09:00:00,1.67,229.64
2025-05-24 12:00:00,1.73,237.6
2025-05-24 15:00:00,1.8,245.27
2025-05-24 18:00:00,1.92,250.20999
2025-05-24 21:00:00,1.93,253.63
2025-05-25 00:00:00,1.93,254.56
2025-05-25 03:00:00,1.91,252.27
2025-05-25 06:00:00,1.9,249.06
2025-05-25 09:00:00,1.86,248.09
2025-05-25 12:00:00,1.9,249.89
2025-05-25 15:00:00,1.88,251.28
2025-05-25 18:00:00,1.9499999,251.31999
2025-05-25 21:00:00,2.02,252.29
2025-05-26 00:00:00,2.1299999,253.75
2025-05-26 03:00:00,2.26,253.56
2025-05-26 06:00:00,2.28,255.37
2025-05-26 09:00:00,2.28,256.44
2025-05-26 12:00:00,2.4099998,254.68
2025-05-26 15:00:00,2.3999999,254.37
2025-05-26 18:00:00,2.36,255.4
2025-05-26 21:00:00,2.35,257.44
2025-05-27 00:00:00,2.29,259.77
2025-05-27 03:00:00,2.23,260.74
2025-05-27 06:00:00,2.25,260.75
2025-05-27 09:00:00,2.2,257.65
2025-05-27 12:00:00,2.22,258.02
2025-05-27 15:00:00,2.3,259.03
2025-05-27 18:00:00,2.1399999,260.93
2025-05-27 21:00:00,2.28,260.42
2025-05-28 00:00:00,2.48,261.37
2025-05-28 03:00:00,2.6299999,262.95
2025-05-28 06:00:00,2.61,261.44
2025-05-28 09:00:00,2.55,257.13
2025-05-28 12:00:00,2.51,252.22
2025-05-28 15:00:00,2.53,247.15
2025-05-28 18:00:00,2.5,242.84
2025-05-28 21:00:00,2.6299999,238.5
2025-05-29 00:00:00,2.77,236.88
2025-05-29 03:00:00,2.71,240.41
2025-05-29 06:00:00,2.7,242.02
2025-05-29 09:00:00,2.6799998,243.8
2025-05-29 12:00:00,2.69,245.14
2025-05-29 15:00:00,2.69,246.05
2025-05-29 18:00:00,2.6699998,247.04
2025-05-29 21:00:00,2.69,247.72
2025-05-30 00:00:00,2.8,248.9
2025-05-30 03:00:00,2.95,250.53
2025-05-30 06:00:00,3.1999998,251.08
2025-05-30 09:00:00,3.21,253.95999
2025-05-30 12:00:00,3.1499999,256.03
2025-05-30 15:00:00,3.07,256.01
2025-05-30 18:00:00,3.03,256.28
2025-05-30 21:00:00,2.95,257.92
2025-05-31 00:00:00,2.9399998,259.4
2025-05-31 03:00:00,2.9199998,260.88
2025-05-31 06:00:00,2.86,261.45
2025-05-31 09:00:00,2.77,259.99
2025-05-31 12:00:00,2.6799998,257.09
2025-05-31 15:00:00,2.61,254.74
2025-05-31 18:00:00,2.51,252.74
2025-05-31 21:00:00,2.4199998,250.9
2025-06-01 00:00:00,2.22,249.53
2025-06-01 03:00:00,2.18,245.75
2025-06-01 06:00:00,2.18,243.39
2025-06-01 09:00:00,2.1599998,242.55
2025-06-01 12:00:00,2.1299999,241.56
2025-06-01 15:00:00,2.1299999,241.47
2025-06-01 18:00:00,2.07,240.95999
2025-06-01 21:00:00,2.04,240.1
2025-06-02 00:00:00,2.01,239.52
2025-06-02 03:00:00,2.04,243.67
2025-06-02 06:00:00,1.99,242.34
2025-06-02 09:00:00,1.92,241.1
2025-06-02 12:00:00,1.8399999,238.99
2025-06-02 15:00:00,1.77,239.84
2025-06-02 18:00:00,1.75,238.45
2025-06-02 21:00:00,1.77,236.87
2025-06-03 00:00:00,1.75,237.27
2025-06-03 03:00:00,1.73,236.95
2025-06-03 06:00:00,1.67,234.9
2025-06-03 09:00:00,1.6899999,231.83
2025-06-03 12:00:00,1.6899999,231.08
2025-06-03 15:00:00,1.67,231.85
2025-06-03 18:00:00,1.66,230.66
2025-06-03 21:00:00,1.66,229.39
2025-06-04 00:00:00,1.54,227.64
2025-06-04 03:00:00,1.5699999,224.41
2025-06-04 06:00:00,1.5899999,224.9
2025-06-04 09:00:00,1.63,224.7
2025-06-04 12:00:00,1.6899999,225.85
2025-06-04 15:00:00,1.76,225.72
2025-06-04 18:00:00,1.91,221.22
2025-06-04 21:00:00,2.0,217.92
2025-06-05 00:00:00,2.04,216.1
2025-06-05 03:00:00,2.04,216.08
2025-06-05 06:00:00,2.02,217.34
2025-06-05 09:00:00,2.0,219.09
2025-06-05 12:00:00,1.9599999,220.19
2025-06-05 15:00:00,1.88,223.42
2025-06-05 18:00:00,1.86,222.70999
2025-06-05 21:00:00,1.8299999,223.87
2025-06-06 00:00:00,1.8399999,222.65
2025-06-06 03:00:00,1.9499999,222.91
2025-06-06 06:00:00,1.92,224.02
2025-06-06 09:00:00,1.89,222.36
2025-06-06 12:00:00,1.86,220.91
2025-06-06 15:00:00,1.75,219.42
2025-06-06 18:00:00,1.77,218.04
2025-06-06 21:00:00,1.79,218.92
2025-06-07 00:00:00,1.75,220.62
2025-06-07 03:00:00,1.78,221.45
2025-06-07 06:00:00,1.77,220.47
2025-06-07 09:00:00,1.79,218.89
2025-06-07 12:00:00,1.8,218.24
2025-06-07 15:00:00,1.8,217.61
2025-06-07 18:00:00,1.74,216.58
2025-06-07 21:00:00,1.73,215.83
2025-06-08 00:00:00,1.77,216.25
2025-06-08 03:00:00,1.7199999,218.64
2025-06-08 06:00:00,1.75,217.84
2025-06-08 09:00:00,1.76,216.55
2025-06-08 12:00:00,1.81,218.58
2025-06-08 15:00:00,1.79,215.97
2025-06-08 18:00:00,1.74,217.1
2025-06-08 21:00:00,1.8,219.52
2025-06-09 00:00:00,1.87,222.95999
2025-06-09 03:00:00,1.9599999,225.02
2025-06-09 06:00:00,1.87,225.18
2025-06-09 09:00:00,1.8399999,224.2
2025-06-09 12:00:00,1.77,222.17
2025-06-09 15:00:00,1.73,222.15
2025-06-09 18:00:00,1.7099999,223.95
2025-06-09 21:00:00,1.7099999,226.7
2025-06-10 00:00:00,1.76,232.36
2025-06-10 03:00:00,1.77,237.56999
2025-06-10 06:00:00,1.79,239.89
2025-06-10 09:00:00,1.8199999,242.52
2025-06-10 12:00:00,1.92,243.41
2025-06-10 15:00:00,2.03,243.88
2025-06-10 18:00:00,2.18,244.79
2025-06-10 21:00:00,2.29,243.72
2025-06-11 00:00:00,2.27,242.62
2025-06-11 03:00:00,2.27,241.86
2025-06-11 06:00:00,2.26,242.43
2025-06-11 09:00:00,2.2,242.74
2025-06-11 12:00:00,2.1299999,239.67
2025-06-11 15:00:00,2.1499999,236.44
2025-06-11 18:00:00,2.25,235.92
2025-06-11 21:00:00,2.23,237.17
2025-06-12 00:00:00,2.1699998,239.04
2025-06-12 03:00:00,2.01,239.0
2025-06-12 06:00:00,2.01,234.6
2025-06-12 09:00:00,1.99,229.58
2025-06-12 12:00:00,1.9799999,225.8
2025-06-12 15:00:00,1.9599999,224.04
2025-06-12 18:00:00,1.9799999,223.93
2025-06-12 21:00:00,2.03,226.49
2025-06-13 00:00:00,2.05,231.33
2025-06-13 03:00:00,2.1399999,235.29
2025-06-13 06:00:00,2.12,237.20999
2025-06-13 09:00:00,2.11,239.4
2025-06-13 12:00:00,2.11,238.56
2025-06-13 15:00:00,2.1299999,236.49
2025-06-13 18:00:00,2.1499999,235.35
2025-06-13 21:00:00,2.18,233.81
2025-06-14 00:00:00,2.18,233.4
2025-06-14 03:00:00,2.18,233.77
2025-06-14 06:00:00,2.23,233.04
2025-06-14 09:00:00,2.26,232.75
2025-06-14 12:00:00,2.34,233.42
2025-06-14 15:00:00,2.4299998,237.51
2025-06-14 18:00:00,2.3999999,239.91
2025-06-14 21:00:00,2.25,238.76
2025-06-15 00:00:00,2.1299999,237.95999
2025-06-15 03:00:00,2.04,239.42
2025-06-15 06:00:00,2.0,240.26
2025-06-15 09:00:00,1.9399999,242.08
2025-06-15 12:00:00,1.9599999,244.74
2025-06-15 15:00:00,1.9699999,248.9
2025-06-15 18:00:00,2.1399999,251.45
2025-06-15 21:00:00,2.09,253.56
2025-06-16 00:00:00,2.36,255.58
2025-06-16 03:00:00,2.33,248.65
2025-06-16 06:00:00,2.23,250.26
2025-06-16 09:00:00,2.22,255.89
2025-06-16 12:00:00,2.21,260.23
2025-06-16 15:00:00,2.35,258.92
2025-06-16 18:00:00,2.37,259.38
2025-06-16 21:00:00,2.34,258.9
2025-06-17 00:00:00,2.28,259.92
2025-06-17 03:00:00,2.23,260.98
2025-06-17 06:00:00,2.2,263.36
2025-06-17 09:00:00,2.24,265.8
2025-06-17 12:00:00,2.2,268.51
2025-06-17 15:00:00,2.1499999,269.34
2025-06-17 18:00:00,2.04,268.82
2025-06-17 21:00:00,1.9399999,268.08
2025-06-18 00:00:00,1.9,269.04
2025-06-18 03:00:00,1.86,270.1
2025-06-18 06:00:00,1.79,270.38
2025-06-18 09:00:00,1.77,270.38998
2025-06-18 12:00:00,1.56,269.43
2025-06-18 15:00:00,1.65,266.85
2025-06-18 18:00:00,1.6899999,266.46
2025-06-18 21:00:00,1.6999999,265.96
2025-06-19 00:00:00,1.75,265.83
2025-06-19 03:00:00,1.81,265.77
2025-06-19 06:00:00,1.8199999,263.38
2025-06-19 09:00:00,1.8299999,258.38
2025-06-19 12:00:00,1.8399999,251.18
2025-06-19 15:00:00,1.8499999,238.01
2025-06-19 18:00:00,1.91,230.67
2025-06-19 21:00:00,1.88,233.23
2025-06-20 00:00:00,2.04,233.9
2025-06-20 03:00:00,2.1,234.67
2025-06-20 06:00:00,2.1,233.5
2025-06-20 09:00:00,2.08,231.66
2025-06-20 12:00:00,2.09,231.33
2025-06-20 15:00:00,2.05,231.98
2025-06-20 18:00:00,1.9399999,231.95
2025-06-20 21:00:00,1.91,231.93
2025-06-21 00:00:00,1.88,230.77
2025-06-21 03:00:00,1.86,231.68
2025-06-21 06:00:00,1.8299999,231.66
2025-06-21 09:00:00,1.81,234.66
2025-06-21 12:00:00,1.9,233.62
2025-06-21 15:00:00,1.8299999,236.49
2025-06-21 18:00:00,1.8,236.9
2025-06-21 21:00:00,1.78,237.55
2025-06-22 00:00:00,1.81,240.61
2025-06-22 03:00:00,1.87,245.2
2025-06-22 06:00:00,1.8399999,246.51
2025-06-22 09:00:00,1.8499999,244.16
2025-06-22 12:00:00,1.8399999,240.72
2025-06-22 15:00:00,1.8399999,237.8
2025-06-22 18:00:00,1.8499999,235.47
2025-06-22 21:00:00,1.8499999,233.42
2025-06-23 00:00:00,1.91,233.44
2025-06-23 03:00:00,1.89,234.76
2025-06-23 06:00:00,1.9,232.36
2025-06-23 09:00:00,1.89,229.8
2025-06-23 12:00:00,1.9,227.92
2025-06-23 15:00:00,1.88,227.70999
2025-06-23 18:00:00,1.86,226.76
2025-06-23 21:00:00,1.77,227.41
2025-06-24 00:00:00,1.6899999,228.19
2025-06-24 03:00:00,1.68,227.83
2025-06-24 06:00:00,1.7099999,228.04
2025-06-24 09:00:00,1.7199999,228.43
2025-06-24 12:00:00,1.75,230.93
2025-06-24 15:00:00,1.77,233.4
2025-06-24 18:00:00,1.7099999,235.06999
2025-06-24 21:00:00,1.73,234.67
2025-06-25 00:00:00,1.73,233.99
2025-06-25 03:00:00,1.74,233.45999
2025-06-25 06:00:00,1.74,232.14
2025-06-25 09:00:00,1.75,231.25
2025-06-25 12:00:00,1.77,230.74
2025-06-25 15:00:00,1.8199999,230.02
2025-06-25 18:00:00,1.8299999,229.11
2025-06-25 21:00:00,1.8299999,227.42
2025-06-26 00:00:00,1.74,225.98
2025-06-26 03:00:00,1.7099999,224.93
2025-06-26 06:00:00,1.63,224.2
2025-06-26 09:00:00,1.64,222.51
2025-06-26 12:00:00,1.5899999,224.7
2025-06-26 15:00:00,1.64,229.15
2025-06-26 18:00:00,1.6999999,235.16
2025-06-26 21:00:00,1.73,237.39
2025-06-27 00:00:00,1.75,239.54
2025-06-27 03:00:00,1.7099999,237.67
2025-06-27 06:00:00,1.76,234.38
2025-06-27 09:00:00,1.8399999,231.98
2025-06-27 12:00:00,1.8299999,228.51
2025-06-27 15:00:00,1.9399999,229.2
2025-06-27 18:00:00,2.1,226.37
2025-06-27 21:00:00,2.21,225.11
2025-06-28 00:00:00,2.29,226.27
2025-06-28 03:00:00,2.31,227.74
2025-06-28 06:00:00,2.29,229.77
2025-06-28 09:00:00,2.28,229.13
2025-06-28 12:00:00,2.27,227.15
2025-06-28 15:00:00,2.25,225.81
2025-06-28 18:00:00,2.1299999,229.05
2025-06-28 21:00:00,2.23,234.85
2025-06-29 00:00:00,2.25,237.63
2025-06-29 03:00:00,2.24,237.91
2025-06-29 06:00:00,2.21,236.43
2025-06-29 09:00:00,2.18,234.99
2025-06-29 12:00:00,2.12,236.06
2025-06-29 15:00:00,2.06,237.49
2025-06-29 18:00:00,2.03,236.67
2025-06-29 21:00:00,2.0,237.36
2025-06-30 00:00:00,2.0,239.3
2025-06-30 03:00:00,1.9799999,242.05
2025-06-30 06:00:00,1.73,244.63
2025-06-30 09:00:00,1.81,240.52
2025-06-30 12:00:00,1.81,240.20999
2025-06-30 15:00:00,1.79,239.45
2025-06-30 18:00:00,1.79,237.97
2025-06-30 21:00:00,1.92,237.01
2025-07-01 00:00:00,1.87,239.31
2025-07-01 03:00:00,1.87,236.70999
2025-07-01 06:00:00,1.86,231.31999
2025-07-01 09:00:00,1.8399999,227.16
2025-07-01 12:00:00,1.79,225.63
2025-07-01 15:00:00,1.78,222.92
2025-07-01 18:00:00,1.77,222.41
2025-07-01 21:00:00,1.77,224.16
2025-07-02 00:00:00,1.74,226.78
2025-07-02 03:00:00,1.7099999,228.31999
2025-07-02 06:00:00,1.61,228.26
2025-07-02 09:00:00,1.5799999,226.05
2025-07-02 12:00:00,1.56,225.61
2025-07-02 15:00:00,1.56,227.22
2025-07-02 18:00:00,1.5699999,229.64
2025-07-02 21:00:00,1.5799999,234.54
2025-07-03 00:00:00,1.7099999,236.65
2025-07-03 03:00:00,1.7199999,237.06999
2025-07-03 06:00:00,1.6999999,240.64
2025-07-03 09:00:00,1.6899999,244.78
2025-07-03 12:00:00,1.77,247.5
2025-07-03 15:00:00,1.7099999,249.4
2025-07-03 18:00:00,1.61,248.87
2025-07-03 21:00:00,1.61,250.08
2025-07-04 00:00:00,1.66,249.91
2025-07-04 03:00:00,1.5999999,252.64
2025-07-04 06:00:00,1.52,252.73
2025-07-04 09:00:00,1.49,255.34999
2025-07-04 12:00:00,1.49,260.66
2025-07-04 15:00:00,1.4399999,262.66998
2025-07-04 18:00:00,1.4499999,259.55
2025-07-04 21:00:00,1.52,260.33
2025-07-05 00:00:00,1.55,262.9
2025-07-05 03:00:00,1.5899999,264.53
2025-07-05 06:00:00,1.61,265.77
2025-07-05 09:00:00,1.64,266.66
2025-07-05 12:00:00,1.68,266.84
2025-07-05 15:00:00,1.74,265.77
2025-07-05 18:00:00,1.75,265.18
2025-07-05 21:00:00,1.76,264.73
2025-07-06 00:00:00,1.76,261.05
2025-07-06 03:00:00,1.81,255.87
2025-07-06 06:00:00,1.8199999,250.4
2025-07-06 09:00:00,1.92,244.68
2025-07-06 12:00:00,2.06,238.58
2025-07-06 15:00:00,2.18,232.39
2025-07-06 18:00:00,2.24,230.19
2025-07-06 21:00:00,2.32,228.09
2025-07-07 00:00:00,2.32,227.45999
2025-07-07 03:00:00,2.31,227.04
2025-07-07 06:00:00,2.29,227.79
2025-07-07 09:00:00,2.22,229.59
2025-07-07 12:00:00,2.1599998,230.36
2025-07-07 15:00:00,2.11,231.99
2025-07-07 18:00:00,2.11,233.88
2025-07-07 21:00:00,2.11,237.39
2025-07-08 00:00:00,2.07,239.6
2025-07-08 03:00:00,2.0,240.53
2025-07-08 06:00:00,1.92,241.8
2025-07-08 09:00:00,1.8499999,246.19
2025-07-08 12:00:00,1.79,248.26
2025-07-08 15:00:00,1.77,248.76
2025-07-08 18:00:00,1.79,250.28
2025-07-08 21:00:00,1.8299999,251.19
2025-07-09 00:00:00,1.8199999,256.63998
2025-07-09 03:00:00,1.8299999,259.45
2025-07-09 06:00:00,1.8499999,262.23
2025-07-09 09:00:00,1.77,262.08
2025-07-09 12:00:00,1.74,257.05
2025-07-09 15:00:00,1.75,253.03
2025-07-09 18:00:00,1.76,251.13
2025-07-09 21:00:00,1.8199999,251.69
2025-07-10 00:00:00,1.92,253.02
2025-07-10 03:00:00,2.03,252.72
2025-07-10 06:00:00,2.05,247.3
2025-07-10 09:00:00,2.05,239.31
2025-07-10 12:00:00,1.99,232.69
2025-07-10 15:00:00,1.9699999,228.31999
2025-07-10 18:00:00,2.06,223.87
2025-07-10 21:00:00,2.1599998,225.43
2025-07-11 00:00:00,2.31,226.49
2025-07-11 03:00:00,2.33,234.55
2025-07-11 06:00:00,2.52,238.62
2025-07-11 09:00:00,2.61,241.17
2025-07-11 12:00:00,2.74,241.62
2025-07-11 15:00:00,2.6799998,239.42
2025-07-11 18:00:00,2.6799998,243.16
2025-07-11 21:00:00,2.7,246.09
2025-07-12 00:00:00,2.6599998,249.59999
2025-07-12 03:00:00,2.56,254.5
2025-07-12 06:00:00,2.5,255.58
2025-07-12 09:00:00,2.44,255.24
2025-07-12 12:00:00,2.37,253.37
2025-07-12 15:00:00,2.33,250.16
2025-07-12 18:00:00,2.3899999,250.13
2025-07-12 21:00:00,2.3899999,251.08
2025-07-13 00:00:00,2.37,254.34999
2025-07-13 03:00:00,2.35,256.85
2025-07-13 06:00:00,2.31,258.02
2025-07-13 09:00:00,2.2,257.46
2025-07-13 12:00:00,2.1,255.0
2025-07-13 15:00:00,1.99,252.45
2025-07-13 18:00:00,1.8499999,251.04
2025-07-13 21:00:00,1.8,251.89
2025-07-14 00:00:00,1.8,255.87
2025-07-14 03:00:00,1.87,257.48
2025-07-14 06:00:00,1.77,257.88998
2025-07-14 09:00:00,1.86,258.31
2025-07-14 12:00:00,1.9,258.37
2025-07-14 15:00:00,1.93,257.93
2025-07-14 18:00:00,1.9499999,256.5
2025-07-14 21:00:00,1.9499999,256.0
2025-07-15 00:00:00,1.9599999,255.70999
2025-07-15 03:00:00,1.9599999,257.09
2025-07-15 06:00:00,1.91,254.49
2025-07-15 09:00:00,1.9499999,252.49
2025-07-15 12:00:00,2.09,249.84999
2025-07-15 15:00:00,2.2,244.5
2025-07-15 18:00:00,2.26,237.88
2025-07-15 21:00:00,2.35,231.83
2025-07-16 00:00:00,2.4099998,230.48
2025-07-16 03:00:00,2.3899999,233.56
2025-07-16 06:00:00,2.44,236.51
2025-07-16 09:00:00,2.3899999,241.20999
2025-07-16 12:00:00,2.3999999,246.74
2025-07-16 15:00:00,2.4299998,251.75
2025-07-16 18:00:00,2.49,255.58
2025-07-16 21:00:00,2.46,259.75
2025-07-17 00:00:00,2.4099998,260.56
2025-07-17 03:00:00,2.4099998,259.26
2025-07-17 06:00:00,2.4099998,258.51
2025-07-17 09:00:00,2.36,255.72
2025-07-17 12:00:00,2.36,252.53
2025-07-17 15:00:00,2.35,248.53
2025-07-17 18:00:00,2.47,250.41
2025-07-17 21:00:00,2.47,256.13
2025-07-18 00:00:00,2.49,255.70999
2025-07-18 03:00:00,2.35,253.13
2025-07-18 06:00:00,2.24,246.83
2025-07-18 09:00:00,2.2,244.92
2025-07-18 12:00:00,2.35,247.76
2025-07-18 15:00:00,2.52,252.99
2025-07-18 18:00:00,2.69,257.91
2025-07-18 21:00:00,2.76,260.2
2025-07-19 00:00:00,2.82,262.27
2025-07-19 03:00:00,2.8899999,264.62
2025-07-19 06:00:00,2.84,265.91998
2025-07-19 09:00:00,2.74,265.37
2025-07-19 12:00:00,2.7,263.05
2025-07-19 15:00:00,2.6799998,262.77
2025-07-19 18:00:00,2.6599998,261.01
2025-07-19 21:00:00,2.62,258.15
2025-07-20 00:00:00,2.6,257.31
2025-07-20 03:00:00,2.6,258.74
2025-07-20 06:00:00,2.6299999,260.31
2025-07-20 09:00:00,2.62,261.2
2025-07-20 12:00:00,2.53,260.62
2025-07-20 15:00:00,2.45,259.85
2025-07-20 18:00:00,2.4199998,259.13998
2025-07-20 21:00:00,2.4099998,258.53
2025-07-21 00:00:00,2.3799999,258.5
2025-07-21 03:00:00,2.3799999,259.13
2025-07-21 06:00:00,2.37,259.4
2025-07-21 09:00:00,2.36,261.09
2025-07-21 12:00:00,2.36,261.79
2025-07-21 15:00:00,2.3799999,262.37
2025-07-21 18:00:00,2.3,262.65
2025-07-21 21:00:00,2.26,261.7
2025-07-22 00:00:00,2.26,260.33
2025-07-22 03:00:00,2.27,260.9
2025-07-22 06:00:00,2.19,261.93
2025-07-22 09:00:00,2.1299999,263.51
2025-07-22 12:00:00,2.02,265.16
2025-07-22 15:00:00,2.05,265.43
2025-07-22 18:00:00,2.04,266.58
2025-07-22 21:00:00,2.05,265.38
2025-07-23 00:00:00,2.07,264.43
2025-07-23 03:00:00,2.08,262.31
2025-07-23 06:00:00,1.9599999,261.37
2025-07-23 09:00:00,1.93,258.85
2025-07-23 12:00:00,1.9799999,256.83
2025-07-23 15:00:00,2.03,254.08
2025-07-23 18:00:00,2.08,250.76
2025-07-23 21:00:00,2.12,251.84999
2025-07-24 00:00:00,2.34,253.25
2025-07-24 03:00:00,2.25,254.83
2025-07-24 06:00:00,2.18,258.85
2025-07-24 09:00:00,2.1399999,256.43
2025-07-24 12:00:00,2.24,252.04
2025-07-24 15:00:00,2.08,252.76
2025-07-24 18:00:00,2.03,252.63
2025-07-24 21:00:00,1.9399999,246.24
2025-07-25 00:00:00,1.8499999,241.70999
2025-07-25 03:00:00,1.78,240.01
2025-07-25 06:00:00,1.73,239.58
2025-07-25 09:00:00,1.6999999,240.13
2025-07-25 12:00:00,1.63,237.89
2025-07-25 15:00:00,1.61,234.11
2025-07-25 18:00:00,1.65,234.2
2025-07-25 21:00:00,1.74,234.93
2025-07-26 00:00:00,1.6999999,242.51
2025-07-26 03:00:00,1.78,250.39
2025-07-26 06:00:00,1.9799999,254.84999
2025-07-26 09:00:00,2.04,254.38
2025-07-26 12:00:00,2.03,256.38
2025-07-26 15:00:00,2.08,257.22
2025-07-26 18:00:00,2.1,257.63
2025-07-26 21:00:00,2.12,256.96
2025-07-27 00:00:00,2.1599998,256.99
2025-07-27 03:00:00,2.1599998,256.69
2025-07-27 06:00:00,2.07,254.75
2025-07-27 09:00:00,2.07,243.93
2025-07-27 12:00:00,2.07,243.95
2025-07-27 15:00:00,2.03,244.26
2025-07-27 18:00:00,2.04,246.48
2025-07-27 21:00:00,2.04,247.54
2025-07-28 00:00:00,2.0,247.15
2025-07-28 03:00:00,1.9799999,241.99
2025-07-28 06:00:00,1.9499999,238.74
2025-07-28 09:00:00,1.91,237.54
2025-07-28 12:00:00,1.8499999,239.02
2025-07-28 15:00:00,1.86,240.27
2025-07-28 18:00:00,1.87,239.68
2025-07-28 21:00:00,1.9,242.33
2025-07-29 00:00:00,1.93,247.15
2025-07-29 03:00:00,1.9399999,249.28
2025-07-29 06:00:00,1.99,248.4
2025-07-29 09:00:00,2.04,250.09999
2025-07-29 12:00:00,2.03,249.7
2025-07-29 15:00:00,1.99,249.02
2025-07-29 18:00:00,2.04,252.65
2025-07-29 21:00:00,2.1299999,260.37
2025-07-30 00:00:00,2.01,256.2
2025-07-30 03:00:00,1.93,251.09
2025-07-30 06:00:00,1.92,247.85
2025-07-30 09:00:00,1.9499999,244.54
2025-07-30 12:00:00,1.91,238.89
2025-07-30 15:00:00,1.79,235.35
2025-07-30 18:00:00,1.78,228.42
2025-07-30 21:00:00,1.8,229.48
2025-07-31 00:00:00,1.92,240.38
2025-07-31 03:00:00,1.8399999,246.22
2025-07-31 06:00:00,1.76,251.74
2025-07-31 09:00:00,1.73,252.09999
2025-07-31 12:00:00,1.62,250.54
2025-07-31 15:00:00,1.63,250.51
2025-07-31 18:00:00,1.55,252.25
2025-07-31 21:00:00,1.61,257.67
2025-08-01 00:00:00,1.7199999,266.16998
2025-08-01 03:00:00,1.8499999,271.38
2025-08-01 06:00:00,1.91,272.73
2025-08-01 09:00:00,1.93,272.63
2025-08-01 12:00:00,1.9399999,271.5
2025-08-01 15:00:00,1.88,270.02
2025-08-01 18:00:00,1.87,268.63998
2025-08-01 21:00:00,1.87,268.02
2025-08-02 00:00:00,1.87,268.19
2025-08-02 03:00:00,1.89,269.77
2025-08-02 06:00:00,2.0,270.46
2025-08-02 09:00:00,2.0,269.06
2025-08-02 12:00:00,1.9799999,265.59
2025-08-02 15:00:00,1.9699999,262.66998
2025-08-02 18:00:00,2.03,259.88
2025-08-02 21:00:00,2.1299999,256.93
2025-08-03 00:00:00,2.23,254.33
2025-08-03 03:00:00,2.21,249.49
2025-08-03 06:00:00,2.18,246.54
2025-08-03 09:00:00,2.19,245.06999
2025-08-03 12:00:00,2.1399999,248.72
2025-08-03 15:00:00,2.1,250.31999
2025-08-03 18:00:00,2.3999999,249.61
2025-08-03 21:00:00,2.34,241.70999
2025-08-04 00:00:00,2.27,241.02
2025-08-04 03:00:00,2.18,238.55
2025-08-04 06:00:00,2.08,235.42
2025-08-04 09:00:00,2.0,234.81
2025-08-04 12:00:00,2.1399999,233.98
2025-08-04 15:00:00,2.1499999,226.72
2025-08-04 18:00:00,2.1,225.83
2025-08-04 21:00:00,2.1399999,225.31
2025-08-05 00:00:00,2.23,226.37
2025-08-05 03:00:00,2.24,228.08
2025-08-05 06:00:00,2.29,229.04
2025-08-05 09:00:00,2.29,229.77
2025-08-05 12:00:00,2.28,229.19
2025-08-05 15:00:00,2.24,228.37
2025-08-05 18:00:00,2.26,229.3
2025-08-05 21:00:00,2.28,231.91
2025-08-06 00:00:00,2.32,234.76
2025-08-06 03:00:00,2.29,234.76
2025-08-06 06:00:00,2.28,232.66
2025-08-06 09:00:00,2.22,231.20999
2025-08-06 12:00:00,2.19,226.52
2025-08-06 15:00:00,2.07,228.94
2025-08-06 18:00:00,2.08,226.99
2025-08-06 21:00:00,2.03,229.14
2025-08-07 00:00:00,1.9699999,232.84
2025-08-07 03:00:00,1.93,233.51
2025-08-07 06:00:00,1.88,232.47
2025-08-07 09:00:00,1.8399999,231.19
2025-08-07 12:00:00,1.8,229.09
2025-08-07 15:00:00,1.79,225.93
2025-08-07 18:00:00,1.79,222.43
2025-08-07 21:00:00,1.79,223.09
2025-08-08 00:00:00,1.78,224.76
2025-08-08 03:00:00,1.76,227.05
2025-08-08 06:00:00,1.74,229.72
2025-08-08 09:00:00,1.6899999,230.94
2025-08-08 12:00:00,1.62,232.19
2025-08-08 15:00:00,1.5899999,229.94
2025-08-08 18:00:00,1.5999999,226.49
2025-08-08 21:00:00,1.5799999,221.04
2025-08-09 00:00:00,1.5999999,221.62
2025-08-09 03:00:00,1.5699999,217.93
2025-08-09 06:00:00,1.4699999,221.45
2025-08-09 09:00:00,1.41,220.33
2025-08-09 12:00:00,1.39,218.54
2025-08-09 15:00:00,1.37,217.56
2025-08-09 18:00:00,1.31,217.26
2025-08-09 21:00:00,1.3,216.85
2025-08-10 00:00:00,1.28,216.64
2025-08-10 03:00:00,1.29,217.06
2025-08-10 06:00:00,1.25,219.01
2025-08-10 09:00:00,1.26,220.84
2025-08-10 12:00:00,1.27,220.81999
2025-08-10 15:00:00,1.27,218.45
2025-08-10 18:00:00,1.25,216.27
2025-08-10 21:00:00,1.24,213.41
2025-08-11 00:00:00,1.26,211.28
2025-08-11 03:00:00,1.3,210.72
2025-08-11 06:00:00,1.35,210.87
2025-08-11 09:00:00,1.41,210.17
2025-08-11 12:00:00,1.43,208.15
2025-08-11 15:00:00,1.4399999,206.05
2025-08-11 18:00:00,1.4499999,205.1
2025-08-11 21:00:00,1.51,205.97
2025-08-12 00:00:00,1.63,206.69
2025-08-12 03:00:00,1.66,211.27
2025-08-12 06:00:00,1.7099999,214.1
2025-08-12 09:00:00,1.7099999,215.61
2025-08-12 12:00:00,1.74,216.08
2025-08-12 15:00:00,1.77,220.67
2025-08-12 18:00:00,1.8499999,222.44
2025-08-12 21:00:00,1.8199999,223.01
2025-08-13 00:00:00,1.8499999,222.61
2025-08-13 03:00:00,1.92,222.7
2025-08-13 06:00:00,1.91,223.26
2025-08-13 09:00:00,1.89,221.97
2025-08-13 12:00:00,1.92,220.11
2025-08-13 15:00:00,1.8199999,222.54
2025-08-13 18:00:00,1.68,221.11
2025-08-13 21:00:00,1.65,218.74
2025-08-14 00:00:00,1.64,217.66
2025-08-14 03:00:00,1.64,218.39
2025-08-14 06:00:00,1.61,218.78
2025-08-14 09:00:00,1.55,219.34
2025-08-14 12:00:00,1.43,219.23
2025-08-14 15:00:00,1.4499999,221.76
2025-08-14 18:00:00,1.49,224.95
2025-08-14 21:00:00,1.55,227.33
2025-08-15 00:00:00,1.4499999,230.42
2025-08-15 03:00:00,1.56,232.64
2025-08-15 06:00:00,1.62,238.31999
2025-08-15 09:00:00,1.68,240.56
2025-08-15 12:00:00,1.68,238.92
2025-08-15 15:00:00,1.68,237.68
2025-08-15 18:00:00,1.6999999,238.95
2025-08-15 21:00:00,1.77,241.14
2025-08-16 00:00:00,1.8499999,245.06999
2025-08-16 03:00:00,1.9399999,245.8
2025-08-16 06:00:00,1.9599999,243.69
2025-08-16 09:00:00,1.9399999,240.66
2025-08-16 12:00:00,1.79,237.25
2025-08-16 15:00:00,1.8,234.65
2025-08-16 18:00:00,1.89,236.55
2025-08-16 21:00:00,2.03,236.95999
2025-08-17 00:00:00,2.02,234.13
2025-08-17 03:00:00,1.93,234.05
2025-08-17 06:00:00,1.88,231.38
2025-08-17 09:00:00,1.8399999,228.2
2025-08-17 12:00:00,1.8,227.64
2025-08-17 15:00:00,1.76,229.69
2025-08-17 18:00:00,1.87,233.61
2025-08-17 21:00:00,1.87,237.41
2025-08-18 00:00:00,1.8,241.29
2025-08-18 03:00:00,1.74,243.4
2025-08-18 06:00:00,1.64,244.65
2025-08-18 09:00:00,1.53,246.18
2025-08-18 12:00:00,1.4599999,245.87
2025-08-18 15:00:00,1.41,246.36
2025-08-18 18:00:00,1.4,247.37
2025-08-18 21:00:00,1.39,248.94
2025-08-19 00:00:00,1.4699999,251.48
2025-08-19 03:00:00,1.4599999,253.11
2025-08-19 06:00:00,1.42,252.33
2025-08-19 09:00:00,1.4,250.51
2025-08-19 12:00:00,1.3299999,248.99
2025-08-19 15:00:00,1.3,249.67
2025-08-19 18:00:00,1.28,250.63
2025-08-19 21:00:00,1.38,256.27
2025-08-20 00:00:00,1.4399999,262.94
2025-08-20 03:00:00,1.49,264.51
2025-08-20 06:00:00,1.4499999,262.99
2025-08-20 09:00:00,1.42,262.15
2025-08-20 12:00:00,1.42,259.3
2025-08-20 15:00:00,1.41,256.78
2025-08-20 18:00:00,1.41,254.65
2025-08-20 21:00:00,1.41,253.74
2025-08-21 00:00:00,1.4599999,255.34999
2025-08-21 03:00:00,1.48,256.03
2025-08-21 06:00:00,1.4699999,252.04
2025-08-21 09:00:00,1.4699999,246.86
2025-08-21 12:00:00,1.48,242.06
2025-08-21 15:00:00,1.52,237.34
2025-08-21 18:00:00,1.53,231.56
2025-08-21 21:00:00,1.62,226.29
2025-08-22 00:00:00,1.5799999,229.54
2025-08-22 03:00:00,1.65,232.05
2025-08-22 06:00:00,1.7099999,232.64
2025-08-22 09:00:00,1.76,231.95999
2025-08-22 12:00:00,1.7099999,229.56
2025-08-22 15:00:00,1.6999999,227.09
2025-08-22 18:00:00,1.65,225.58
2025-08-22 21:00:00,1.63,223.48
2025-08-23 00:00:00,1.63,221.72
2025-08-23 03:00:00,1.67,220.41
2025-08-23 06:00:00,1.61,220.56999
2025-08-23 09:00:00,1.7199999,218.04
2025-08-23 12:00:00,1.75,215.62
2025-08-23 15:00:00,1.77,212.31999
2025-08-23 18:00:00,1.6999999,209.63
2025-08-23 21:00:00,1.68,207.14
2025-08-24 00:00:00,1.68,206.68
2025-08-24 03:00:00,1.68,207.59
2025-08-24 06:00:00,1.66,207.66
2025-08-24 09:00:00,1.68,207.34
2025-08-24 12:00:00,1.64,207.73
2025-08-24 15:00:00,1.5999999,208.92
2025-08-24 18:00:00,1.62,208.4
2025-08-24 21:00:00,1.62,208.52
2025-08-25 00:00:00,1.52,207.99
2025-08-25 03:00:00,1.56,208.59
2025-08-25 06:00:00,1.55,210.67
2025-08-25 09:00:00,1.53,212.5
2025-08-25 12:00:00,1.51,213.58
2025-08-25 15:00:00,1.51,218.2
2025-08-25 18:00:00,1.51,221.09
2025-08-25 21:00:00,1.55,225.45999
2025-08-26 00:00:00,1.55,228.53
2025-08-26 03:00:00,1.56,234.2
2025-08-26 06:00:00,1.5699999,237.33
2025-08-26 09:00:00,1.55,236.98
2025-08-26 12:00:00,1.5,234.01
2025-08-26 15:00:00,1.4599999,233.01
2025-08-26 18:00:00,1.4599999,231.27
2025-08-26 21:00:00,1.48,230.5
2025-08-27 00:00:00,1.56,231.44
2025-08-27 03:00:00,1.61,232.14
2025-08-27 06:00:00,1.52,231.36
2025-08-27 09:00:00,1.52,234.16
2025-08-27 12:00:00,1.56,231.61
2025-08-27 15:00:00,1.5699999,229.34
2025-08-27 18:00:00,1.63,228.69
2025-08-27 21:00:00,1.7199999,227.98
2025-08-28 00:00:00,1.81,231.58
2025-08-28 03:00:00,1.89,230.62
2025-08-28 06:00:00,1.9,231.11
2025-08-28 09:00:00,1.9,230.58
2025-08-28 12:00:00,1.9,228.98
2025-08-28 15:00:00,1.87,227.74
2025-08-28 18:00:00,1.9,229.20999
2025-08-28 21:00:00,1.9799999,234.75
2025-08-29 00:00:00,2.03,242.03
2025-08-29 03:00:00,2.02,244.91
2025-08-29 06:00:00,2.02,246.13
2025-08-29 09:00:00,1.74,245.53
2025-08-29 12:00:00,1.8199999,244.45999
2025-08-29 15:00:00,1.87,246.72
2025-08-29 18:00:00,1.91,247.89
2025-08-29 21:00:00,1.77,244.14
2025-08-30 00:00:00,1.88,240.95
2025-08-30 03:00:00,1.91,244.9
2025-08-30 06:00:00,1.93,247.34
2025-08-30 09:00:00,1.93,249.91
2025-08-30 12:00:00,1.92,251.48
2025-08-30 15:00:00,1.93,252.95999
2025-08-30 18:00:00,2.0,257.08
2025-08-30 21:00:00,2.04,259.59
2025-08-31 00:00:00,1.9399999,259.05
2025-08-31 03:00:00,1.89,256.15
2025-08-31 06:00:00,1.87,252.74
2025-08-31 09:00:00,1.8199999,251.94
2025-08-31 12:00:00,1.8199999,249.36
2025-08-31 15:00:00,1.8399999,247.37
2025-08-31 18:00:00,1.79,246.52
2025-08-31 21:00:00,1.8499999,247.34
2025-09-01 00:00:00,1.87,250.73
2025-09-01 03:00:00,2.09,244.06
2025-09-01 06:00:00,2.08,244.63
2025-09-01 09:00:00,1.99,245.12
2025-09-01 12:00:00,2.0,241.88
2025-09-01 15:00:00,2.01,240.0
2025-09-01 18:00:00,2.11,241.27
2025-09-01 21:00:00,2.2,243.36
2025-09-02 00:00:00,2.26,244.85
2025-09-02 03:00:00,2.24,245.69
2025-09-02 06:00:00,2.28,246.06
2025-09-02 09:00:00,1.99,245.88
2025-09-02 12:00:00,1.9599999,241.88
2025-09-02 15:00:00,1.9799999,237.66
2025-09-02 18:00:00,2.02,240.38
2025-09-02 21:00:00,2.04,246.26
2025-09-03 00:00:00,2.05,252.03
2025-09-03 03:00:00,2.05,254.47
2025-09-03 06:00:00,1.99,254.5
2025-09-03 09:00:00,1.86,251.65
2025-09-03 12:00:00,1.8299999,249.97
2025-09-03 15:00:00,1.8,250.86
2025-09-03 18:00:00,1.8299999,248.69
2025-09-03 21:00:00,1.63,248.87
2025-09-04 00:00:00,1.76,249.04
2025-09-04 03:00:00,1.81,250.97
2025-09-04 06:00:00,1.76,250.55
2025-09-04 09:00:00,1.6899999,248.28
2025-09-04 12:00:00,1.63,246.78
2025-09-04 15:00:00,1.55,247.01
2025-09-04 18:00:00,1.49,247.41
2025-09-04 21:00:00,1.52,250.19
2025-09-05 00:00:00,1.56,253.24
2025-09-05 03:00:00,1.56,255.14
2025-09-05 06:00:00,1.52,254.87
2025-09-05 09:00:00,1.49,253.65
2025-09-05 12:00:00,1.4599999,251.93
2025-09-05 15:00:00,1.4399999,249.98
2025-09-05 18:00:00,1.4499999,248.25
2025-09-05 21:00:00,1.4699999,247.35
2025-09-06 00:00:00,1.4699999,248.02
2025-09-06 03:00:00,1.5,248.95999
2025-09-06 06:00:00,1.4499999,249.08
2025-09-06 09:00:00,1.42,248.89
2025-09-06 12:00:00,1.43,245.93
2025-09-06 15:00:00,1.43,245.58
2025-09-06 18:00:00,1.4499999,244.23
2025-09-06 21:00:00,1.48,243.69
2025-09-07 00:00:00,1.53,246.25
2025-09-07 03:00:00,1.5699999,250.54
2025-09-07 06:00:00,1.5799999,252.13
2025-09-07 09:00:00,1.56,249.38
2025-09-07 12:00:00,1.55,244.09
2025-09-07 15:00:00,1.52,239.45
2025-09-07 18:00:00,1.53,237.37
2025-09-07 21:00:00,1.54,237.88
2025-09-08 00:00:00,1.55,242.41
2025-09-08 03:00:00,1.5799999,246.35
2025-09-08 06:00:00,1.5799999,248.98
2025-09-08 09:00:00,1.55,245.08
2025-09-08 12:00:00,1.53,240.06999
2025-09-08 15:00:00,1.56,232.25
2025-09-08 18:00:00,1.54,228.25
2025-09-08 21:00:00,1.53,222.99
2025-09-09 00:00:00,1.5699999,220.69
2025-09-09 03:00:00,1.5899999,222.81
2025-09-09 06:00:00,1.61,222.95
2025-09-09 09:00:00,1.61,219.95
2025-09-09 12:00:00,1.5899999,216.31
2025-09-09 15:00:00,1.5799999,212.41
2025-09-09 18:00:00,1.55,209.2
2025-09-09 21:00:00,1.55,206.42
2025-09-10 00:00:00,1.52,206.06999
2025-09-10 03:00:00,1.52,206.15
2025-09-10 06:00:00,1.5,205.54
2025-09-10 09:00:00,1.4599999,205.49
2025-09-10 12:00:00,1.3,206.31
2025-09-10 15:00:00,1.31,206.08
2025-09-10 18:00:00,1.3,207.45
2025-09-10 21:00:00,1.31,209.37
2025-09-11 00:00:00,1.3299999,212.06
2025-09-11 03:00:00,1.3399999,215.27
2025-09-11 06:00:00,1.29,218.48
2025-09-11 09:00:00,1.3,219.44
2025-09-11 12:00:00,1.29,220.76
2025-09-11 15:00:00,1.28,221.28
2025-09-11 18:00:00,1.29,221.48
2025-09-11 21:00:00,1.25,221.98
2025-09-12 00:00:00,1.29,225.63
2025-09-12 03:00:00,1.38,231.26
2025-09-12 06:00:00,1.4399999,233.27
2025-09-12 09:00:00,1.48,231.09
2025-09-12 12:00:00,1.5,227.47
2025-09-12 15:00:00,1.5,223.75
2025-09-12 18:00:00,1.51,221.36
2025-09-12 21:00:00,1.54,220.67
2025-09-13 00:00:00,1.56,221.7
2025-09-13 03:00:00,1.5899999,223.95999
2025-09-13 06:00:00,1.51,226.22
2025-09-13 09:00:00,1.5,228.05
2025-09-13 12:00:00,1.55,227.70999
2025-09-13 15:00:00,1.49,227.2
2025-09-13 18:00:00,1.42,225.31
2025-09-13 21:00:00,1.41,225.37
2025-09-14 00:00:00,1.4599999,226.37
2025-09-14 03:00:00,1.5,231.52
2025-09-14 06:00:00,1.51,232.65
2025-09-14 09:00:00,1.74,236.94
2025-09-14 12:00:00,1.42,240.51
2025-09-14 15:00:00,1.38,232.8
2025-09-14 18:00:00,1.39,226.81
2025-09-14 21:00:00,1.42,225.99
2025-09-15 00:00:00,1.49,228.81
2025-09-15 03:00:00,1.54,231.03
2025-09-15 06:00:00,1.36,230.1
2025-09-15 09:00:00,1.4599999,225.45999
2025-09-15 12:00:00,1.53,221.84
2025-09-15 15:00:00,1.5799999,222.65
2025-09-15 18:00:00,1.52,221.48
2025-09-15 21:00:00,1.4699999,221.24
2025-09-16 00:00:00,1.55,222.91
2025-09-16 03:00:00,1.5999999,226.02
2025-09-16 06:00:00,1.63,225.87
2025-09-16 09:00:00,1.5999999,225.39
2025-09-16 12:00:00,1.5799999,224.91
2025-09-16 15:00:00,1.5699999,223.91
2025-09-16 18:00:00,1.56,222.67
2025-09-16 21:00:00,1.54,222.94
2025-09-17 00:00:00,1.56,222.24
2025-09-17 03:00:00,1.5799999,220.89
2025-09-17 06:00:00,1.5999999,218.67
2025-09-17 09:00:00,1.61,216.55
2025-09-17 12:00:00,1.63,215.34
2025-09-17 15:00:00,1.66,216.19
2025-09-17 18:00:00,1.66,216.65
2025-09-17 21:00:00,1.68,213.99
2025-09-18 00:00:00,1.67,215.84
2025-09-18 03:00:00,1.64,218.63
2025-09-18 06:00:00,1.65,217.52
2025-09-18 09:00:00,1.63,215.58
2025-09-18 12:00:00,1.5899999,214.45
2025-09-18 15:00:00,1.55,213.36
2025-09-18 18:00:00,1.51,212.88
2025-09-18 21:00:00,1.49,212.93
2025-09-19 00:00:00,1.49,213.89
2025-09-19 03:00:00,1.4499999,216.78
2025-09-19 06:00:00,1.37,216.06
2025-09-19 09:00:00,1.35,215.56
2025-09-19 12:00:00,1.3299999,213.36
2025-09-19 15:00:00,1.3199999,209.9
2025-09-19 18:00:00,1.29,207.22
2025-09-19 21:00:00,1.3,206.66
2025-09-20 00:00:00,1.3299999,206.45
2025-09-20 03:00:00,1.3399999,208.36
2025-09-20 06:00:00,1.36,208.51
2025-09-20 09:00:00,1.41,206.09
2025-09-20 12:00:00,1.42,203.87
2025-09-20 15:00:00,1.38,202.94
2025-09-20 18:00:00,1.41,202.01
2025-09-20 21:00:00,1.49,201.2
2025-09-21 00:00:00,1.48,197.55
2025-09-21 03:00:00,1.4499999,200.86
2025-09-21 06:00:00,1.42,202.4
2025-09-21 09:00:00,1.4499999,205.45
2025-09-21 12:00:00,1.48,208.92
2025-09-21 15:00:00,1.4699999,211.0
2025-09-21 18:00:00,1.4399999,210.31
2025-09-21 21:00:00,1.4699999,210.39
2025-09-22 00:00:00,1.53,211.27
2025-09-22 03:00:00,1.61,211.73
2025-09-22 06:00:00,1.5999999,209.8
2025-09-22 09:00:00,1.5699999,208.4
2025-09-22 12:00:00,1.5699999,208.03
2025-09-22 15:00:00,1.5899999,207.21
2025-09-22 18:00:00,1.63,205.65
2025-09-22 21:00:00,1.6899999,204.31999
2025-09-23 00:00:00,1.78,204.0
2025-09-23 03:00:00,1.87,204.46
2025-09-23 06:00:00,1.87,204.55
2025-09-23 09:00:00,1.91,205.73
2025-09-23 12:00:00,2.0,205.92
2025-09-23 15:00:00,1.9399999,206.66
2025-09-23 18:00:00,1.88,207.45
2025-09-23 21:00:00,1.9699999,208.48
2025-09-24 00:00:00,1.9499999,211.17
2025-09-24 03:00:00,1.92,213.54
2025-09-24 06:00:00,1.87,214.58
2025-09-24 09:00:00,1.8199999,214.52
2025-09-24 12:00:00,1.76,214.52
2025-09-24 15:00:00,1.6899999,214.84
2025-09-24 18:00:00,1.68,216.26
2025-09-24 21:00:00,1.6999999,217.93
2025-09-25 00:00:00,1.56,219.09
2025-09-25 03:00:00,1.62,218.98
2025-09-25 06:00:00,1.5799999,221.3
2025-09-25 09:00:00,1.5899999,224.33
2025-09-25 12:00:00,1.64,226.69
2025-09-25 15:00:00,1.67,227.36
2025-09-25 18:00:00,1.74,229.72
2025-09-25 21:00:00,1.88,230.88
2025-09-26 00:00:00,1.91,229.1
2025-09-26 03:00:00,1.92,227.7
2025-09-26 06:00:00,1.9599999,227.41
2025-09-26 09:00:00,2.08,228.97
2025-09-26 12:00:00,2.1599998,231.43
2025-09-26 15:00:00,2.1699998,234.7
2025-09-26 18:00:00,2.1699998,239.56
2025-09-26 21:00:00,2.1,240.99
2025-09-27 00:00:00,2.1299999,239.14
2025-09-27 03:00:00,2.03,234.16
2025-09-27 06:00:00,1.91,230.72
2025-09-27 09:00:00,1.74,230.76
2025-09-27 12:00:00,1.7099999,224.3
2025-09-27 15:00:00,1.65,222.31
2025-09-27 18:00:00,1.61,221.70999
2025-09-27 21:00:00,1.5999999,220.49
2025-09-28 00:00:00,1.68,219.08
2025-09-28 03:00:00,1.5899999,217.22
2025-09-28 06:00:00,1.5699999,216.02
2025-09-28 09:00:00,1.56,213.96
2025-09-28 12:00:00,1.5699999,212.35
2025-09-28 15:00:00,1.4399999,214.47
2025-09-28 18:00:00,1.4599999,214.55
2025-09-28 21:00:00,1.4499999,217.06
2025-09-29 00:00:00,1.4499999,221.24
2025-09-29 03:00:00,1.4599999,226.09
2025-09-29 06:00:00,1.3399999,231.59
2025-09-29 09:00:00,1.39,230.92
2025-09-29 12:00:00,1.38,231.77
2025-09-29 15:00:00,1.4399999,231.42
2025-09-29 18:00:00,1.4499999,234.95
2025-09-29 21:00:00,1.4399999,237.1
2025-09-30 00:00:00,1.43,239.31
2025-09-30 03:00:00,1.43,240.58
2025-09-30 06:00:00,1.42,242.3
2025-09-30 09:00:00,1.39,242.58
2025-09-30 12:00:00,1.3399999,241.51
2025-09-30 15:00:00,1.29,240.4
2025-09-30 18:00:00,1.27,238.94
2025-09-30 21:00:00,1.29,239.1
2025-10-01 00:00:00,1.3199999,240.1
2025-10-01 03:00:00,1.35,241.3
2025-10-01 06:00:00,1.3299999,241.12
2025-10-01 09:00:00,1.29,241.3
2025-10-01 12:00:00,1.27,239.63
2025-10-01 15:00:00,1.26,237.43
2025-10-01 18:00:00,1.3299999,235.31
2025-10-01 21:00:00,1.35,232.09
2025-10-02 00:00:00,1.39,229.56
2025-10-02 03:00:00,1.37,225.85
2025-10-02 06:00:00,1.4,220.18
2025-10-02 09:00:00,1.51,212.79
2025-10-02 12:00:00,1.65,207.56
2025-10-02 15:00:00,1.63,205.97
2025-10-02 18:00:00,1.7099999,204.84
2025-10-02 21:00:00,1.81,203.54
2025-10-03 00:00:00,1.92,205.54
2025-10-03 03:00:00,1.91,204.92
2025-10-03 06:00:00,1.8,204.94
2025-10-03 09:00:00,1.77,203.06999
2025-10-03 12:00:00,1.78,202.43
2025-10-03 15:00:00,1.87,203.53
2025-10-03 18:00:00,1.75,204.03
2025-10-03 21:00:00,1.64,204.0
2025-10-04 00:00:00,1.56,203.44
2025-10-04 03:00:00,1.64,201.97
2025-10-04 06:00:00,1.55,201.92
2025-10-04 09:00:00,1.49,201.68
2025-10-04 12:00:00,1.43,202.93
2025-10-04 15:00:00,1.41,202.61
2025-10-04 18:00:00,1.39,201.73
2025-10-04 21:00:00,1.36,202.83
2025-10-05 00:00:00,1.4,202.46
2025-10-05 03:00:00,1.37,203.29
2025-10-05 06:00:00,1.5699999,206.86
2025-10-05 09:00:00,1.4599999,207.93
2025-10-05 12:00:00,1.35,209.31999
2025-10-05 15:00:00,1.31,209.83
2025-10-05 18:00:00,1.28,209.77
2025-10-05 21:00:00,1.25,208.3
2025-10-06 00:00:00,1.22,208.66
2025-10-06 03:00:00,1.1899999,210.71
2025-10-06 06:00:00,1.18,212.99
2025-10-06 09:00:00,1.17,214.19
2025-10-06 12:00:00,1.16,214.71
2025-10-06 15:00:00,1.12,213.95
2025-10-06 18:00:00,1.09,213.19
2025-10-06 21:00:00,1.1,212.83
2025-10-07 00:00:00,1.1,212.88
2025-10-07 03:00:00,1.1,215.17
2025-10-07 06:00:00,1.1,219.74
2025-10-07 09:00:00,1.12,225.74
2025-10-07 12:00:00,1.14,227.52
2025-10-07 15:00:00,1.16,225.02
2025-10-07 18:00:00,1.18,220.86
2025-10-07 21:00:00,1.1899999,217.45
2025-10-08 00:00:00,1.18,213.77
2025-10-08 03:00:00,1.17,211.14
2025-10-08 06:00:00,1.16,208.45
2025-10-08 09:00:00,1.18,204.73
2025-10-08 12:00:00,1.18,201.83
2025-10-08 15:00:00,1.1999999,199.98
2025-10-08 18:00:00,1.18,197.74
2025-10-08 21:00:00,1.06,195.43
2025-10-09 00:00:00,1.09,191.8
2025-10-09 03:00:00,1.1,189.68
2025-10-09 06:00:00,1.0799999,188.79
2025-10-09 09:00:00,1.06,187.63
2025-10-09 12:00:00,1.0799999,186.33
2025-10-09 15:00:00,1.09,186.19
2025-10-09 18:00:00,1.06,186.67
2025-10-09 21:00:00,1.02,187.63
2025-10-10 00:00:00,0.96999997,184.45
2025-10-10 03:00:00,0.98999995,188.95
2025-10-10 06:00:00,1.05,189.69
2025-10-10 09:00:00,1.0799999,189.79
2025-10-10 12:00:00,1.1,191.0
2025-10-10 15:00:00,1.15,192.32
2025-10-10 18:00:00,1.13,193.26
2025-10-10 21:00:00,1.18,193.03
2025-10-11 00:00:00,1.1999999,193.24
2025-10-11 03:00:00,1.23,194.99
2025-10-11 06:00:00,1.25,196.5
2025-10-11 09:00:00,1.29,197.48
2025-10-11 12:00:00,1.31,199.54
2025-10-11 15:00:00,1.29,199.59
2025-10-11 18:00:00,1.3399999,199.91
2025-10-11 21:00:00,1.3,200.72
2025-10-12 00:00:00,1.26,201.36
2025-10-12 03:00:00,1.22,201.97
2025-10-12 06:00:00,1.18,202.41
2025-10-12 09:00:00,1.16,202.89
2025-10-12 12:00:00,1.15,202.47
2025-10-12 15:00:00,1.16,201.97
2025-10-12 18:00:00,1.23,201.25
2025-10-12 21:00:00,1.29,200.61
2025-10-13 00:00:00,1.3399999,200.66
2025-10-13 03:00:00,1.48,199.28
2025-10-13 06:00:00,1.4699999,202.44
2025-10-13 09:00:00,1.4599999,204.53
2025-10-13 12:00:00,1.52,207.09
2025-10-13 15:00:00,1.42,208.1
2025-10-13 18:00:00,1.36,209.81
2025-10-13 21:00:00,1.3,211.21
2025-10-14 00:00:00,1.28,212.12
2025-10-14 03:00:00,1.1899999,212.93
2025-10-14 06:00:00,1.17,211.21
2025-10-14 09:00:00,1.18,206.92
2025-10-14 12:00:00,1.23,205.12
2025-10-14 15:00:00,1.3399999,202.77
2025-10-14 18:00:00,1.42,200.22
2025-10-14 21:00:00,1.49,199.59
2025-10-15 00:00:00,1.52,199.01
2025-10-15 03:00:00,1.5899999,198.71
2025-10-15 06:00:00,1.66,199.52
2025-10-15 09:00:00,1.74,200.69
2025-10-15 12:00:00,1.77,201.18
2025-10-15 15:00:00,1.81,201.76
2025-10-15 18:00:00,1.7199999,202.31999
2025-10-15 21:00:00,1.65,202.25
2025-10-16 00:00:00,1.62,203.22
2025-10-16 03:00:00,1.62,202.38
2025-10-16 06:00:00,1.62,202.39
2025-10-16 09:00:00,1.5699999,201.8
2025-10-16 12:00:00,1.51,200.08
2025-10-16 15:00:00,1.61,199.87
2025-10-16 18:00:00,1.5999999,200.83
2025-10-16 21:00:00,1.55,201.69
2025-10-17 00:00:00,1.49,202.5
2025-10-17 03:00:00,1.5,203.2
2025-10-17 06:00:00,1.53,204.54
2025-10-17 09:00:00,1.53,205.9
2025-10-17 12:00:00,1.55,206.88
2025-10-17 15:00:00,1.51,208.15
2025-10-17 18:00:00,1.4399999,209.13
2025-10-17 21:00:00,1.4,209.23
2025-10-18 00:00:00,1.36,209.04
2025-10-18 03:00:00,1.31,209.48
2025-10-18 06:00:00,1.35,210.56
2025-10-18 09:00:00,1.3299999,211.34
2025-10-18 12:00:00,1.38,210.95
2025-10-18 15:00:00,1.43,209.71
2025-10-18 18:00:00,1.43,209.11
2025-10-18 21:00:00,1.3299999,209.84
2025-10-19 00:00:00,1.3199999,209.43
2025-10-19 03:00:00,1.3299999,209.58
2025-10-19 06:00:00,1.28,214.06
2025-10-19 09:00:00,1.29,217.22
2025-10-19 12:00:00,1.37,224.86
2025-10-19 15:00:00,1.42,227.02
2025-10-19 18:00:00,1.3399999,227.48
2025-10-19 21:00:00,1.25,224.91
2025-10-20 00:00:00,1.28,222.74
2025-10-20 03:00:00,1.27,216.45
2025-10-20 06:00:00,1.1899999,210.91
2025-10-20 09:00:00,1.16,211.23
2025-10-20 12:00:00,1.2099999,209.4
2025-10-20 15:00:00,1.37,210.67
2025-10-20 18:00:00,1.48,213.06
2025-10-20 21:00:00,1.65,215.37
2025-10-21 00:00:00,1.8,217.18
2025-10-21 03:00:00,1.9,218.04
2025-10-21 06:00:00,1.88,219.13
2025-10-21 09:00:00,1.8,219.02
2025-10-21 12:00:00,1.74,218.13
2025-10-21 15:00:00,1.73,214.76
2025-10-21 18:00:00,1.68,213.58
2025-10-21 21:00:00,1.66,212.16
2025-10-22 00:00:00,1.68,211.49
2025-10-22 03:00:00,1.76,211.94
2025-10-22 06:00:00,1.89,213.45
2025-10-22 09:00:00,1.9599999,215.23
2025-10-22 12:00:00,1.9799999,216.83
2025-10-22 15:00:00,1.9399999,217.81
2025-10-22 18:00:00,1.9399999,217.58
2025-10-22 21:00:00,2.1499999,218.29
2025-10-23 00:00:00,2.28,219.13
2025-10-23 03:00:00,2.12,222.26
2025-10-23 06:00:00,2.02,226.55
2025-10-23 09:00:00,1.93,227.95999
2025-10-23 12:00:00,2.08,229.65
2025-10-23 15:00:00,1.99,230.2
2025-10-23 18:00:00,1.8499999,229.08
2025-10-23 21:00:00,1.76,226.70999
2025-10-24 00:00:00,1.73,225.05
2025-10-24 03:00:00,1.7199999,224.03
2025-10-24 06:00:00,1.6899999,222.92
2025-10-24 09:00:00,1.68,222.45
2025-10-24 12:00:00,1.8199999,222.25
2025-10-24 15:00:00,1.77,220.28
2025-10-24 18:00:00,1.5899999,219.24
2025-10-24 21:00:00,1.5899999,218.08
2025-10-25 00:00:00,1.5799999,218.24
2025-10-25 03:00:00,1.5899999,219.0
2025-10-25 06:00:00,1.5899999,220.24
2025-10-25 09:00:00,1.61,221.13
2025-10-25 12:00:00,1.62,222.79
2025-10-25 15:00:00,1.62,224.74
2025-10-25 18:00:00,1.5799999,226.26
2025-10-25 21:00:00,1.55,227.5
2025-10-26 00:00:00,1.55,231.09
2025-10-26 03:00:00,2.02,236.16
2025-10-26 06:00:00,1.51,240.55
2025-10-26 09:00:00,1.36,235.43
2025-10-26 12:00:00,1.26,232.79
2025-10-26 15:00:00,1.22,230.33
2025-10-26 18:00:00,1.1999999,227.81999
2025-10-26 21:00:00,1.18,226.65
2025-10-27 00:00:00,1.22,227.86
2025-10-27 03:00:00,1.24,229.73
2025-10-27 06:00:00,1.22,231.01
2025-10-27 09:00:00,1.22,232.27
2025-10-27 12:00:00,1.3199999,236.06
2025-10-27 15:00:00,1.42,239.79
2025-10-27 18:00:00,1.52,245.70999
2025-10-27 21:00:00,1.5999999,248.62
2025-10-28 00:00:00,1.64,248.67
2025-10-28 03:00:00,1.65,248.41
2025-10-28 06:00:00,1.65,247.91
2025-10-28 09:00:00,1.61,246.91
2025-10-28 12:00:00,1.5999999,246.65
2025-10-28 15:00:00,1.5899999,246.42
2025-10-28 18:00:00,1.6899999,247.06
2025-10-28 21:00:00,1.68,247.24
2025-10-29 00:00:00,1.66,246.81
2025-10-29 03:00:00,1.65,245.06999
2025-10-29 06:00:00,1.63,242.44
2025-10-29 09:00:00,1.61,239.36
2025-10-29 12:00:00,1.5799999,235.09
2025-10-29 15:00:00,1.56,232.49
2025-10-29 18:00:00,1.55,229.15
2025-10-29 21:00:00,1.5,228.75
2025-10-30 00:00:00,1.48,227.55
2025-10-30 03:00:00,1.49,222.27
2025-10-30 06:00:00,1.48,219.62
2025-10-30 09:00:00,1.4499999,216.08
2025-10-30 12:00:00,1.49,213.88
2025-10-30 15:00:00,1.5,212.56
2025-10-30 18:00:00,1.43,213.08
2025-10-30 21:00:00,1.39,211.47
2025-10-31 00:00:00,1.37,209.9
2025-10-31 03:00:00,1.3399999,209.64
2025-10-31 06:00:00,1.25,209.81
2025-10-31 09:00:00,1.25,209.56
2025-10-31 12:00:00,1.24,208.71
2025-10-31 15:00:00,1.23,207.78
2025-10-31 18:00:00,1.3,205.42
2025-10-31 21:00:00,1.26,203.92
2025-11-01 00:00:00,1.24,202.27
2025-11-01 03:00:00,1.3,204.97
2025-11-01 06:00:00,1.29,206.27
2025-11-01 09:00:00,1.3199999,209.23
2025-11-01 12:00:00,1.3299999,212.5
2025-11-01 15:00:00,1.36,203.59
2025-11-01 18:00:00,1.39,203.53
2025-11-01 21:00:00,1.3199999,204.64
2025-11-02 00:00:00,1.31,206.05
2025-11-02 03:00:00,1.3,212.47
2025-11-02 06:00:00,1.3199999,220.76
2025-11-02 09:00:00,1.38,229.03
2025-11-02 12:00:00,1.4599999,234.35
2025-11-02 15:00:00,1.41,238.20999
2025-11-02 18:00:00,1.3299999,239.31999
2025-11-02 21:00:00,1.3299999,236.6
2025-11-03 00:00:00,1.3199999,237.04
2025-11-03 03:00:00,1.3299999,238.87
2025-11-03 06:00:00,1.3199999,239.77
2025-11-03 09:00:00,1.3,238.0
2025-11-03 12:00:00,1.29,234.86
2025-11-03 15:00:00,1.27,230.77
2025-11-03 18:00:00,1.26,228.02
2025-11-03 21:00:00,1.26,226.52
2025-11-04 00:00:00,1.28,226.63
2025-11-04 03:00:00,1.3199999,228.72
2025-11-04 06:00:00,1.4,232.09
2025-11-04 09:00:00,1.4499999,235.54
2025-11-04 12:00:00,1.5,237.39
2025-11-04 15:00:00,1.53,237.38
2025-11-04 18:00:00,1.4699999,235.98
2025-11-04 21:00:00,1.5699999,231.98
2025-11-05 00:00:00,1.5999999,233.9
2025-11-05 03:00:00,1.63,233.51
2025-11-05 06:00:00,1.66,229.29
2025-11-05 09:00:00,1.63,226.83
2025-11-05 12:00:00,1.67,223.47
2025-11-05 15:00:00,1.65,225.59
2025-11-05 18:00:00,1.75,225.31
2025-11-05 21:00:00,1.79,226.94
2025-11-06 00:00:00,1.8499999,230.19
2025-11-06 03:00:00,1.9799999,232.6
2025-11-06 06:00:00,1.9499999,232.79
2025-11-06 09:00:00,1.91,231.33
2025-11-06 12:00:00,1.8499999,233.56999
2025-11-06 15:00:00,1.67,229.1
2025-11-06 18:00:00,1.5999999,224.25
2025-11-06 21:00:00,1.54,220.3
2025-11-07 00:00:00,1.5,217.78
2025-11-07 03:00:00,1.52,217.12
2025-11-07 06:00:00,1.4599999,215.12
2025-11-07 09:00:00,1.43,214.45
2025-11-07 12:00:00,1.42,216.21
2025-11-07 15:00:00,1.41,215.06999
2025-11-07 18:00:00,1.35,212.69
2025-11-07 21:00:00,1.31,211.5
2025-11-08 00:00:00,1.29,211.5
2025-11-08 03:00:00,1.28,211.55
2025-11-08 06:00:00,1.29,212.83
2025-11-08 09:00:00,1.26,214.67
2025-11-08 12:00:00,1.24,216.56999
2025-11-08 15:00:00,1.22,215.46
2025-11-08 18:00:00,1.15,212.44
2025-11-08 21:00:00,1.1,209.24
2025-11-09 00:00:00,1.04,207.51
2025-11-09 03:00:00,1.01,206.03
2025-11-09 06:00:00,1.01,205.44
2025-11-09 09:00:00,1.0,205.59
2025-11-09 12:00:00,0.98999995,206.53
2025-11-09 15:00:00,1.0,205.98
2025-11-09 18:00:00,0.96,203.76
2025-11-09 21:00:00,0.93,201.75
2025-11-10 00:00:00,0.89,200.13
2025-11-10 03:00:00,0.87,198.76
2025-11-10 06:00:00,0.84999996,198.28
2025-11-10 09:00:00,0.85999995,198.05
2025-11-10 12:00:00,0.84999996,199.24
2025-11-10 15:00:00,0.85999995,200.59
2025-11-10 18:00:00,0.93,200.79
2025-11-10 21:00:00,0.88,202.99
2025-11-11 00:00:00,0.93,202.79
2025-11-11 03:00:00,0.87,204.84
2025-11-11 06:00:00,0.84,204.21
2025-11-11 09:00:00,0.83,202.7
2025-11-11 12:00:00,0.78,203.86
2025-11-11 15:00:00,0.82,205.98
2025-11-11 18:00:00,0.84,206.75
2025-11-11 21:00:00,0.81,206.73
2025-11-12 00:00:00,0.77,208.5
2025-11-12 03:00:00,0.78999996,207.99
2025-11-12 06:00:00,0.61,209.51
2025-11-12 09:00:00,0.68,210.71
2025-11-12 12:00:00,0.74,214.81999
2025-11-12 15:00:00,0.78999996,212.01
2025-11-12 18:00:00,0.76,212.73
2025-11-12 21:00:00,0.74,215.46
2025-11-13 00:00:00,0.72999996,217.65
2025-11-13 03:00:00,0.71999997,219.31999
2025-11-13 06:00:00,0.69,218.0
2025-11-13 09:00:00,0.68,208.11
2025-11-13 12:00:00,0.66999996,201.0
2025-11-13 15:00:00,0.65999997,197.74
2025-11-13 18:00:00,0.65999997,197.06999
2025-11-13 21:00:00,0.65999997,197.6
2025-11-14 00:00:00,0.65999997,198.05
2025-11-14 03:00:00,0.65,198.37
2025-11-14 06:00:00,0.65,197.24
2025-11-14 09:00:00,0.65999997,197.53
2025-11-14 12:00:00,0.66999996,196.9
2025-11-14 15:00:00,0.71999997,199.29
2025-11-14 18:00:00,0.79999995,203.54
2025-11-14 21:00:00,0.87,206.1
2025-11-15 00:00:00,0.9,206.4
2025-11-15 03:00:00,0.96,204.56
2025-11-15 06:00:00,1.11,208.12
2025-11-15 09:00:00,1.31,208.51
2025-11-15 12:00:00,1.4399999,207.24
2025-11-15 15:00:00,1.63,207.45
2025-11-15 18:00:00,1.7099999,205.58
2025-11-15 21:00:00,1.8,202.94
2025-11-16 00:00:00,1.81,201.17
2025-11-16 03:00:00,1.79,200.47
2025-11-16 06:00:00,1.8199999,201.33
2025-11-16 09:00:00,1.73,203.26
2025-11-16 12:00:00,1.67,203.61
2025-11-16 15:00:00,1.5899999,204.31
2025-11-16 18:00:00,1.62,204.79
2025-11-16 21:00:00,1.51,206.24
2025-11-17 00:00:00,1.4,206.14
2025-11-17 03:00:00,1.3199999,204.08
2025-11-17 06:00:00,1.3,202.81
2025-11-17 09:00:00,1.26,202.98
2025-11-17 12:00:00,1.17,202.38
2025-11-17 15:00:00,1.14,201.8
2025-11-17 18:00:00,1.14,202.21
2025-11-17 21:00:00,1.1,205.04
2025-11-18 00:00:00,1.03,208.58
2025-11-18 03:00:00,0.98999995,207.89
2025-11-18 06:00:00,0.95,204.37
2025-11-18 09:00:00,0.93,199.47
2025-11-18 12:00:00,0.9,197.3
2025-11-18 15:00:00,0.82,201.12
2025-11-18 18:00:00,0.78,199.05
2025-11-18 21:00:00,0.76,197.79
2025-11-19 00:00:00,0.76,196.88
2025-11-19 03:00:00,0.77,197.11
2025-11-19 06:00:00,0.78,197.55
2025-11-19 09:00:00,0.82,198.78
2025-11-19 12:00:00,0.84,201.28
2025-11-19 15:00:00,0.84999996,202.18
2025-11-19 18:00:00,0.82,200.99
2025-11-19 21:00:00,0.84999996,202.9
2025-11-20 00:00:00,0.90999997,206.35
2025-11-20 03:00:00,0.94,208.33
2025-11-20 06:00:00,0.94,208.23
2025-11-20 09:00:00,0.9,209.64
2025-11-20 12:00:00,0.90999997,208.98
2025-11-20 15:00:00,0.91999996,208.55
2025-11-20 18:00:00,0.96,210.21
2025-11-20 21:00:00,0.9,215.24
2025-11-21 00:00:00,0.84999996,213.8
2025-11-21 03:00:00,0.85999995,208.77
2025-11-21 06:00:00,0.88,204.59
2025-11-21 09:00:00,0.90999997,201.1
2025-11-21 12:00:00,0.96,200.35
2025-11-21 15:00:00,1.03,200.53
2025-11-21 18:00:00,0.98999995,199.61
2025-11-21 21:00:00,0.96,201.17
2025-11-22 00:00:00,0.95,200.77
2025-11-22 03:00:00,1.05,199.05
2025-11-22 06:00:00,0.84,199.02
2025-11-22 09:00:00,0.85999995,196.0
2025-11-22 12:00:00,0.87,194.89
2025-11-22 15:00:00,0.84,194.12
2025-11-22 18:00:00,0.84,194.46
2025-11-22 21:00:00,0.83,194.74
2025-11-23 00:00:00,0.82,196.35
2025-11-23 03:00:00,0.84,198.87
2025-11-23 06:00:00,0.84999996,201.69
2025-11-23 09:00:00,0.84,203.5
2025-11-23 12:00:00,0.84999996,207.01
2025-11-23 15:00:00,0.84999996,207.64
2025-11-23 18:00:00,0.87,207.18
2025-11-23 21:00:00,0.96999997,205.27
2025-11-24 00:00:00,1.17,206.73
2025-11-24 03:00:00,1.23,210.66
2025-11-24 06:00:00,1.23,210.06
2025-11-24 09:00:00,1.22,208.77
2025-11-24 12:00:00,1.4,207.2
2025-11-24 15:00:00,1.39,210.56
2025-11-24 18:00:00,1.28,212.41
2025-11-24 21:00:00,1.27,208.77
2025-11-25 00:00:00,1.22,207.63
2025-11-25 03:00:00,1.1899999,206.66
2025-11-25 06:00:00,1.13,206.23
2025-11-25 09:00:00,1.11,207.16
2025-11-25 12:00:00,1.16,210.45
2025-11-25 15:00:00,1.14,212.54
2025-11-25 18:00:00,1.05,215.65
2025-11-25 21:00:00,1.1899999,221.4
2025-11-26 00:00:00,1.31,227.27
2025-11-26 03:00:00,1.43,246.14
2025-11-26 06:00:00,1.41,275.66998
2025-11-26 09:00:00,1.5799999,304.8
2025-11-26 12:00:00,1.81,312.34
2025-11-26 15:00:00,1.99,313.66
2025-11-26 18:00:00,2.07,313.62
2025-11-26 21:00:00,2.1499999,311.19
2025-11-27 00:00:00,2.37,304.35
2025-11-27 03:00:00,2.3999999,294.74
2025-11-27 06:00:00,2.29,291.77
2025-11-27 09:00:00,2.23,294.57
2025-11-27 12:00:00,2.33,298.34
2025-11-27 15:00:00,2.35,297.94
2025-11-27 18:00:00,2.29,295.56
2025-11-27 21:00:00,2.51,293.32
2025-11-28 00:00:00,2.76,291.16998
2025-11-28 03:00:00,2.85,291.03
2025-11-28 06:00:00,2.87,292.85
2025-11-28 09:00:00,2.6799998,292.45
2025-11-28 12:00:00,2.4299998,286.16
2025-11-28 15:00:00,2.3899999,280.32
2025-11-28 18:00:00,2.5,279.93
2025-11-28 21:00:00,2.4199998,278.81
2025-11-29 00:00:00,2.26,271.49
2025-11-29 03:00:00,2.08,265.57
2025-11-29 06:00:00,1.9599999,261.12
2025-11-29 09:00:00,1.79,250.34999
2025-11-29 12:00:00,1.63,235.54
2025-11-29 15:00:00,1.49,223.35
2025-11-29 18:00:00,1.41,214.46
2025-11-29 21:00:00,1.36,207.38
2025-11-30 00:00:00,1.3299999,203.59
2025-11-30 03:00:00,1.31,201.75
2025-11-30 06:00:00,1.23,201.62
2025-11-30 09:00:00,1.1999999,200.66
2025-11-30 12:00:00,1.14,201.45
2025-11-30 15:00:00,1.16,201.59
2025-11-30 18:00:00,1.1999999,203.06
2025-11-30 21:00:00,1.22,205.42
2025-12-01 00:00:00,1.28,207.28
2025-12-01 03:00:00,1.3299999,210.56
2025-12-01 06:00:00,1.3399999,211.76
2025-12-01 09:00:00,1.3,211.91
2025-12-01 12:00:00,1.37,210.78
2025-12-01 15:00:00,1.3,212.4
2025-12-01 18:00:00,1.36,212.3
2025-12-01 21:00:00,1.39,210.67
2025-12-02 00:00:00,1.41,210.01
2025-12-02 03:00:00,1.4599999,210.06
2025-12-02 06:00:00,1.3199999,210.94
2025-12-02 09:00:00,1.18,209.44
2025-12-02 12:00:00,1.1999999,208.94
2025-12-02 15:00:00,1.2099999,206.62
2025-12-02 18:00:00,1.1999999,205.81
2025-12-02 21:00:00,1.16,206.08
2025-12-03 00:00:00,1.27,205.92
2025-12-03 03:00:00,1.28,203.19
2025-12-03 06:00:00,1.1999999,201.72
2025-12-03 09:00:00,1.1999999,201.53
2025-12-03 12:00:00,1.13,201.36
2025-12-03 15:00:00,1.09,203.59
2025-12-03 18:00:00,0.94,203.9
2025-12-03 21:00:00,0.88,202.74
2025-12-04 00:00:00,0.84999996,201.72
2025-12-04 03:00:00,0.83,201.55
2025-12-04 06:00:00,0.83,201.49
2025-12-04 09:00:00,0.79999995,201.8
2025-12-04 12:00:00,0.76,201.91
2025-12-04 15:00:00,0.74,201.35
2025-12-04 18:00:00,0.77,198.92
2025-12-04 21:00:00,0.76,198.31999
2025-12-05 00:00:00,0.96,198.27
2025-12-05 03:00:00,0.78999996,199.51
2025-12-05 06:00:00,0.71999997,200.86
2025-12-05 09:00:00,0.7,199.55
2025-12-05 12:00:00,0.7,199.22
2025-12-05 15:00:00,0.69,197.98
2025-12-05 18:00:00,0.7,197.09
2025-12-05 21:00:00,0.7,196.65
2025-12-06 00:00:00,0.85999995,196.29
2025-12-06 03:00:00,0.79999995,197.81
2025-12-06 06:00:00,0.82,194.42
2025-12-06 09:00:00,0.84,193.66
2025-12-06 12:00:00,0.82,191.61
2025-12-06 15:00:00,0.81,192.02
2025-12-06 18:00:00,0.81,191.06
2025-12-06 21:00:00,0.76,192.14
2025-12-07 00:00:00,0.78,194.69
2025-12-07 03:00:00,0.78,199.33
2025-12-07 06:00:00,0.77,198.98
2025-12-07 09:00:00,0.75,198.52
2025-12-07 12:00:00,0.76,196.37
2025-12-07 15:00:00,0.82,197.09
2025-12-07 18:00:00,0.85999995,194.94
2025-12-07 21:00:00,0.81,197.49
2025-12-08 00:00:00,0.84,204.51
2025-12-08 03:00:00,0.9,205.1
2025-12-08 06:00:00,0.88,204.36
2025-12-08 09:00:00,0.87,202.27
2025-12-08 12:00:00,0.88,202.53
2025-12-08 15:00:00,0.94,214.86
2025-12-08 18:00:00,1.05,233.27
2025-12-08 21:00:00,1.11,245.8
2025-12-09 00:00:00,1.16,245.62
2025-12-09 03:00:00,1.0799999,233.88
2025-12-09 06:00:00,0.78,223.89
2025-12-09 09:00:00,0.84,212.73
2025-12-09 12:00:00,0.85999995,211.51
2025-12-09 15:00:00,0.84,214.18
2025-12-09 18:00:00,0.84999996,222.81999
2025-12-09 21:00:00,0.85999995,230.08
2025-12-10 00:00:00,0.84999996,225.95999
2025-12-10 03:00:00,0.83,215.81
2025-12-10 06:00:00,0.81,207.58
2025-12-10 09:00:00,0.77,203.68
2025-12-10 12:00:00,0.76,201.25
2025-12-10 15:00:00,0.78,203.31999
2025-12-10 18:00:00,0.87,214.34
2025-12-10 21:00:00,0.96,220.11
2025-12-11 00:00:00,0.98999995,228.28
2025-12-11 03:00:00,1.0,236.31
2025-12-11 06:00:00,1.03,236.52
2025-12-11 09:00:00,1.02,246.74
2025-12-11 12:00:00,0.94,248.74
2025-12-11 15:00:00,0.9,248.9
2025-12-11 18:00:00,0.88,241.33
2025-12-11 21:00:00,0.84,244.18
2025-12-12 00:00:00,0.79999995,239.01
2025-12-12 03:00:00,0.75,234.39
2025-12-12 06:00:00,0.71,222.31
2025-12-12 09:00:00,0.68,211.34
2025-12-12 12:00:00,0.65999997,207.1
2025-12-12 15:00:00,0.66999996,206.15
2025-12-12 18:00:00,0.7,209.49
2025-12-12 21:00:00,0.71,215.45
2025-12-13 00:00:00,0.71,223.13
2025-12-13 03:00:00,0.72999996,234.01
2025-12-13 06:00:00,0.66999996,238.44
2025-12-13 09:00:00,0.71999997,264.29
2025-12-13 12:00:00,0.78999996,257.18
2025-12-13 15:00:00,0.82,269.44
2025-12-13 18:00:00,0.81,273.13998
2025-12-13 21:00:00,0.79999995,278.29
2025-12-14 00:00:00,0.89,277.08
2025-12-14 03:00:00,0.85999995,253.8
2025-12-14 06:00:00,0.77,255.86
2025-12-14 09:00:00,0.77,240.45999
2025-12-14 12:00:00,0.93,251.70999
2025-12-14 15:00:00,0.93,271.21
2025-12-14 18:00:00,0.91999996,285.33
2025-12-14 21:00:00,0.88,289.18
2025-12-15 00:00:00,0.87,289.96
2025-12-15 03:00:00,0.88,293.06
2025-12-15 06:00:00,0.95,290.62
2025-12-15 09:00:00,0.98999995,286.6
2025-12-15 12:00:00,1.13,295.16
2025-12-15 15:00:00,1.17,299.34
2025-12-15 18:00:00,1.0699999,298.93
2025-12-15 21:00:00,0.97999996,285.98
2025-12-16 00:00:00,0.90999997,255.34999
2025-12-16 03:00:00,0.89,229.74
2025-12-16 06:00:00,0.88,218.84
2025-12-16 09:00:00,0.89,209.54
2025-12-16 12:00:00,0.91999996,206.37
2025-12-16 15:00:00,0.96,202.2
2025-12-16 18:00:00,0.97999996,202.63
2025-12-16 21:00:00,0.98999995,202.37
2025-12-17 00:00:00,0.97999996,201.92
2025-12-17 03:00:00,0.96999997,200.81
2025-12-17 06:00:00,0.96999997,200.27
2025-12-17 09:00:00,0.93,201.22
2025-12-17 12:00:00,0.97999996,200.92
2025-12-17 15:00:00,0.98999995,202.05
2025-12-17 18:00:00,1.0,204.0
2025-12-17 21:00:00,1.02,207.21
2025-12-18 00:00:00,1.12,209.51
2025-12-18 03:00:00,1.1,213.26
2025-12-18 06:00:00,1.01,217.24
2025-12-18 09:00:00,0.96999997,217.02
2025-12-18 12:00:00,0.97999996,216.73
2025-12-18 15:00:00,1.01,218.25
2025-12-18 18:00:00,1.05,224.85
2025-12-18 21:00:00,1.1,226.01
2025-12-19 00:00:00,1.06,224.08
2025-12-19 03:00:00,1.09,215.55
2025-12-19 06:00:00,1.3,213.45
2025-12-19 09:00:00,1.24,209.56999
2025-12-19 12:00:00,1.17,207.88
2025-12-19 15:00:00,1.1,205.79
2025-12-19 18:00:00,1.0799999,203.49
2025-12-19 21:00:00,1.09,202.96
2025-12-20 00:00:00,1.17,205.44
2025-12-20 03:00:00,1.1899999,207.09
2025-12-20 06:00:00,1.15,204.77
2025-12-20 09:00:00,1.13,204.44
2025-12-20 12:00:00,1.17,209.51
2025-12-20 15:00:00,1.26,208.25
2025-12-20 18:00:00,1.15,209.13
2025-12-20 21:00:00,1.12,202.08
2025-12-21 00:00:00,1.05,198.86
2025-12-21 03:00:00,0.96999997,207.26
2025-12-21 06:00:00,0.95,204.08
2025-12-21 09:00:00,0.94,204.2
2025-12-21 12:00:00,0.96999997,200.14
2025-12-21 15:00:00,0.95,199.33
2025-12-21 18:00:00,0.91999996,202.11
2025-12-21 21:00:00,0.87,213.78
2025-12-22 00:00:00,0.90999997,223.3
2025-12-22 03:00:00,0.91999996,223.05
2025-12-22 06:00:00,0.9,224.93
2025-12-22 09:00:00,0.90999997,224.95999
2025-12-22 12:00:00,0.91999996,233.45
2025-12-22 15:00:00,0.98999995,244.86
2025-12-22 18:00:00,1.01,257.15
2025-12-22 21:00:00,0.96999997,251.64
2025-12-23 00:00:00,0.91999996,241.22
2025-12-23 03:00:00,0.88,230.88
2025-12-23 06:00:00,0.71999997,217.3
2025-12-23 09:00:00,0.82,202.8
2025-12-23 12:00:00,0.84,229.88
2025-12-23 15:00:00,0.90999997,261.65
2025-12-23 18:00:00,0.87,247.65
2025-12-23 21:00:00,0.84999996,236.16
2025-12-24 00:00:00,0.81,220.81
2025-12-24 03:00:00,0.77,209.51
2025-12-24 06:00:00,0.76,203.81
2025-12-24 09:00:00,0.75,199.04
2025-12-24 12:00:00,0.75,199.4
2025-12-24 15:00:00,0.75,202.92
2025-12-24 18:00:00,0.77,206.09
2025-12-24 21:00:00,0.76,203.24
2025-12-25 00:00:00,0.76,199.99
2025-12-25 03:00:00,0.76,200.69
2025-12-25 06:00:00,0.79999995,207.35
2025-12-25 09:00:00,0.85999995,217.91
2025-12-25 12:00:00,0.85999995,215.02
2025-12-25 15:00:00,0.84999996,210.75
2025-12-25 18:00:00,0.87,207.49
2025-12-25 21:00:00,0.87,205.85
2025-12-26 00:00:00,0.85999995,205.06999
2025-12-26 03:00:00,0.9,203.33
2025-12-26 06:00:00,0.94,202.09
2025-12-26 09:00:00,0.90999997,201.5
2025-12-26 12:00:00,0.95,200.01
2025-12-26 15:00:00,0.97999996,199.65
2025-12-26 18:00:00,1.02,202.44
2025-12-26 21:00:00,1.0699999,206.17
2025-12-27 00:00:00,1.18,212.6
2025-12-27 03:00:00,1.04,212.04
2025-12-27 06:00:00,0.93,208.09
2025-12-27 09:00:00,0.90999997,204.34
2025-12-27 12:00:00,0.88,204.05
2025-12-27 15:00:00,0.9,204.92
2025-12-27 18:00:00,0.96,209.25
2025-12-27 21:00:00,0.94,212.96
2025-12-28 00:00:00,0.96,209.76
2025-12-28 03:00:00,0.83,208.69
2025-12-28 06:00:00,0.76,204.84
2025-12-28 09:00:00,0.77,207.05
2025-12-28 12:00:00,0.84999996,222.22
2025-12-28 15:00:00,0.93,246.78
2025-12-28 18:00:00,0.9,238.61
2025-12-28 21:00:00,0.84999996,229.08
2025-12-29 00:00:00,0.82,213.67
2025-12-29 03:00:00,0.79999995,201.09
2025-12-29 06:00:00,0.78,192.82
2025-12-29 09:00:00,0.77,193.95
2025-12-29 12:00:00,0.84,205.44
2025-12-29 15:00:00,0.89,233.61
2025-12-29 18:00:00,0.87,242.93
2025-12-29 21:00:00,0.87,232.08
2025-12-30 00:00:00,0.83,217.93
2025-12-30 03:00:00,0.81,202.4
2025-12-30 06:00:00,0.77,195.35
2025-12-30 09:00:00,0.78999996,200.01
2025-12-30 12:00:00,0.88,244.4
2025-12-30 15:00:00,0.93,254.59
2025-12-30 18:00:00,0.89,230.23
2025-12-30 21:00:00,0.84999996,207.12
2025-12-31 00:00:00,0.82,194.34
2025-12-31 03:00:00,0.78,187.78
2025-12-31 06:00:00,0.75,188.28
2025-12-31 09:00:00,0.84999996,219.91
2025-12-31 12:00:00,0.84,225.97
2025-12-31 15:00:00,0.77,211.41
2025-12-31 18:00:00,0.71999997,200.0
2025-12-31 21:00:00,0.69,197.38
2026-01-01 00:00:00,0.68,199.22
2026-01-01 03:00:00,0.65999997,195.34
2026-01-01 06:00:00,0.65,193.84
2026-01-01 09:00:00,0.64,196.41
2026-01-01 12:00:00,0.62,197.05
2026-01-01 15:00:00,0.61,197.87
2026-01-01 18:00:00,0.59999996,199.36
2026-01-01 21:00:00,0.59,200.42
2026-01-02 00:00:00,0.58,200.86
2026-01-02 03:00:00,0.58,200.21
2026-01-02 06:00:00,0.59,198.72
2026-01-02 09:00:00,0.64,210.03
2026-01-02 12:00:00,0.69,230.03
2026-01-02 15:00:00,0.65999997,224.35
2026-01-02 18:00:00,0.64,221.86
2026-01-02 21:00:00,0.63,220.81
2026-01-03 00:00:00,0.65,231.85
2026-01-03 03:00:00,0.7,253.44
2026-01-03 06:00:00,0.77,280.02
2026-01-03 09:00:00,0.84,294.58
2026-01-03 12:00:00,0.83,294.27
2026-01-03 15:00:00,0.82,293.88998
2026-01-03 18:00:00,0.79999995,292.56
2026-01-03 21:00:00,0.75,284.43
2026-01-04 00:00:00,0.71999997,275.31
2026-01-04 03:00:00,0.7,270.16998
2026-01-04 06:00:00,0.71,274.76
2026-01-04 09:00:00,0.72999996,282.7
2026-01-04 12:00:00,0.78,294.51
2026-01-04 15:00:00,0.82,300.08
2026-01-04 18:00:00,0.79999995,294.96
2026-01-04 21:00:00,0.75,283.9
2026-01-05 00:00:00,0.72999996,277.91998
2026-01-05 03:00:00,0.78,292.22
2026-01-05 06:00:00,0.83,301.41998
2026-01-05 09:00:00,0.85999995,304.88
2026-01-05 12:00:00,0.85999995,306.38998
2026-01-05 15:00:00,0.84999996,305.2
2026-01-05 18:00:00,0.82,301.56
2026-01-05 21:00:00,0.77,293.03
2026-01-06 00:00:00,0.74,285.26
2026-01-06 03:00:00,0.77,290.87
2026-01-06 06:00:00,0.78999996,293.66998
2026-01-06 09:00:00,0.79999995,293.88
2026-01-06 12:00:00,0.83,295.62
2026-01-06 15:00:00,0.84999996,297.27
2026-01-06 18:00:00,0.85999995,297.26
2026-01-06 21:00:00,0.88,298.53
2026-01-07 00:00:00,0.89,298.86
2026-01-07 03:00:00,0.88,298.8
2026-01-07 06:00:00,0.87,297.58
2026-01-07 09:00:00,0.85999995,296.36
2026-01-07 12:00:00,0.84999996,295.01
2026-01-07 15:00:00,0.84,293.51
2026-01-07 18:00:00,0.84999996,293.84
2026-01-07 21:00:00,0.87,296.08
2026-01-08 00:00:00,0.88,295.02
2026-01-08 03:00:00,0.87,289.27
2026-01-08 06:00:00,0.84,276.8
2026-01-08 09:00:00,0.82,262.34
2026-01-08 12:00:00,0.79999995,247.95
2026-01-08 15:00:00,0.77,233.73
2026-01-08 18:00:00,0.76,222.73
2026-01-08 21:00:00,0.77,222.33
2026-01-09 00:00:00,0.78999996,226.42
