valid_time,u10,v10,fg10,msl,sst,tp,latitude,longitude
2026-01-01 00:00:00,0.97117615,-2.697876,5.976514,100907.0,,4.386902e-05,6.5,80.0
2026-01-01 01:00:00,0.9965668,-2.8333435,6.086737,100979.75,,4.4822693e-05,6.5,80.0
2026-01-01 02:00:00,0.8277283,-3.246521,6.3074856,101064.44,,3.9100647e-05,6.5,80.0
2026-01-01 03:00:00,0.7129822,-3.3665466,6.3284383,101123.44,,2.0980835e-05,6.5,80.0
2026-01-01 04:00:00,1.1022491,-3.4997406,6.5190926,101161.19,,4.7683716e-07,6.5,80.0
2026-01-01 05:00:00,1.9157867,-3.3750458,7.1000137,101155.75,,5.722046e-06,6.5,80.0
2026-01-01 06:00:00,2.7803497,-3.2950287,7.391778,101104.69,,9.536743e-06,6.5,80.0
2026-01-01 07:00:00,3.3088074,-3.4847412,7.5577784,101004.5,,0.0,6.5,80.0
2026-01-01 08:00:00,4.0557556,-3.0133057,8.076562,100906.125,,2.193451e-05,6.5,80.0
2026-01-01 09:00:00,4.0810547,-2.8947296,8.337544,100839.625,,1.7642975e-05,6.5,80.0
2026-01-01 10:00:00,4.2205963,-2.7000732,8.403491,100757.56,,1.66893e-05,6.5,80.0
2026-01-01 11:00:00,4.2659454,-2.3591614,7.7705107,100776.5,,1.7166138e-05,6.5,80.0
2026-01-01 12:00:00,3.83638,-2.355606,7.190519,100868.375,,0.00016832352,6.5,80.0
2026-01-01 13:00:00,2.9109344,-3.1573944,6.618873,100968.19,,5.531311e-05,6.5,80.0
2026-01-01 14:00:00,2.1334534,-3.734726,5.4430275,101067.94,,7.43866e-05,6.5,80.0
2026-01-01 15:00:00,1.9337921,-4.087494,5.236333,101136.56,,0.0001335144,6.5,80.0
2026-01-01 16:00:00,2.139038,-3.5595398,5.334755,101187.25,,0.00017118454,6.5,80.0
2026-01-01 17:00:00,2.0385284,-3.0126953,5.314302,101169.56,,2.9087067e-05,6.5,80.0
2026-01-01 18:00:00,1.5098572,-2.9579163,5.19969,101138.56,,9.536743e-07,6.5,80.0
2026-01-01 19:00:00,1.4358215,-2.7722626,4.9529543,101095.06,,2.7179718e-05,6.5,80.0
2026-01-01 20:00:00,1.4741516,-2.8428497,4.9520082,100993.69,,2.7656555e-05,6.5,80.0
2026-01-01 21:00:00,1.2601624,-3.0595703,5.0066185,100955.44,,2.670288e-05,6.5,80.0
2026-01-01 22:00:00,0.15983582,-3.5008698,4.8871336,100907.375,,0.00013160706,6.5,80.0
2026-01-01 23:00:00,-0.4701538,-2.63974,4.837949,100927.31,,0.00028896332,6.5,80.0
2026-01-02 00:00:00,-0.67767334,-1.7954865,4.6102767,101011.69,,0.0004234314,6.5,80.0
2026-01-02 01:00:00,-0.0050964355,-2.1145477,4.5674543,101102.5,,0.00082588196,6.5,80.0
2026-01-02 02:00:00,-0.05999756,-2.2145844,4.9709263,101226.125,,0.0015172958,6.5,80.0
2026-01-02 03:00:00,-0.16151428,-2.689148,5.278104,101312.125,,0.0017814636,6.5,80.0
2026-01-02 04:00:00,-0.045578003,-3.2905884,6.0541553,101345.5,,0.0020999908,6.5,80.0
2026-01-02 05:00:00,0.13475037,-3.962799,6.2369556,101321.625,,0.0028133392,6.5,80.0
2026-01-02 06:00:00,0.52915955,-4.242935,6.156952,101263.75,,0.0030603409,6.5,80.0
2026-01-02 07:00:00,0.8356781,-4.4808197,7.0521235,101170.0,,8.583069e-06,6.5,80.0
2026-01-02 08:00:00,1.2335052,-4.930786,7.4169436,101051.69,,9.536743e-07,6.5,80.0
2026-01-02 09:00:00,1.5965881,-5.3289795,8.137905,100973.875,,0.0,6.5,80.0
2026-01-02 10:00:00,1.2896271,-4.878311,8.489847,100933.0,,0.0,6.5,80.0
2026-01-02 11:00:00,1.0632019,-4.678131,8.340027,100933.75,,0.0,6.5,80.0
2026-01-02 12:00:00,1.4914703,-4.5234375,8.340719,100991.625,,4.7683716e-07,6.5,80.0
2026-01-02 13:00:00,1.8800812,-4.36499,8.190455,101042.375,,0.0,6.5,80.0
2026-01-02 14:00:00,1.8376617,-4.0924377,7.8363996,101132.19,,0.0,6.5,80.0
2026-01-02 15:00:00,1.565628,-4.423874,7.5059657,101217.31,,0.0,6.5,80.0
2026-01-02 16:00:00,0.7072449,-4.6013184,7.535601,101234.69,,3.671646e-05,6.5,80.0
2026-01-02 17:00:00,-0.08604431,-4.5548096,7.2471476,101256.31,,4.7683716e-07,6.5,80.0
2026-01-02 18:00:00,-0.5132446,-4.3522797,6.5163007,101215.19,,0.0,6.5,80.0
2026-01-02 19:00:00,-0.66978455,-4.1983337,6.4183474,101194.75,,0.0,6.5,80.0
2026-01-02 20:00:00,-0.4503479,-3.9754333,6.21247,101135.81,,0.0,6.5,80.0
2026-01-02 21:00:00,-0.27514648,-3.9929657,5.732804,101073.625,,0.0,6.5,80.0
2026-01-02 22:00:00,-0.69955444,-3.7204132,5.5168967,101053.875,,1.4305115e-06,6.5,80.0
2026-01-02 23:00:00,-1.3103943,-3.0360718,5.462096,101035.56,,0.0,6.5,80.0
2026-01-03 00:00:00,-1.6545715,-2.3291626,5.39939,101079.06,,0.0,6.5,80.0
2026-01-03 01:00:00,-1.7167664,-2.1405792,5.1257496,101129.81,,0.0,6.5,80.0
2026-01-03 02:00:00,-1.2815552,-2.6211243,5.1793833,101209.875,,0.0,6.5,80.0
2026-01-03 03:00:00,-0.5749054,-3.0684662,6.1347227,101277.0,,0.0,6.5,80.0
2026-01-03 04:00:00,-0.08918762,-3.281372,6.7864676,101277.75,,0.0,6.5,80.0
2026-01-03 05:00:00,0.2613678,-3.0014954,6.814401,101223.56,,0.0,6.5,80.0
2026-01-03 06:00:00,0.60687256,-2.9465942,6.348628,101174.31,,2.861023e-06,6.5,80.0
2026-01-03 07:00:00,0.74398804,-2.953003,5.371876,101065.0,,9.536743e-07,6.5,80.0
2026-01-03 08:00:00,0.6049652,-2.9136658,5.48045,100971.0,,0.0,6.5,80.0
2026-01-03 09:00:00,0.45509338,-2.527481,5.4795666,100858.19,,0.0,6.5,80.0
2026-01-03 10:00:00,1.0952454,-2.0595856,5.269543,100821.25,,0.0,6.5,80.0
2026-01-03 11:00:00,0.5617218,-1.9637604,4.691997,100856.5,,0.0,6.5,80.0
2026-01-03 12:00:00,-0.05419922,-1.5475922,4.044022,100944.69,,0.0,6.5,80.0
2026-01-03 13:00:00,-0.96435547,-1.4588165,3.3671079,101017.25,,0.0,6.5,80.0
2026-01-03 14:00:00,-1.4032135,-1.534195,3.5954063,101123.375,,0.0,6.5,80.0
2026-01-03 15:00:00,-1.8564758,-1.7039337,4.3583426,101225.56,,9.536743e-07,6.5,80.0
2026-01-03 16:00:00,-2.0315094,-2.0266418,4.9494348,101287.875,,1.4305115e-06,6.5,80.0
2026-01-03 17:00:00,-1.7854767,-2.3517761,5.4156337,101288.5,,0.0,6.5,80.0
2026-01-03 18:00:00,-1.4112244,-3.0332794,6.021186,101252.56,,0.0,6.5,80.0
2026-01-03 19:00:00,-1.0545044,-3.8037567,5.4595065,101183.875,,0.0,6.5,80.0
2026-01-03 20:00:00,-0.84503174,-4.297943,6.020253,101097.31,,0.0,6.5,80.0
2026-01-03 21:00:00,-0.85298157,-4.568863,6.3839865,101015.25,,0.0,6.5,80.0
2026-01-03 22:00:00,-0.8327637,-4.2722473,6.5390873,101014.31,,0.0,6.5,80.0
2026-01-03 23:00:00,-0.6883545,-4.308853,6.491737,101014.5,,0.0,6.5,80.0
2026-01-04 00:00:00,-1.1877441,-4.063919,6.4286504,101041.06,,0.0,6.5,80.0
2026-01-04 01:00:00,-1.2410736,-3.6336823,6.2263427,101128.5,,3.8146973e-06,6.5,80.0
2026-01-04 02:00:00,-1.056076,-3.563675,6.033577,101208.625,,8.583069e-06,6.5,80.0
2026-01-04 03:00:00,-0.86543274,-3.460556,5.6154056,101301.44,,7.6293945e-06,6.5,80.0
2026-01-04 04:00:00,-0.6419525,-3.3609161,5.583587,101329.5,,4.7683716e-06,6.5,80.0
2026-01-04 05:00:00,-0.43692017,-3.1947784,5.8283353,101309.69,,1.9073486e-06,6.5,80.0
2026-01-04 06:00:00,-0.28730774,-2.937851,5.896926,101238.94,,0.0,6.5,80.0
2026-01-04 07:00:00,0.018310547,-2.8684845,5.2285404,101154.44,,1.1444092e-05,6.5,80.0
2026-01-04 08:00:00,0.5444336,-2.546997,5.0870724,101043.69,,4.7683716e-07,6.5,80.0
2026-01-04 09:00:00,0.8409424,-1.8719635,4.632854,100972.0,,2.3841858e-06,6.5,80.0
2026-01-04 10:00:00,1.0880432,-0.8308258,3.8524735,100894.31,,0.0,6.5,80.0
2026-01-04 11:00:00,0.38310242,-0.8565521,3.282216,100904.56,,1.7166138e-05,6.5,80.0
2026-01-04 12:00:00,-0.1648407,-1.0065308,3.0673203,100980.94,,9.536743e-07,6.5,80.0
2026-01-04 13:00:00,-0.8008728,-1.010025,2.6039023,101071.06,,0.0,6.5,80.0
2026-01-04 14:00:00,-1.193512,-0.9549408,3.2662287,101151.94,,0.0,6.5,80.0
2026-01-04 15:00:00,-1.3014526,-1.3135986,3.3443296,101262.19,,0.0,6.5,80.0
2026-01-04 16:00:00,-1.6649323,-1.7548676,3.1039743,101310.81,,0.0,6.5,80.0
2026-01-04 17:00:00,-1.7196198,-1.9120636,3.353364,101335.44,,4.7683716e-07,6.5,80.0
2026-01-04 18:00:00,-0.88383484,-1.9306946,3.6423457,101303.5,,3.33786e-05,6.5,80.0
2026-01-04 19:00:00,-0.13015747,-2.6156769,3.8782375,101251.69,,9.059906e-06,6.5,80.0
2026-01-04 20:00:00,0.02998352,-3.5842133,5.2541723,101170.69,,2.3841858e-06,6.5,80.0
2026-01-04 21:00:00,-0.23466492,-4.274246,6.1794825,101117.375,,0.0,6.5,80.0
2026-01-04 22:00:00,-0.62854004,-4.182907,6.600486,101048.19,,0.0,6.5,80.0
2026-01-04 23:00:00,-0.5604706,-4.3058014,6.7891545,101064.44,,0.0,6.5,80.0
2026-01-05 00:00:00,-0.6826782,-4.5591125,7.0327578,101093.94,,0.0,6.5,80.0
2026-01-05 01:00:00,-0.74443054,-4.7518005,7.302399,101164.81,,0.0,6.5,80.0
2026-01-05 02:00:00,-0.63339233,-5.220886,8.124855,101239.19,,4.7683716e-07,6.5,80.0
2026-01-05 03:00:00,-0.5064392,-5.5799103,8.997544,101324.81,,4.7683716e-07,6.5,80.0
2026-01-05 04:00:00,-0.55303955,-5.617859,9.333312,101334.25,,0.0,6.5,80.0
2026-01-05 05:00:00,-0.72483826,-5.100006,9.113405,101313.375,,0.0,6.5,80.0
2026-01-05 06:00:00,-0.6192627,-4.3190155,8.523597,101225.25,,0.0,6.5,80.0
2026-01-05 07:00:00,0.030136108,-3.6016693,6.7256007,101118.75,,2.9087067e-05,6.5,80.0
2026-01-05 08:00:00,0.81855774,-3.06427,5.7742314,101039.125,,1.001358e-05,6.5,80.0
2026-01-05 09:00:00,1.6938019,-2.611557,5.470212,100934.875,,6.67572e-06,6.5,80.0
2026-01-05 10:00:00,-0.057235718,-1.3124084,5.5468607,100927.19,,0.00018405914,6.5,80.0
2026-01-05 11:00:00,-0.874115,-0.12931824,6.0584874,100943.69,,0.00066661835,6.5,80.0
2026-01-05 12:00:00,-0.92326355,0.26828003,4.8266497,101010.44,,0.00034618378,6.5,80.0
2026-01-05 13:00:00,-1.1417694,-0.32305908,4.5005965,101096.31,,0.00020217896,6.5,80.0
2026-01-05 14:00:00,-1.3092346,-1.0027618,3.8633866,101193.19,,0.00012588501,6.5,80.0
2026-01-05 15:00:00,-1.3221893,-1.3356628,3.3796363,101238.69,,0.00031805038,6.5,80.0
2026-01-05 16:00:00,-1.0541687,-1.4642792,3.3042278,101306.44,,0.00077724457,6.5,80.0
2026-01-05 17:00:00,-0.45928955,-1.7927704,3.194747,101279.25,,0.0014982224,6.5,80.0
2026-01-05 18:00:00,-0.015258789,-2.2216492,3.3272943,101246.44,,0.002008438,6.5,80.0
2026-01-05 19:00:00,-0.18493652,-2.662506,4.0077553,101219.94,,2.5749207e-05,6.5,80.0
2026-01-05 20:00:00,-0.50102234,-3.1114197,4.775487,101150.375,,6.580353e-05,6.5,80.0
2026-01-05 21:00:00,-0.7144928,-3.404419,5.331746,101103.875,,8.2969666e-05,6.5,80.0
2026-01-05 22:00:00,-1.1575775,-3.1612244,5.682086,101041.19,,0.00011730194,6.5,80.0
2026-01-05 23:00:00,-1.0613251,-3.0098267,5.728269,101078.44,,5.197525e-05,6.5,80.0
2026-01-06 00:00:00,-0.7903595,-2.981659,5.5813837,101107.125,,6.1035156e-05,6.5,80.0
2026-01-06 01:00:00,-0.9270172,-3.2078705,5.4574804,101209.69,,2.4795532e-05,6.5,80.0
2026-01-06 02:00:00,-1.2729492,-3.593567,5.8499203,101293.375,,0.00015497208,6.5,80.0
2026-01-06 03:00:00,-1.4044342,-3.730667,6.1557937,101363.5,,0.00011634827,6.5,80.0
2026-01-06 04:00:00,-1.4349213,-3.887558,6.4381976,101399.19,,0.00021886826,6.5,80.0
2026-01-06 05:00:00,-1.2481232,-4.0058594,6.4145436,101353.625,,0.00042963028,6.5,80.0
2026-01-06 06:00:00,-1.0154724,-4.214615,6.1220026,101294.75,,0.0011739731,6.5,80.0
2026-01-06 07:00:00,-0.7435913,-4.407547,7.0133967,101191.19,,0.00012683868,6.5,80.0
2026-01-06 08:00:00,-0.80300903,-4.4122467,7.147672,101064.06,,3.6239624e-05,6.5,80.0
2026-01-06 09:00:00,-0.45965576,-4.415451,6.5809174,100964.5,,6.341934e-05,6.5,80.0
2026-01-06 10:00:00,-1.4695282,-4.8546295,7.1276264,100935.06,,0.000102996826,6.5,80.0
2026-01-06 11:00:00,-0.98013306,-3.7662506,7.2934766,100958.5,,0.0002002716,6.5,80.0
2026-01-06 12:00:00,-0.47261047,-2.8773499,6.6155076,101049.06,,0.0004720688,6.5,80.0
2026-01-06 13:00:00,0.18852234,-2.865326,6.199203,101137.44,,0.00028276443,6.5,80.0
2026-01-06 14:00:00,0.55836487,-3.5099487,5.739854,101225.5,,0.00025701523,6.5,80.0
2026-01-06 15:00:00,0.21092224,-4.624756,6.2752743,101299.19,,0.0001707077,6.5,80.0
2026-01-06 16:00:00,-0.061264038,-5.251816,7.138161,101339.125,,7.247925e-05,6.5,80.0
2026-01-06 17:00:00,-0.33241272,-5.509094,7.9117765,101340.06,,4.720688e-05,6.5,80.0
2026-01-06 18:00:00,-0.41926575,-5.5321198,8.422463,101312.0,,9.679794e-05,6.5,80.0
2026-01-06 19:00:00,-0.36125183,-5.67688,8.482094,101264.875,,8.392334e-05,6.5,80.0
2026-01-06 20:00:00,-0.2601776,-5.956375,8.9909525,101211.81,,7.247925e-05,6.5,80.0
2026-01-06 21:00:00,-0.30540466,-6.2079773,9.698699,101117.75,,9.536743e-05,6.5,80.0
2026-01-06 22:00:00,-1.1441803,-5.9983826,10.257176,101043.125,,8.058548e-05,6.5,80.0
2026-01-06 23:00:00,-0.86068726,-5.571121,10.699794,101058.5,,1.5735626e-05,6.5,80.0
2026-01-07 00:00:00,-0.76768494,-5.780609,11.180868,101122.69,,0.0,6.5,80.0
2026-01-07 01:00:00,-0.62384033,-5.745407,11.336889,101187.0,,0.0,6.5,80.0
2026-01-07 02:00:00,-0.6699219,-5.9075317,11.203217,101263.44,,0.0,6.5,80.0
2026-01-07 03:00:00,-0.7402954,-5.8332825,11.121989,101364.19,,0.0,6.5,80.0
2026-01-07 04:00:00,-1.0555725,-5.28389,11.47555,101363.56,,0.0,6.5,80.0
2026-01-07 05:00:00,-1.039505,-4.7645416,11.174776,101346.0,,0.0,6.5,80.0
2026-01-07 06:00:00,-0.70391846,-4.5196533,10.241471,101276.31,,1.4305115e-06,6.5,80.0
2026-01-07 07:00:00,-0.33772278,-4.737503,7.407725,101173.625,,0.0,6.5,80.0
2026-01-07 08:00:00,0.038635254,-5.135849,7.8597593,101031.94,,0.0,6.5,80.0
2026-01-07 09:00:00,0.45176697,-5.4290924,8.179449,100935.625,,0.0,6.5,80.0
2026-01-07 10:00:00,0.7730408,-5.353195,8.549792,100864.19,,0.0,6.5,80.0
2026-01-07 11:00:00,0.5722656,-5.3459015,8.832435,100889.94,,0.0,6.5,80.0
2026-01-07 12:00:00,0.38911438,-5.704941,9.214452,100971.31,,0.0,6.5,80.0
2026-01-07 13:00:00,-0.21983337,-6.2273407,10.080702,101023.125,,0.0,6.5,80.0
2026-01-07 14:00:00,-0.80374146,-6.5024567,10.613896,101138.125,,0.0,6.5,80.0
2026-01-07 15:00:00,-0.84039307,-6.654312,10.523132,101213.06,,0.0,6.5,80.0
2026-01-07 16:00:00,-0.5032959,-6.67778,10.138846,101284.0,,0.0,6.5,80.0
2026-01-07 17:00:00,-0.05177307,-6.4914093,9.856739,101251.44,,0.0,6.5,80.0
2026-01-07 18:00:00,0.33551025,-6.5875854,9.512199,101228.44,,0.0,6.5,80.0
2026-01-07 19:00:00,0.33363342,-6.8946686,10.321198,101195.0,,9.536743e-07,6.5,80.0
2026-01-07 20:00:00,0.21762085,-6.890335,10.472763,101161.875,,1.4305115e-06,6.5,80.0
2026-01-07 21:00:00,0.49916077,-6.9981537,10.495348,101115.625,,2.3841858e-06,6.5,80.0
2026-01-07 22:00:00,0.065719604,-6.1387177,11.062383,101067.75,,9.536743e-07,6.5,80.0
2026-01-07 23:00:00,-0.46044922,-5.351166,11.466024,101124.75,,0.0,6.5,80.0
2026-01-08 00:00:00,-0.47016907,-5.352585,11.499311,101192.81,,4.7683716e-07,6.5,80.0
2026-01-08 01:00:00,-0.64320374,-5.356613,11.26946,101270.375,,0.0,6.5,80.0
2026-01-08 02:00:00,-0.58166504,-5.496582,11.060885,101325.375,,8.106232e-06,6.5,80.0
2026-01-08 03:00:00,-0.45822144,-6.021637,11.37082,101372.31,,5.2452087e-06,6.5,80.0
2026-01-08 04:00:00,-0.3440094,-6.6477356,11.958881,101412.625,,6.67572e-06,6.5,80.0
2026-01-08 05:00:00,-0.38357544,-7.140259,12.187788,101373.125,,4.7683716e-06,6.5,80.0
2026-01-08 06:00:00,-0.5163269,-7.488144,12.301736,101312.69,,2.3841858e-06,6.5,80.0
2026-01-08 07:00:00,-0.7518158,-7.662964,11.669778,101224.94,,9.059906e-06,6.5,80.0
2026-01-08 08:00:00,-0.7380676,-7.7582245,11.709918,101125.125,,7.1525574e-06,6.5,80.0
2026-01-08 09:00:00,-0.88578796,-7.7478027,11.804018,101033.69,,0.0,6.5,80.0
2026-01-08 10:00:00,0.12852478,-6.8240814,11.92285,100979.31,,1.9073486e-06,6.5,80.0
2026-01-08 11:00:00,0.3597107,-6.982666,11.520595,100967.375,,0.0,6.5,80.0
2026-01-08 12:00:00,0.30403137,-7.4428406,11.299014,101066.875,,9.536743e-07,6.5,80.0
2026-01-08 13:00:00,0.24816895,-7.9180756,11.882242,101102.25,,9.536743e-07,6.5,80.0
2026-01-08 14:00:00,-0.07070923,-7.891083,12.175334,101171.56,,0.0,6.5,80.0
2026-01-08 15:00:00,-0.41687012,-8.100647,12.3064995,101222.125,,9.536743e-07,6.5,80.0
2026-01-08 16:00:00,-0.6157532,-8.367004,12.858076,101282.75,,9.536743e-07,6.5,80.0
2026-01-08 17:00:00,-0.6515198,-8.403595,13.29871,101272.75,,0.0,6.5,80.0
2026-01-08 18:00:00,-0.86701965,-8.094788,13.635677,101233.19,,0.0,6.5,80.0
2026-01-08 19:00:00,-0.72039795,-7.847351,12.229828,101216.31,,0.0,6.5,80.0
2026-01-08 20:00:00,-0.46354675,-7.858841,11.917364,101148.375,,7.6293945e-06,6.5,80.0
2026-01-08 21:00:00,-0.26211548,-7.73172,11.775783,101130.69,,8.106232e-06,6.5,80.0
2026-01-08 22:00:00,-0.56092834,-7.535263,11.668444,101072.125,,2.861023e-06,6.5,80.0
2026-01-08 23:00:00,-0.7210388,-7.0139465,11.618745,101048.69,,9.536743e-07,6.5,80.0
2026-01-09 00:00:00,-0.08602905,-7.003647,12.235831,101121.25,,0.0,6.5,80.0
2026-01-09 01:00:00,0.27980042,-7.384445,12.350559,101155.125,,4.7683716e-07,6.5,80.0
2026-01-09 02:00:00,0.24980164,-8.0221405,12.365596,101234.31,,1.9073486e-06,6.5,80.0
2026-01-09 03:00:00,0.13027954,-8.432388,12.232243,101273.69,,4.7683716e-07,6.5,80.0
2026-01-09 04:00:00,-0.059829712,-8.800903,12.337456,101277.625,,4.7683716e-07,6.5,80.0
2026-01-09 05:00:00,-0.15486145,-9.0208435,12.712544,101230.56,,0.0,6.5,80.0
2026-01-09 06:00:00,-0.2957611,-9.106003,12.817339,101149.625,,0.0,6.5,80.0
2026-01-09 07:00:00,-0.37963867,-8.993408,14.121023,101074.31,,0.0,6.5,80.0
2026-01-09 08:00:00,-0.37182617,-8.785309,13.849416,100978.06,,0.0,6.5,80.0
2026-01-09 09:00:00,-0.3397522,-8.509003,13.308768,100912.0,,0.0,6.5,80.0
2026-01-09 10:00:00,0.07072449,-7.5779724,13.016146,100882.56,,0.0,6.5,80.0
2026-01-09 11:00:00,-0.06944275,-7.3703003,12.761885,100870.81,,0.0,6.5,80.0
2026-01-09 12:00:00,-0.03517151,-7.3556213,12.367981,100928.44,,4.7683716e-07,6.5,80.0
2026-01-09 13:00:00,0.05177307,-7.251953,12.331686,101022.19,,1.9073486e-06,6.5,80.0
2026-01-09 14:00:00,-0.14086914,-7.0375366,12.038015,101079.06,,9.536743e-07,6.5,80.0
2026-01-09 15:00:00,-0.6368103,-6.792679,11.386758,101184.375,,0.0,6.5,80.0
2026-01-09 16:00:00,-0.944458,-6.4017487,10.797054,101199.625,,0.0,6.5,80.0
2026-01-09 17:00:00,-0.842926,-6.034256,10.652195,101217.0,,0.0,6.5,80.0
2026-01-09 18:00:00,-0.739151,-5.7942657,10.46948,101200.81,,0.0,6.5,80.0
2026-01-09 19:00:00,-0.6390991,-5.705948,8.693337,101171.69,,2.002716e-05,6.5,80.0
2026-01-09 20:00:00,-0.63694763,-5.7107086,8.75377,101116.625,,7.1525574e-06,6.5,80.0
2026-01-09 21:00:00,-0.7945862,-5.4923706,8.7375,101066.5,,1.4305115e-06,6.5,80.0
2026-01-09 22:00:00,-1.0103912,-6.2123566,8.414786,101074.56,,9.536743e-07,6.5,80.0
2026-01-09 23:00:00,-1.4414673,-5.8040924,8.084664,101056.06,,4.7683716e-07,6.5,80.0
2026-01-10 00:00:00,-1.659256,-5.0182037,7.4623823,101121.56,,4.7683716e-07,6.5,80.0
2026-01-10 01:00:00,-1.5917053,-4.1860046,6.8193398,101150.875,,0.0,6.5,80.0
2026-01-10 02:00:00,-1.5565491,-3.994629,6.8301783,101217.56,,0.0,6.5,80.0
2026-01-10 03:00:00,-1.1282043,-3.7991028,7.0018,101287.31,,4.7683716e-07,6.5,80.0
2026-01-10 04:00:00,-0.50434875,-3.5596924,7.0734787,101301.19,,4.7683716e-07,6.5,80.0
2026-01-10 05:00:00,0.041549683,-3.022644,6.611811,101246.125,,9.536743e-07,6.5,80.0
2026-01-10 06:00:00,0.3990631,-1.9444122,5.5558124,101206.875,,2.0503998e-05,6.5,80.0
2026-01-10 07:00:00,1.5778961,-1.572586,4.5355825,101118.19,,4.7683716e-06,6.5,80.0
2026-01-10 08:00:00,2.4814148,-1.4773865,5.481604,101054.625,,5.722046e-06,6.5,80.0
2026-01-10 09:00:00,2.7014923,-1.4812317,6.322038,100966.125,,6.1035156e-05,6.5,80.0
2026-01-10 10:00:00,2.4243774,-2.7156677,6.5851545,100949.0,,4.2915344e-05,6.5,80.0
2026-01-10 11:00:00,1.9504242,-2.8516846,6.4994354,100956.44,,3.8146973e-05,6.5,80.0
2026-01-10 12:00:00,1.3465424,-3.0240784,5.7673397,101020.19,,4.1484833e-05,6.5,80.0
2026-01-10 13:00:00,0.54104614,-2.9363556,4.8625607,101099.19,,6.198883e-06,6.5,80.0
2026-01-10 14:00:00,-0.004425049,-2.968628,5.243404,101195.94,,3.0517578e-05,6.5,80.0
2026-01-10 15:00:00,-0.3156128,-2.9052887,5.0444536,101292.625,,5.1498413e-05,6.5,80.0
2026-01-10 16:00:00,-0.49197388,-2.944809,5.02267,101339.31,,7.390976e-05,6.5,80.0
2026-01-10 17:00:00,-0.5323181,-2.9150696,5.0106077,101365.56,,6.9618225e-05,6.5,80.0
2026-01-10 18:00:00,-0.4303589,-2.9526672,5.0118694,101338.625,,3.1471252e-05,6.5,80.0
2026-01-10 19:00:00,-0.47712708,-3.0653229,4.6353903,101330.25,,1.9073486e-06,6.5,80.0
2026-01-10 20:00:00,-0.71791077,-2.793396,4.647571,101280.69,,1.9073486e-06,6.5,80.0
2026-01-10 21:00:00,-0.90019226,-2.4638824,4.3830247,101239.875,,9.536743e-07,6.5,80.0
2026-01-10 22:00:00,-1.1224213,-2.0473328,4.1351857,101176.31,,4.7683716e-07,6.5,80.0
2026-01-10 23:00:00,-1.5081787,-0.96681213,3.9503894,101187.875,,0.0,6.5,80.0
2026-01-11 00:00:00,-1.7436218,-0.15386963,3.5829692,101231.75,,0.0,6.5,80.0
2026-01-11 01:00:00,-1.5656891,-0.17120361,3.239688,101322.69,,0.0,6.5,80.0
2026-01-11 02:00:00,-1.1140594,-0.35307312,3.2035387,101400.94,,0.0,6.5,80.0
2026-01-11 03:00:00,-0.62960815,-0.29904175,3.1672895,101439.625,,0.0,6.5,80.0
2026-01-11 04:00:00,-0.3152008,-0.2151947,3.0531797,101488.75,,0.0,6.5,80.0
2026-01-11 05:00:00,-0.186203,-0.018203735,2.8884192,101436.125,,0.0,6.5,80.0
2026-01-11 06:00:00,0.0368042,0.43992615,2.9985425,101374.625,,9.536743e-06,6.5,80.0
2026-01-11 07:00:00,0.41567993,1.0800171,3.7526817,101302.0,,5.722046e-06,6.5,80.0
2026-01-11 08:00:00,0.9462738,1.5067749,4.66645,101206.0,,9.536743e-06,6.5,80.0
2026-01-11 09:00:00,1.5231018,1.6094666,5.13093,101101.875,,5.722046e-06,6.5,80.0
2026-01-11 10:00:00,3.7240753,1.5664978,5.131619,101052.31,,1.335144e-05,6.5,80.0
2026-01-11 11:00:00,1.8451233,-0.14627075,6.028053,101068.31,,5.8174133e-05,6.5,80.0
2026-01-11 12:00:00,1.026947,-1.0668335,5.5757957,101178.56,,0.00014638901,6.5,80.0
2026-01-11 13:00:00,0.80358887,-1.44104,5.582407,101221.44,,0.00018930435,6.5,80.0
2026-01-11 14:00:00,0.9233551,-1.8295898,6.8340287,101318.625,,0.00050640106,6.5,80.0
2026-01-11 15:00:00,0.40426636,-2.1648712,4.8679924,101395.56,,0.00031471252,6.5,80.0
2026-01-11 16:00:00,0.34350586,-2.262558,4.3396072,101446.625,,8.583069e-05,6.5,80.0
2026-01-11 17:00:00,0.36784363,-2.43042,3.486793,101425.44,,1.2397766e-05,6.5,80.0
2026-01-11 18:00:00,0.21411133,-2.5390778,3.5736027,101409.125,,0.0,6.5,80.0
2026-01-11 19:00:00,-0.2854004,-2.583374,3.9043324,101367.94,,3.33786e-06,6.5,80.0
2026-01-11 20:00:00,-0.7854004,-2.4088593,3.7795768,101337.5,,1.4305115e-06,6.5,80.0
2026-01-11 21:00:00,-0.9899292,-2.104782,3.8074837,101287.5,,4.7683716e-07,6.5,80.0
2026-01-11 22:00:00,-1.3981476,-1.1496887,3.808978,101225.44,,0.0,6.5,80.0
2026-01-11 23:00:00,-1.5463257,-0.7014618,3.9076612,101207.69,,0.0,6.5,80.0
2026-01-12 00:00:00,-1.7877502,-0.9717407,3.978852,101277.06,,0.0,6.5,80.0
2026-01-12 01:00:00,-1.3554688,-1.5151978,3.94374,101364.56,,0.0,6.5,80.0
2026-01-12 02:00:00,-0.871521,-1.9299927,4.353544,101467.25,,0.0,6.5,80.0
2026-01-12 03:00:00,-0.46839905,-2.0980682,4.4210134,101574.25,,0.0,6.5,80.0
2026-01-12 04:00:00,-0.06175232,-2.0726318,4.3398247,101608.5,,0.0,6.5,80.0
2026-01-12 05:00:00,0.40316772,-2.030899,4.066166,101599.94,,0.0,6.5,80.0
2026-01-12 06:00:00,0.6494293,-1.5974274,3.510171,101495.25,,0.0,6.5,80.0
2026-01-12 07:00:00,1.0184174,-0.9998779,3.720977,101433.19,,7.6293945e-05,6.5,80.0
2026-01-12 08:00:00,2.028183,-0.15420532,5.058407,101278.94,,0.00015115738,6.5,80.0
2026-01-12 09:00:00,1.9761505,-0.43052673,5.300531,101244.875,,8.392334e-05,6.5,80.0
2026-01-12 10:00:00,1.5176239,-1.7613678,5.3394203,101212.875,,0.00021505356,6.5,80.0
2026-01-12 11:00:00,0.5278168,-0.28393555,5.129807,101201.69,,0.0009646416,6.5,80.0
2026-01-12 12:00:00,0.15603638,-0.67678833,4.4295487,101292.44,,0.001376152,6.5,80.0
2026-01-12 13:00:00,0.6586914,-1.4768066,4.350879,101353.75,,0.0005970001,6.5,80.0
2026-01-12 14:00:00,0.5952301,-1.7045288,2.7614927,101430.625,,0.00016069412,6.5,80.0
2026-01-12 15:00:00,0.103500366,-1.8627319,2.68534,101526.31,,2.5749207e-05,6.5,80.0
2026-01-12 16:00:00,-0.20932007,-1.8253937,2.362664,101572.625,,2.861023e-06,6.5,80.0
2026-01-12 17:00:00,-0.23280334,-1.9457855,2.2465537,101566.125,,0.0,6.5,80.0
2026-01-12 18:00:00,-0.2591858,-2.1117096,2.149226,101525.375,,0.0,6.5,80.0
2026-01-12 19:00:00,-0.418396,-1.9884644,3.2242615,101482.31,,2.861023e-06,6.5,80.0
2026-01-12 20:00:00,-0.6834564,-1.8018494,3.1780357,101401.56,,1.9073486e-06,6.5,80.0
2026-01-12 21:00:00,-0.7206421,-1.3961182,3.0150745,101335.625,,1.4305115e-06,6.5,80.0
2026-01-12 22:00:00,-0.19955444,-0.8935089,2.6779437,101322.25,,1.9073486e-06,6.5,80.0
2026-01-12 23:00:00,-0.19914246,-0.57588196,3.414578,101301.94,,3.194809e-05,6.5,80.0
2026-01-13 00:00:00,-0.51634216,-0.3764801,2.110783,101363.5,,3.8146973e-06,6.5,80.0
2026-01-13 01:00:00,-0.6756134,-0.08529663,2.016036,101428.06,,0.0,6.5,80.0
2026-01-13 02:00:00,-0.76101685,0.18351746,2.3743567,101516.81,,0.0,6.5,80.0
2026-01-13 03:00:00,-0.39543152,0.3853302,2.4543772,101619.25,,0.0,6.5,80.0
2026-01-13 04:00:00,0.12332153,0.38108826,2.5192227,101621.5,,4.7683716e-07,6.5,80.0
2026-01-13 05:00:00,0.7491913,0.29405212,3.5057573,101624.0,,2.3841858e-06,6.5,80.0
2026-01-13 06:00:00,1.5157928,0.14987183,4.146923,101531.31,,3.33786e-06,6.5,80.0
2026-01-13 07:00:00,2.7510376,0.14741516,5.2207813,101442.375,,4.2915344e-05,6.5,80.0
2026-01-13 08:00:00,3.6319733,0.20780945,6.5738444,101310.06,,4.4822693e-05,6.5,80.0
2026-01-13 09:00:00,2.7054138,0.63223267,6.5473013,101264.625,,0.0017585754,6.5,80.0
2026-01-13 10:00:00,2.7799072,1.1329346,5.181718,101168.31,,0.00111866,6.5,80.0
2026-01-13 11:00:00,1.1930542,-0.10762024,4.808892,101160.94,,0.00072336197,6.5,80.0
2026-01-13 12:00:00,-0.1362915,-1.2544556,3.8795335,101234.625,,0.0003399849,6.5,80.0
2026-01-13 13:00:00,-1.3631744,-1.9747009,3.0353196,101329.81,,0.00049591064,6.5,80.0
2026-01-13 14:00:00,-0.9762726,-1.9841919,3.3276625,101410.06,,0.0009250641,6.5,80.0
2026-01-13 15:00:00,-0.64349365,-2.086258,3.4828138,101478.56,,0.001115799,6.5,80.0
2026-01-13 16:00:00,-0.60317993,-2.273819,3.5662153,101524.06,,0.0007944107,6.5,80.0
2026-01-13 17:00:00,-0.6476135,-2.39505,3.5038762,101527.75,,0.0003681183,6.5,80.0
2026-01-13 18:00:00,-0.84866333,-2.293396,3.5767016,101496.94,,0.00014019012,6.5,80.0
2026-01-13 19:00:00,-1.0581055,-1.9382782,3.8413494,101429.81,,1.0967255e-05,6.5,80.0
2026-01-13 20:00:00,-1.3439178,-1.5832062,3.9085217,101342.19,,0.0,6.5,80.0
2026-01-13 21:00:00,-1.5784454,-1.2676239,3.7533214,101275.0,,0.0,6.5,80.0
2026-01-13 22:00:00,-1.7664795,-1.3269501,3.5881622,101252.0,,0.0,6.5,80.0
2026-01-13 23:00:00,-1.6346893,-0.7721863,3.5000818,101251.5,,0.0,6.5,80.0
2026-01-14 00:00:00,-1.5337219,-0.4305725,3.3598685,101284.31,,4.7683716e-07,6.5,80.0
2026-01-14 01:00:00,-1.6648712,-0.56062317,3.297461,101376.125,,4.7683716e-07,6.5,80.0
2026-01-14 02:00:00,-1.4789429,-0.7656708,3.7945673,101454.69,,4.7683716e-07,6.5,80.0
2026-01-14 03:00:00,-1.1269989,-0.7776489,3.8327901,101545.5,,0.0,6.5,80.0
2026-01-14 04:00:00,-0.70513916,-1.0693207,3.7722685,101551.81,,4.7683716e-07,6.5,80.0
2026-01-14 05:00:00,-0.026031494,-1.425827,3.8770685,101523.5,,4.7683716e-07,6.5,80.0
2026-01-14 06:00:00,0.7730255,-1.9610138,4.1901717,101409.625,,4.7683716e-07,6.5,80.0
2026-01-14 07:00:00,1.2923889,-2.3149414,5.1328177,101296.06,,1.859665e-05,6.5,80.0
2026-01-14 08:00:00,1.5532837,-2.0534363,5.3014107,101177.75,,9.536743e-07,6.5,80.0
2026-01-14 09:00:00,1.6832733,-1.3616028,5.0856833,101072.31,,1.9073486e-06,6.5,80.0
2026-01-14 10:00:00,2.3551483,-1.2125854,4.8587427,100976.75,,0.0,6.5,80.0
2026-01-14 11:00:00,2.5297089,-0.29995728,5.169626,100942.69,,3.1471252e-05,6.5,80.0
2026-01-14 12:00:00,1.8753662,1.0698395,5.302788,101065.44,,0.000102996826,6.5,80.0
2026-01-14 13:00:00,1.3256531,1.507019,5.2269936,101159.81,,0.00010204315,6.5,80.0
2026-01-14 14:00:00,0.2216034,2.4790955,4.710382,101310.125,,7.6293945e-06,6.5,80.0
2026-01-14 15:00:00,-0.06913757,3.0710754,4.6059813,101377.81,,0.0,6.5,80.0
2026-01-14 16:00:00,-0.016326904,3.166916,4.387585,101435.25,,0.0,6.5,80.0
2026-01-14 17:00:00,-0.21783447,2.9897308,5.0497007,101403.19,,1.9550323e-05,6.5,80.0
2026-01-14 18:00:00,-0.39179993,2.7447357,4.5408115,101364.375,,0.0,6.5,80.0
2026-01-14 19:00:00,-0.5923004,2.4889069,4.5661874,101313.0,,9.536743e-06,6.5,80.0
2026-01-14 20:00:00,-0.56741333,2.263565,4.4697146,101222.125,,1.66893e-05,6.5,80.0
2026-01-14 21:00:00,-0.39282227,2.1164703,4.0249586,101171.94,,3.1471252e-05,6.5,80.0
2026-01-14 22:00:00,-0.21459961,2.6066895,3.7475474,101089.06,,1.5735626e-05,6.5,80.0
2026-01-14 23:00:00,-0.4430542,2.3576202,3.5736413,101098.0,,4.196167e-05,6.5,80.0
2026-01-15 00:00:00,-0.7150879,1.7835999,3.1155639,101142.25,,3.6239624e-05,6.5,80.0
2026-01-15 01:00:00,-0.92674255,0.833725,2.6285942,101231.125,,3.0517578e-05,6.5,80.0
2026-01-15 02:00:00,-1.0277863,0.06436157,2.9170082,101304.625,,2.4795532e-05,6.5,80.0
2026-01-15 03:00:00,-0.70570374,-0.37123108,3.2296894,101374.69,,7.1525574e-06,6.5,80.0
2026-01-15 04:00:00,-0.22917175,-0.49830627,3.4695678,101412.0,,1.4305115e-05,6.5,80.0
2026-01-15 05:00:00,0.33380127,-0.4839325,3.687602,101367.0,,5.722046e-06,6.5,80.0
2026-01-15 06:00:00,1.0459442,-0.5022583,3.5872061,101270.375,,9.536743e-07,6.5,80.0
2026-01-15 07:00:00,1.841568,-0.5102234,4.040202,101170.81,,6.198883e-05,6.5,80.0
2026-01-15 08:00:00,2.478531,-0.7402344,5.2203975,101045.875,,4.386902e-05,6.5,80.0
2026-01-15 09:00:00,3.0629272,-0.67959595,5.772186,100932.75,,0.00013160706,6.5,80.0
2026-01-15 10:00:00,3.513565,0.4166565,5.7733083,100867.25,,0.00017499924,6.5,80.0
2026-01-15 11:00:00,2.6608124,1.0970154,5.757473,100879.75,,0.00014686584,6.5,80.0
2026-01-15 12:00:00,1.8302307,1.5677948,5.0121493,100971.31,,2.0980835e-05,6.5,80.0
2026-01-15 13:00:00,1.5814819,1.9832458,4.649595,101037.125,,6.67572e-06,6.5,80.0
2026-01-15 14:00:00,1.5022278,1.7520142,4.7251782,101120.375,,2.3841858e-06,6.5,80.0
2026-01-15 15:00:00,1.25,1.2700653,4.43631,101203.44,,9.536743e-07,6.5,80.0
2026-01-15 16:00:00,0.7107239,1.1100616,4.05606,101256.0,,0.0,6.5,80.0
2026-01-15 17:00:00,0.0460968,1.0536804,3.7906992,101238.44,,0.0,6.5,80.0
2026-01-15 18:00:00,-0.4359131,0.9581299,3.900394,101212.625,,0.0,6.5,80.0
2026-01-15 19:00:00,-0.72906494,0.62872314,2.6374123,101187.625,,0.0,6.5,80.0
2026-01-15 20:00:00,-0.8877106,0.44673157,2.8433328,101125.31,,3.2424927e-05,6.5,80.0
2026-01-15 21:00:00,-0.9695587,0.14814758,2.5231643,101098.19,,9.059906e-06,6.5,80.0
2026-01-15 22:00:00,-1.5663147,-0.51086426,2.285388,101055.625,,7.1525574e-06,6.5,80.0
2026-01-15 23:00:00,-1.2010803,-0.62709045,2.2791018,101049.44,,1.9073486e-06,6.5,80.0
2026-01-16 00:00:00,-1.105484,-1.0658264,2.905424,101145.625,,4.7683716e-06,6.5,80.0
2026-01-16 01:00:00,-1.1601868,-1.3340149,3.589387,101219.625,,1.5258789e-05,6.5,80.0
2026-01-16 02:00:00,-0.8805237,-1.486206,4.6463614,101317.25,,3.2901764e-05,6.5,80.0
2026-01-16 03:00:00,-0.36619568,-1.4839172,5.0046396,101389.44,,2.3841858e-06,6.5,80.0
2026-01-16 04:00:00,0.2346344,-1.525238,4.9678464,101404.44,,0.0,6.5,80.0
2026-01-16 05:00:00,0.67700195,-1.3726501,4.7097216,101350.69,,0.0,6.5,80.0
2026-01-16 06:00:00,0.9307709,-1.1550446,4.362869,101274.69,,0.0,6.5,80.0
2026-01-16 07:00:00,1.0428925,-0.8713989,3.83413,101184.06,,0.0,6.5,80.0
2026-01-16 08:00:00,1.2249298,-0.48994446,3.6935139,101072.19,,0.0,6.5,80.0
2026-01-16 09:00:00,1.4228668,0.10900879,3.4968827,100972.19,,0.0,6.5,80.0
2026-01-16 10:00:00,1.6231995,0.9310913,3.6567922,100872.75,,0.0,6.5,80.0
2026-01-16 11:00:00,1.0665741,1.5594635,4.072255,100855.0,,0.0,6.5,80.0
2026-01-16 12:00:00,0.5601654,2.0575256,4.70418,100940.19,,0.0,6.5,80.0
2026-01-16 13:00:00,0.21611023,1.922348,4.62083,100986.125,,0.0,6.5,80.0
2026-01-16 14:00:00,-0.0034484863,1.776001,4.145185,101062.5,,0.0,6.5,80.0
2026-01-16 15:00:00,-0.32824707,0.82691956,3.863256,101148.19,,2.3841858e-06,6.5,80.0
2026-01-16 16:00:00,-0.41322327,-0.017929077,3.5065145,101222.0,,1.001358e-05,6.5,80.0
2026-01-16 17:00:00,-0.35325623,-0.60076904,2.9777944,101211.25,,4.529953e-05,6.5,80.0
2026-01-16 18:00:00,-0.2639618,-0.8643799,2.4292288,101178.25,,3.4809113e-05,6.5,80.0
2026-01-16 19:00:00,-0.08918762,-0.8353119,1.8247426,101158.44,,2.4795532e-05,6.5,80.0
2026-01-16 20:00:00,0.20858765,-1.1061554,2.0849967,101076.06,,2.3841858e-05,6.5,80.0
2026-01-16 21:00:00,0.5000458,-1.6102905,2.7777796,101029.375,,6.67572e-06,6.5,80.0
2026-01-16 22:00:00,1.1920166,-0.6601105,3.5320258,100988.75,,4.7683716e-07,6.5,80.0
2026-01-16 23:00:00,1.2266083,-0.10484314,3.8142169,100966.5,,4.7683716e-07,6.5,80.0
2026-01-17 00:00:00,1.2652435,0.031341553,4.0339513,101039.375,,0.0,6.5,80.0
2026-01-17 01:00:00,0.98023987,-0.64738464,4.3161077,101099.125,,0.0,6.5,80.0
2026-01-17 02:00:00,0.64167786,-1.6134491,5.195922,101204.31,,4.7683716e-07,6.5,80.0
2026-01-17 03:00:00,0.24848938,-2.4662628,5.8640842,101307.375,,9.536743e-07,6.5,80.0
2026-01-17 04:00:00,-0.023071289,-2.9275665,6.2016754,101338.69,,3.8146973e-06,6.5,80.0
2026-01-17 05:00:00,-0.43804932,-3.0487976,6.3987675,101324.875,,9.536743e-07,6.5,80.0
2026-01-17 06:00:00,-0.29014587,-2.9512024,6.33492,101218.94,,0.0,6.5,80.0
2026-01-17 07:00:00,-0.03640747,-2.763565,5.3626933,101133.81,,2.7656555e-05,6.5,80.0
2026-01-17 08:00:00,0.49243164,-2.4830017,5.00593,100980.0,,0.0,6.5,80.0
2026-01-17 09:00:00,1.001831,-2.2862244,4.620105,100889.44,,0.0,6.5,80.0
2026-01-17 10:00:00,1.3613739,-2.8386078,4.552096,100773.125,,0.0,6.5,80.0
2026-01-17 11:00:00,1.302063,-2.618927,4.4603214,100726.25,,0.0,6.5,80.0
2026-01-17 12:00:00,1.3288879,-2.359192,4.3803253,100791.06,,0.0,6.5,80.0
2026-01-17 13:00:00,1.6305542,-2.2765045,4.0725365,100859.25,,0.0,6.5,80.0
2026-01-17 14:00:00,1.6092834,-2.2075348,3.9034815,100936.75,,0.0,6.5,80.0
2026-01-17 15:00:00,0.8950348,-2.1875458,4.09061,101047.625,,0.0,6.5,80.0
2026-01-17 16:00:00,0.014007568,-2.0874176,4.51104,101118.375,,0.0,6.5,80.0
2026-01-17 17:00:00,-0.763504,-1.8720856,4.6736765,101125.56,,0.0,6.5,80.0
2026-01-17 18:00:00,-1.1217957,-1.4075928,4.6326504,101133.44,,9.536743e-07,6.5,80.0
2026-01-17 19:00:00,-0.83699036,-1.1061707,2.9088025,101103.44,,5.722046e-06,6.5,80.0
2026-01-17 20:00:00,-0.52349854,-0.7411499,2.52381,101057.19,,4.339218e-05,6.5,80.0
2026-01-17 21:00:00,-0.26306152,-0.66674805,2.6136668,101001.06,,8.34465e-05,6.5,80.0
2026-01-17 22:00:00,-0.09931946,-0.4953003,2.9677482,100961.31,,0.00014305115,6.5,80.0
2026-01-17 23:00:00,-0.097457886,-0.24127197,3.031381,100981.5,,0.00014448166,6.5,80.0
2026-01-18 00:00:00,0.10676575,-0.26309204,3.0378213,101009.25,,5.6266785e-05,6.5,80.0
2026-01-18 01:00:00,0.09643555,-0.5658722,3.5263152,101087.625,,3.5762787e-05,6.5,80.0
2026-01-18 02:00:00,0.020141602,-0.98373413,4.4002676,101160.25,,1.2397766e-05,6.5,80.0
2026-01-18 03:00:00,0.20495605,-0.5948334,4.570291,101210.625,,2.861023e-06,6.5,80.0
2026-01-18 04:00:00,0.53796387,-0.44532776,4.66042,101226.0,,1.9073486e-06,6.5,80.0
2026-01-18 05:00:00,0.9306183,-1.0352631,4.463765,101171.0,,6.67572e-06,6.5,80.0
2026-01-18 06:00:00,1.145401,-1.3913116,4.676428,101099.875,,1.4305115e-06,6.5,80.0
2026-01-18 07:00:00,1.428482,-1.3192291,4.180427,100990.125,,0.0,6.5,80.0
2026-01-18 08:00:00,1.908905,-1.2294617,4.526809,100872.875,,0.0,6.5,80.0
2026-01-18 09:00:00,2.5551605,-1.3947754,5.309033,100825.56,,0.0,6.5,80.0
2026-01-18 10:00:00,3.4400177,-2.1455688,6.1470523,100741.0,,0.0,6.5,80.0
2026-01-18 11:00:00,3.0140686,-2.788803,6.6781,100744.0,,0.0,6.5,80.0
2026-01-18 12:00:00,2.4102936,-2.5988922,6.660279,100799.94,,0.0,6.5,80.0
2026-01-18 13:00:00,2.361847,-2.471466,5.7312183,100875.0,,0.0,6.5,80.0
2026-01-18 14:00:00,2.4187012,-2.1842346,5.2556515,100989.44,,0.0,6.5,80.0
2026-01-18 15:00:00,2.0953064,-1.6762238,4.7713366,101093.25,,0.0,6.5,80.0
2026-01-18 16:00:00,1.3064117,-1.1016846,4.227623,101225.25,,0.0,6.5,80.0
2026-01-18 17:00:00,0.61535645,-0.7141266,3.5152655,101245.625,,0.0,6.5,80.0
2026-01-18 18:00:00,0.062042236,-0.59399414,3.3757312,101246.81,,9.536743e-07,6.5,80.0
2026-01-18 19:00:00,-0.3644867,-0.81918335,3.125543,101205.19,,1.4305115e-06,6.5,80.0
2026-01-18 20:00:00,-0.6882324,-0.8710785,3.006855,101129.375,,4.7683716e-07,6.5,80.0
2026-01-18 21:00:00,-0.7595062,-0.6207428,2.8958364,101067.06,,0.0,6.5,80.0
2026-01-18 22:00:00,-0.3656311,-1.4789581,2.6723316,101016.69,,0.0,6.5,80.0
2026-01-18 23:00:00,-0.6161499,-1.3262634,2.4487908,101046.125,,0.0,6.5,80.0
2026-01-19 00:00:00,-0.88386536,-1.4091034,2.5237706,101075.94,,1.9073486e-06,6.5,80.0
2026-01-19 01:00:00,-0.78627014,-1.6172943,2.836965,101165.81,,3.33786e-06,6.5,80.0
2026-01-19 02:00:00,-0.7330017,-1.9925079,3.7407281,101250.81,,8.106232e-06,6.5,80.0
2026-01-19 03:00:00,-0.6308899,-2.0200195,4.2870474,101356.625,,5.5789948e-05,6.5,80.0
2026-01-19 04:00:00,-0.34425354,-2.19458,4.6785445,101374.94,,2.0503998e-05,6.5,80.0
2026-01-19 05:00:00,0.19949341,-2.577835,5.216708,101296.125,,1.4305115e-06,6.5,80.0
2026-01-19 06:00:00,0.8937988,-3.070465,5.857246,101247.81,,0.0,6.5,80.0
2026-01-19 07:00:00,1.621994,-3.4043884,6.398881,101133.06,,0.0,6.5,80.0
2026-01-19 08:00:00,2.1692047,-3.554184,6.8583536,101038.125,,0.0,6.5,80.0
2026-01-19 09:00:00,2.6550446,-3.7019043,7.3682394,100932.31,,0.0,6.5,80.0
2026-01-19 10:00:00,3.1658936,-4.3119965,8.0276165,100800.81,,0.0,6.5,80.0
2026-01-19 11:00:00,2.9181213,-4.4733734,8.398487,100835.81,,0.0,6.5,80.0
2026-01-19 12:00:00,2.6006775,-4.140167,8.14467,100906.0,,0.0,6.5,80.0
2026-01-19 13:00:00,2.6415253,-4.325363,7.3172827,100998.06,,0.0,6.5,80.0
2026-01-19 14:00:00,2.7038116,-4.6470184,7.7032447,101087.44,,0.0,6.5,80.0
2026-01-19 15:00:00,2.0797272,-4.42572,7.689733,101189.94,,0.0,6.5,80.0
2026-01-19 16:00:00,1.3199921,-4.25177,7.06431,101249.69,,0.0,6.5,80.0
2026-01-19 17:00:00,0.17758179,-3.83638,5.9298234,101255.625,,0.0,6.5,80.0
2026-01-19 18:00:00,-0.71128845,-3.0484009,5.401138,101227.375,,0.0,6.5,80.0
2026-01-19 19:00:00,-1.466629,-2.4648743,4.888971,101188.125,,0.0,6.5,80.0
2026-01-19 20:00:00,-1.671463,-1.644165,4.777485,101135.75,,0.0,6.5,80.0
2026-01-19 21:00:00,-1.4194336,-1.068573,4.1657786,101058.31,,0.0,6.5,80.0
2026-01-19 22:00:00,-1.2682953,-1.753067,3.2390132,100995.56,,0.0,6.5,80.0
2026-01-19 23:00:00,-1.3686371,-1.7453766,2.696862,101013.875,,1.4305115e-06,6.5,80.0
2026-01-20 00:00:00,-1.1019745,-1.5474548,3.3526945,101077.25,,9.536743e-07,6.5,80.0
2026-01-20 01:00:00,-0.7154999,-1.6185913,3.728307,101172.31,,4.7683716e-07,6.5,80.0
2026-01-20 02:00:00,-0.2414093,-1.8940277,4.415664,101242.81,,0.0,6.5,80.0
2026-01-20 03:00:00,0.1972351,-2.014511,4.716314,101307.75,,4.7683716e-07,6.5,80.0
2026-01-20 04:00:00,0.46635437,-2.2968597,4.7802997,101335.25,,0.0,6.5,80.0
2026-01-20 05:00:00,0.8341217,-2.6473846,4.9851894,101267.125,,0.0,6.5,80.0
2026-01-20 06:00:00,1.1184387,-3.0874176,5.366355,101193.5,,0.0,6.5,80.0
2026-01-20 07:00:00,1.447403,-3.460907,6.3878937,101086.625,,0.0,6.5,80.0
2026-01-20 08:00:00,1.8725128,-3.777649,6.8651342,100965.0,,0.0,6.5,80.0
2026-01-20 09:00:00,2.3435364,-4.0435333,7.3974175,100869.0,,0.0,6.5,80.0
2026-01-20 10:00:00,2.1685333,-4.1163635,7.702685,100781.125,,0.0,6.5,80.0
2026-01-20 11:00:00,1.7866058,-3.6387024,7.4898157,100777.375,,0.0,6.5,80.0
2026-01-20 12:00:00,1.6093903,-2.6079712,6.7283797,100852.5,,0.0,6.5,80.0
2026-01-20 13:00:00,1.9221344,-2.2552643,5.680168,100937.56,,0.0,6.5,80.0
2026-01-20 14:00:00,1.2592926,-1.89534,5.432096,101025.625,,0.0,6.5,80.0
2026-01-20 15:00:00,-0.033432007,-1.2133179,4.9509974,101154.125,,0.0,6.5,80.0
2026-01-20 16:00:00,-0.75175476,-0.5280609,4.8554773,101220.5,,0.0,6.5,80.0
2026-01-20 17:00:00,-1.2394409,0.17593384,4.4577765,101234.5,,9.536743e-07,6.5,80.0
2026-01-20 18:00:00,-1.6915436,0.87905884,3.9283624,101224.25,,1.4305115e-06,6.5,80.0
2026-01-20 19:00:00,-1.9824219,1.1322632,4.036905,101204.94,,1.4305115e-06,6.5,80.0
2026-01-20 20:00:00,-1.5982361,0.8995514,3.930474,101143.75,,9.536743e-07,6.5,80.0
2026-01-20 21:00:00,-1.1340942,0.63371277,3.704887,101108.06,,0.0,6.5,80.0
2026-01-20 22:00:00,-0.90101624,0.9942627,3.4422836,101054.75,,4.7683716e-06,6.5,80.0
2026-01-20 23:00:00,-0.53367615,0.7462921,3.5398602,101074.44,,1.04904175e-05,6.5,80.0
2026-01-21 00:00:00,-0.39535522,-0.065216064,3.7243307,101117.81,,3.33786e-05,6.5,80.0
2026-01-21 01:00:00,-0.39956665,-1.4433899,4.0462265,101216.625,,2.670288e-05,6.5,80.0
2026-01-21 02:00:00,-0.4212494,-2.723816,5.5136766,101289.56,,2.4795532e-05,6.5,80.0
2026-01-21 03:00:00,-0.39282227,-3.5778046,6.3172307,101341.06,,1.1444092e-05,6.5,80.0
2026-01-21 04:00:00,-0.07319641,-4.298416,6.8303185,101404.625,,0.0,6.5,80.0
2026-01-21 05:00:00,0.34501648,-4.6332397,7.2700853,101340.625,,0.0,6.5,80.0
2026-01-21 06:00:00,0.5988312,-4.803604,7.7997174,101269.375,,0.0,6.5,80.0
2026-01-21 07:00:00,0.73332214,-4.747162,8.017089,101194.44,,0.0,6.5,80.0
2026-01-21 08:00:00,0.8822937,-4.7593384,7.789534,101037.5,,0.0,6.5,80.0
2026-01-21 09:00:00,0.9782715,-4.743042,7.760068,100933.0,,0.0,6.5,80.0
2026-01-21 10:00:00,1.4083405,-4.5604706,7.5813494,100852.625,,0.0,6.5,80.0
2026-01-21 11:00:00,0.9584503,-4.2737274,7.0432644,100808.0,,0.0,6.5,80.0
2026-01-21 12:00:00,0.85006714,-3.711441,6.6253757,100882.5,,0.0,6.5,80.0
2026-01-21 13:00:00,0.8708191,-4.066498,6.0873404,100962.625,,0.0,6.5,80.0
2026-01-21 14:00:00,0.35394287,-4.2918396,6.3051147,101047.375,,0.0,6.5,80.0
2026-01-21 15:00:00,-0.38386536,-3.9861908,6.355633,101145.19,,0.0,6.5,80.0
2026-01-21 16:00:00,-0.89897156,-3.29924,6.161459,101227.31,,0.0,6.5,80.0
2026-01-21 17:00:00,-1.1399078,-2.6577606,5.6802573,101252.0,,0.0,6.5,80.0
2026-01-21 18:00:00,-1.2618256,-2.0889282,5.004723,101276.06,,0.0,6.5,80.0
2026-01-21 19:00:00,-1.3429108,-1.6912842,3.3869367,101218.31,,0.0,6.5,80.0
2026-01-21 20:00:00,-1.2773743,-1.6152496,3.2905266,101182.25,,0.0,6.5,80.0
2026-01-21 21:00:00,-0.946579,-1.6204224,3.206163,101122.31,,0.0,6.5,80.0
2026-01-21 22:00:00,-0.6323242,-1.2526398,3.039585,101063.75,,0.0,6.5,80.0
2026-01-21 23:00:00,-0.15563965,-0.5145569,3.07136,101105.0,,4.7683716e-06,6.5,80.0
2026-01-22 00:00:00,0.44314575,-0.87968445,3.5041928,101171.81,,8.106232e-06,6.5,80.0
2026-01-22 01:00:00,0.85658264,-1.5606384,3.847615,101263.0,,6.67572e-06,6.5,80.0
2026-01-22 02:00:00,0.9175415,-2.4008331,4.5160017,101362.0,,6.67572e-06,6.5,80.0
2026-01-22 03:00:00,0.7667389,-2.7111816,5.037125,101444.19,,0.0,6.5,80.0
2026-01-22 04:00:00,0.75009155,-2.7475433,5.096801,101486.06,,0.0,6.5,80.0
2026-01-22 05:00:00,0.8771057,-2.5554047,5.150676,101448.875,,0.0,6.5,80.0
2026-01-22 06:00:00,0.6865845,-2.4289856,5.1109157,101381.56,,0.0,6.5,80.0
2026-01-22 07:00:00,0.67497253,-2.0373535,4.819614,101297.125,,0.0,6.5,80.0
2026-01-22 08:00:00,0.909317,-1.3237305,4.2048736,101176.69,,0.0,6.5,80.0
2026-01-22 09:00:00,1.4722137,-0.4570465,3.2023213,101109.81,,0.0,6.5,80.0
2026-01-22 10:00:00,1.798706,-0.9144592,3.825074,101022.56,,0.0,6.5,80.0
2026-01-22 11:00:00,1.5262146,-0.5840759,4.2765055,100994.56,,0.0,6.5,80.0
2026-01-22 12:00:00,1.4011078,0.3534088,4.520948,101052.44,,0.0,6.5,80.0
2026-01-22 13:00:00,1.7063904,0.89697266,4.5131392,101088.19,,0.0,6.5,80.0
2026-01-22 14:00:00,1.6729431,0.4819641,4.312797,101156.94,,0.0,6.5,80.0
2026-01-22 15:00:00,1.1760559,0.12528992,4.0878577,101269.375,,0.0,6.5,80.0
2026-01-22 16:00:00,0.5196228,-0.23661804,3.7272208,101319.0,,0.0,6.5,80.0
2026-01-22 17:00:00,-0.22981262,-0.6896057,3.2673154,101315.75,,0.0,6.5,80.0
2026-01-22 18:00:00,-0.8270874,-1.1577301,3.067024,101333.69,,0.0,6.5,80.0
2026-01-22 19:00:00,-1.0262146,-1.5721588,3.1551924,101282.44,,0.0,6.5,80.0
2026-01-22 20:00:00,-1.010086,-2.056137,3.3113067,101237.56,,0.0,6.5,80.0
2026-01-22 21:00:00,-1.0585022,-2.7356873,3.7380033,101187.125,,0.0,6.5,80.0
2026-01-22 22:00:00,-0.9153137,-1.7245483,4.289661,101161.81,,0.0,6.5,80.0
2026-01-22 23:00:00,-0.79229736,-1.2976379,4.424871,101202.0,,0.0,6.5,80.0
2026-01-23 00:00:00,-0.5622101,-1.184906,4.371519,101288.94,,4.7683716e-07,6.5,80.0
2026-01-23 01:00:00,-0.29071045,-1.3717346,4.4446816,101358.81,,4.7683716e-07,6.5,80.0
2026-01-23 02:00:00,-0.3047943,-1.7976837,4.7574353,101424.56,,1.4305115e-06,6.5,80.0
2026-01-23 03:00:00,-0.6539917,-1.8619843,5.2562547,101523.44,,9.536743e-07,6.5,80.0
2026-01-23 04:00:00,-0.5994415,-1.6790619,5.4432817,101539.75,,2.861023e-06,6.5,80.0
2026-01-23 05:00:00,-0.14395142,-1.5162659,5.3860035,101539.0,,0.0,6.5,80.0
2026-01-23 06:00:00,0.39756775,-1.4498749,5.1000443,101487.75,,5.2452087e-06,6.5,80.0
2026-01-23 07:00:00,0.7560272,-1.3057861,3.778939,101400.69,,2.336502e-05,6.5,80.0
2026-01-23 08:00:00,0.95596313,-1.4874725,3.4881744,101247.625,,0.0,6.5,80.0
2026-01-23 09:00:00,1.2174377,-1.345581,3.6630003,101149.875,,0.0,6.5,80.0
2026-01-23 10:00:00,2.4186401,-1.589035,4.00906,101048.81,,0.0,6.5,80.0
2026-01-23 11:00:00,2.364914,-2.0651093,4.255641,101025.69,,0.0,6.5,80.0
2026-01-23 12:00:00,2.3291626,-2.483902,4.3153324,101105.19,,0.0,6.5,80.0
2026-01-23 13:00:00,2.6221008,-2.933487,4.3031077,101177.06,,0.0,6.5,80.0
2026-01-23 14:00:00,2.4909515,-3.3313446,4.3280683,101251.44,,0.0,6.5,80.0
2026-01-23 15:00:00,2.088913,-3.674591,4.154507,101351.81,,0.0,6.5,80.0
2026-01-23 16:00:00,1.6116638,-3.8123474,3.7666578,101412.0,,0.0,6.5,80.0
2026-01-23 17:00:00,1.0451508,-3.7782745,4.026939,101451.44,,0.0,6.5,80.0
2026-01-23 18:00:00,0.34591675,-3.8854218,4.594276,101435.69,,0.0,6.5,80.0
2026-01-23 19:00:00,-0.17131042,-3.631363,5.5706143,101404.5,,0.0,6.5,80.0
2026-01-23 20:00:00,-0.71469116,-3.4525146,5.4307165,101341.94,,0.0,6.5,80.0
2026-01-23 21:00:00,-1.0432129,-3.0095673,5.299063,101315.125,,0.0,6.5,80.0
2026-01-23 22:00:00,-1.9599304,-3.2254791,4.994602,101243.44,,0.0,6.5,80.0
2026-01-23 23:00:00,-2.0944977,-2.2086792,4.718691,101187.81,,0.0,6.5,80.0
2026-01-24 00:00:00,-2.148697,-1.6383209,4.486521,101248.19,,0.0,6.5,80.0
2026-01-24 01:00:00,-1.8652496,-1.5924072,4.1977167,101335.375,,0.0,6.5,80.0
2026-01-24 02:00:00,-1.7718506,-1.7662354,4.2802873,101426.19,,0.0,6.5,80.0
2026-01-24 03:00:00,-1.3910065,-1.401062,4.215778,101497.25,,0.0,6.5,80.0
2026-01-24 04:00:00,-0.72039795,-1.1545105,3.9330866,101531.375,,0.0,6.5,80.0
2026-01-24 05:00:00,0.1716919,-1.125,3.671218,101505.44,,0.0,6.5,80.0
2026-01-24 06:00:00,1.1021423,-1.2284088,3.4422507,101459.25,,0.0,6.5,80.0
2026-01-24 07:00:00,2.0390778,-1.1154022,4.5150933,101348.94,,0.0,6.5,80.0
2026-01-24 08:00:00,3.0308838,-1.4121552,5.8161488,101257.5,,0.0,6.5,80.0
2026-01-24 09:00:00,3.905838,-1.9436646,7.176183,101144.375,,0.0,6.5,80.0
2026-01-24 10:00:00,5.397049,-2.8109436,8.076508,101084.0,,0.0,6.5,80.0
2026-01-24 11:00:00,4.42955,-3.704712,8.556497,101043.81,,4.7683716e-07,6.5,80.0
2026-01-24 12:00:00,3.811203,-3.9364014,8.572544,101100.875,,0.0,6.5,80.0
2026-01-24 13:00:00,3.1748657,-4.150009,7.9452987,101149.69,,0.0,6.5,80.0
2026-01-24 14:00:00,2.4651031,-4.60524,7.44151,101229.0,,0.0,6.5,80.0
2026-01-24 15:00:00,1.7167053,-4.793396,7.334909,101292.31,,0.0,6.5,80.0
2026-01-24 16:00:00,1.001709,-4.4754333,6.9677143,101356.25,,0.0,6.5,80.0
2026-01-24 17:00:00,0.2695923,-3.8802795,5.9537215,101347.25,,0.0,6.5,80.0
2026-01-24 18:00:00,-0.2992401,-3.4294739,5.2145753,101334.81,,0.0,6.5,80.0
2026-01-24 19:00:00,-0.74479675,-2.3750305,4.6813703,101292.94,,1.9073486e-06,6.5,80.0
2026-01-24 20:00:00,-0.9634247,-1.3018036,3.8643818,101200.19,,9.536743e-07,6.5,80.0
2026-01-24 21:00:00,-1.1982269,-0.43310547,3.3733847,101156.0,,4.7683716e-07,6.5,80.0
2026-01-24 22:00:00,-1.62677,-0.49357605,3.3543668,101103.0,,9.536743e-07,6.5,80.0
2026-01-24 23:00:00,-1.6052704,0.4967041,3.7876935,101119.81,,9.536743e-07,6.5,80.0
2026-01-25 00:00:00,-1.8133545,0.94888306,4.2775726,101161.81,,4.7683716e-07,6.5,80.0
2026-01-25 01:00:00,-2.2036743,1.2595978,4.7077374,101270.19,,0.0,6.5,80.0
2026-01-25 02:00:00,-2.7964783,1.6629639,5.311241,101298.56,,0.0,6.5,80.0
2026-01-25 03:00:00,-3.0285797,1.9189606,5.92438,101394.56,,0.0,6.5,80.0
2026-01-25 04:00:00,-2.445282,1.9961395,6.1045194,101416.94,,0.0,6.5,80.0
2026-01-25 05:00:00,-1.5695801,2.1374207,6.1279926,101387.5,,7.6293945e-06,6.5,80.0
2026-01-25 06:00:00,-0.5369415,2.2205505,5.585292,101299.31,,2.3841858e-05,6.5,80.0
2026-01-25 07:00:00,0.55384827,2.186386,4.6607122,101191.5,,7.6293945e-06,6.5,80.0
2026-01-25 08:00:00,1.3550873,2.0895233,5.048696,101080.5,,4.2915344e-06,6.5,80.0
2026-01-25 09:00:00,1.8771667,1.9250946,5.056175,101001.56,,3.2901764e-05,6.5,80.0
2026-01-25 10:00:00,3.6734924,1.1474152,5.0802627,100929.56,,6.2942505e-05,6.5,80.0
2026-01-25 11:00:00,2.9722748,0.3014984,5.0487394,100949.0,,0.00013494492,6.5,80.0
2026-01-25 12:00:00,2.1359406,-0.40014648,4.864751,101070.125,,0.00017166138,6.5,80.0
2026-01-25 13:00:00,1.766159,-0.86309814,3.8178737,101153.81,,0.00015544891,6.5,80.0
2026-01-25 14:00:00,1.659729,-1.2631073,3.1905594,101235.81,,0.00020599365,6.5,80.0
2026-01-25 15:00:00,1.4672394,-1.4852295,2.879897,101324.19,,0.00015211105,6.5,80.0
2026-01-25 16:00:00,1.0893555,-1.4546356,1.8851678,101387.94,,7.8201294e-05,6.5,80.0
2026-01-25 17:00:00,0.13673401,-0.8818207,2.0529723,101393.25,,0.00011396408,6.5,80.0
2026-01-25 18:00:00,-0.45088196,0.039627075,1.9100225,101399.0,,0.0001077652,6.5,80.0
2026-01-25 19:00:00,-0.51968384,0.96476746,2.8529253,101342.19,,0.00014209747,6.5,80.0
2026-01-25 20:00:00,-0.10826111,1.3846283,3.2864733,101299.44,,0.00017023087,6.5,80.0
2026-01-25 21:00:00,0.04837036,1.2637482,3.1454067,101224.75,,3.0994415e-05,6.5,80.0
2026-01-25 22:00:00,-0.79577637,1.6012268,2.4833217,101151.06,,0.0,6.5,80.0
2026-01-25 23:00:00,-0.5982361,1.4506683,2.0832796,101169.19,,0.0,6.5,80.0
2026-01-26 00:00:00,-0.8804321,1.0422058,1.9415675,101173.75,,0.0,6.5,80.0
2026-01-26 01:00:00,-1.3433838,0.5964508,2.5100138,101246.375,,0.0,6.5,80.0
2026-01-26 02:00:00,-1.1143646,0.12426758,3.0851827,101317.25,,0.0,6.5,80.0
2026-01-26 03:00:00,-0.29315186,-0.31340027,3.0529387,101402.19,,0.0,6.5,80.0
2026-01-26 04:00:00,0.61528015,-0.9313812,2.665742,101444.31,,0.0,6.5,80.0
2026-01-26 05:00:00,1.5973816,-1.5266724,3.014334,101393.69,,4.2915344e-06,6.5,80.0
2026-01-26 06:00:00,2.542221,-1.5554504,4.652548,101334.56,,3.385544e-05,6.5,80.0
2026-01-26 07:00:00,3.1869354,-1.1703033,5.95905,101284.94,,4.6253204e-05,6.5,80.0
2026-01-26 08:00:00,3.5018616,-0.41996765,6.3772283,101183.06,,0.00010967255,6.5,80.0
2026-01-26 09:00:00,3.5800934,0.5815277,6.7037163,101113.56,,3.862381e-05,6.5,80.0
2026-01-26 10:00:00,3.507309,0.41337585,7.083597,101046.06,,1.859665e-05,6.5,80.0
2026-01-26 11:00:00,2.6393127,0.35694885,6.892257,101084.69,,0.00019836426,6.5,80.0
2026-01-26 12:00:00,1.6247253,0.3401947,6.3768253,101177.81,,0.000770092,6.5,80.0
2026-01-26 13:00:00,0.29689026,0.77301025,5.7063546,101275.125,,0.00022745132,6.5,80.0
2026-01-26 14:00:00,-0.21769714,1.4359741,4.2728276,101347.06,,8.583069e-06,6.5,80.0
2026-01-26 15:00:00,-0.02368164,1.5193176,3.8997588,101453.125,,0.0,6.5,80.0
2026-01-26 16:00:00,-0.15374756,1.3093567,3.256566,101499.25,,0.0,6.5,80.0
2026-01-26 17:00:00,-0.27186584,0.785202,2.8126554,101499.875,,0.0,6.5,80.0
2026-01-26 18:00:00,-0.61672974,0.24531555,2.488402,101484.06,,0.0,6.5,80.0
2026-01-26 19:00:00,-0.9639435,-0.008743286,1.9983884,101452.81,,2.4318695e-05,6.5,80.0
2026-01-26 20:00:00,-1.2841797,-0.5242615,2.716544,101391.625,,0.00011634827,6.5,80.0
2026-01-26 21:00:00,-1.9508362,-1.0054321,3.508093,101341.31,,7.6293945e-06,6.5,80.0
2026-01-26 22:00:00,-2.227188,-0.62698364,4.0402203,101279.625,,8.6307526e-05,6.5,80.0
2026-01-26 23:00:00,-2.2553558,-0.7232971,4.0200386,101303.81,,3.385544e-05,6.5,80.0
2026-01-27 00:00:00,-2.0303955,-0.8527527,3.9979029,101348.25,,3.671646e-05,6.5,80.0
2026-01-27 01:00:00,-1.545517,-1.1679382,3.5298867,101423.44,,1.2397766e-05,6.5,80.0
2026-01-27 02:00:00,-1.2771912,-1.3954163,3.778798,101485.0,,2.5749207e-05,6.5,80.0
2026-01-27 03:00:00,-0.65766907,-1.1808319,4.130359,101566.94,,1.7166138e-05,6.5,80.0
2026-01-27 04:00:00,-0.022354126,-1.0445404,4.5596647,101598.0,,3.8146973e-06,6.5,80.0
2026-01-27 05:00:00,0.673584,-0.76008606,4.619696,101577.0,,4.7683716e-07,6.5,80.0
2026-01-27 06:00:00,1.4295044,-0.60043335,4.4849315,101513.81,,4.7683716e-07,6.5,80.0
2026-01-27 07:00:00,2.0582428,-0.73612976,4.544181,101416.875,,2.527237e-05,6.5,80.0
2026-01-27 08:00:00,2.5021362,-0.70843506,5.1505013,101279.19,,1.9073486e-06,6.5,80.0
2026-01-27 09:00:00,2.8574371,-0.5892029,6.474375,101181.375,,0.0,6.5,80.0
2026-01-27 10:00:00,4.3056793,-0.77108765,7.177521,101093.06,,0.0,6.5,80.0
2026-01-27 11:00:00,3.2823792,-1.4582367,6.449051,101100.94,,0.0,6.5,80.0
2026-01-27 12:00:00,2.34581,-1.4169922,5.8887606,101186.69,,0.0,6.5,80.0
2026-01-27 13:00:00,1.6390076,-1.5576172,5.2755075,101224.19,,0.0,6.5,80.0
2026-01-27 14:00:00,0.9038849,-2.337494,4.6825724,101285.125,,0.0,6.5,80.0
2026-01-27 15:00:00,-0.46949768,-2.8223267,4.3802905,101382.625,,0.0,6.5,80.0
2026-01-27 16:00:00,-1.3531036,-2.7319794,4.1843915,101431.19,,0.0,6.5,80.0
2026-01-27 17:00:00,-1.6414337,-2.5496216,4.066948,101434.56,,0.0,6.5,80.0
2026-01-27 18:00:00,-1.57518,-2.6392822,3.7772908,101423.0,,3.33786e-06,6.5,80.0
2026-01-27 19:00:00,-1.0260925,-2.8116608,4.325368,101388.25,,2.3841858e-06,6.5,80.0
2026-01-27 20:00:00,-0.55966187,-3.170761,4.6002636,101339.625,,3.671646e-05,6.5,80.0
2026-01-27 21:00:00,-0.33868408,-2.9947968,4.715886,101281.0,,8.440018e-05,6.5,80.0
2026-01-27 22:00:00,0.045532227,-2.16185,4.6929207,101242.06,,1.66893e-05,6.5,80.0
2026-01-27 23:00:00,-0.1832428,-1.7674408,4.641093,101247.81,,4.1484833e-05,6.5,80.0
2026-01-28 00:00:00,-0.08081055,-1.8555908,4.7601447,101275.625,,0.00010204315,6.5,80.0
2026-01-28 01:00:00,-0.06585693,-2.9236145,5.2033515,101379.375,,8.2969666e-05,6.5,80.0
2026-01-28 02:00:00,-0.3286438,-3.973587,6.223677,101454.69,,6.341934e-05,6.5,80.0
2026-01-28 03:00:00,-0.8578491,-4.416458,7.1487417,101523.0,,6.67572e-06,6.5,80.0
2026-01-28 04:00:00,-1.0727234,-4.293091,7.6944413,101528.81,,4.7683716e-07,6.5,80.0
2026-01-28 05:00:00,-0.9624481,-3.7113037,7.7172413,101485.875,,0.0,6.5,80.0
2026-01-28 06:00:00,-0.21321106,-2.8496094,7.0144835,101394.375,,0.0,6.5,80.0
2026-01-28 07:00:00,0.63223267,-2.0757294,5.086967,101288.56,,0.0,6.5,80.0
2026-01-28 08:00:00,1.5046997,-1.1411743,4.30725,101187.875,,0.0,6.5,80.0
2026-01-28 09:00:00,2.3345337,-0.18501282,4.4839005,101070.94,,0.0,6.5,80.0
2026-01-28 10:00:00,3.4356384,1.3446503,6.060856,101004.31,,0.0,6.5,80.0
2026-01-28 11:00:00,3.3524628,2.1567993,7.236003,100987.25,,0.0,6.5,80.0
2026-01-28 12:00:00,3.0874634,2.3616486,7.601158,101082.94,,0.0,6.5,80.0
2026-01-28 13:00:00,2.2854156,2.2815247,7.120295,101182.19,,0.0,6.5,80.0
2026-01-28 14:00:00,1.4413605,2.2428436,6.204781,101249.19,,0.0,6.5,80.0
2026-01-28 15:00:00,0.59269714,2.208664,5.3054366,101316.5,,0.0,6.5,80.0
2026-01-28 16:00:00,-0.15678406,2.2760925,5.0958524,101366.5,,0.0,6.5,80.0
2026-01-28 17:00:00,-0.6222534,2.2115326,4.9078755,101356.81,,0.0,6.5,80.0
2026-01-28 18:00:00,-0.75556946,1.9141235,4.3601174,101350.19,,1.5258789e-05,6.5,80.0
2026-01-28 19:00:00,-1.0034027,1.7190552,3.50408,101299.19,,3.33786e-06,6.5,80.0
2026-01-28 20:00:00,-0.616745,0.9851837,3.2696471,101243.69,,3.8146973e-06,6.5,80.0
2026-01-28 21:00:00,-0.48117065,0.3821869,2.857596,101186.94,,2.3841858e-06,6.5,80.0
2026-01-28 22:00:00,-0.5232544,0.4983673,3.0571907,101119.06,,9.536743e-07,6.5,80.0
2026-01-28 23:00:00,-0.20610046,0.37857056,3.1117063,101136.06,,1.001358e-05,6.5,80.0
2026-01-29 00:00:00,-0.16194153,-0.28837585,2.9791698,101172.25,,9.536743e-06,6.5,80.0
2026-01-29 01:00:00,0.13346863,-1.0167847,2.77101,101248.875,,8.106232e-06,6.5,80.0
2026-01-29 02:00:00,0.22277832,-2.1758728,3.9584908,101335.0,,1.4305115e-06,6.5,80.0
2026-01-29 03:00:00,0.33648682,-3.0364227,5.3424587,101417.56,,0.0,6.5,80.0
2026-01-29 04:00:00,0.49172974,-3.2296906,5.9999123,101448.0,,0.0,6.5,80.0
2026-01-29 05:00:00,0.63713074,-2.944809,5.9299664,101411.5,,0.0,6.5,80.0
2026-01-29 06:00:00,1.011322,-2.2872925,5.5262213,101354.75,,0.0,6.5,80.0
2026-01-29 07:00:00,1.7349396,-1.5906372,4.9760675,101241.0,,0.0,6.5,80.0
2026-01-29 08:00:00,2.589798,-1.1919403,5.4058332,101140.31,,0.0,6.5,80.0
2026-01-29 09:00:00,3.4290924,-1.1989136,6.448968,101021.69,,0.0,6.5,80.0
2026-01-29 10:00:00,4.3967743,-1.8447113,7.608937,100981.0,,0.0,6.5,80.0
2026-01-29 11:00:00,4.1577454,-2.303009,7.93349,100992.875,,0.0,6.5,80.0
2026-01-29 12:00:00,3.6464996,-2.4051208,8.131157,101053.25,,0.0,6.5,80.0
2026-01-29 13:00:00,2.9734802,-2.2461853,7.591805,101132.31,,0.0,6.5,80.0
2026-01-29 14:00:00,2.8090973,-2.1453094,6.4774804,101203.81,,0.0,6.5,80.0
2026-01-29 15:00:00,2.2138672,-2.0447998,5.616957,101314.69,,0.0,6.5,80.0
2026-01-29 16:00:00,1.0108948,-1.8779907,4.9355054,101364.81,,0.0,6.5,80.0
2026-01-29 17:00:00,-0.056381226,-1.579773,4.8381524,101394.69,,0.0,6.5,80.0
2026-01-29 18:00:00,-0.6047058,-1.2435455,4.360331,101391.25,,0.0,6.5,80.0
2026-01-29 19:00:00,-1.0454102,-0.7987671,3.4100108,101358.56,,0.0,6.5,80.0
2026-01-29 20:00:00,-1.327774,-0.65411377,3.1512847,101328.94,,0.0,6.5,80.0
2026-01-29 21:00:00,-1.272522,-0.8937378,3.0553749,101253.75,,4.7683716e-07,6.5,80.0
2026-01-29 22:00:00,-0.6429596,-1.4794769,3.0837474,101200.375,,9.536743e-07,6.5,80.0
2026-01-29 23:00:00,-0.7565155,-1.9855194,3.0376835,101222.375,,9.536743e-07,6.5,80.0
2026-01-30 00:00:00,-0.8719635,-2.6161194,3.1505752,101262.125,,1.9073486e-06,6.5,80.0
2026-01-30 01:00:00,-0.8666229,-3.2537384,4.197012,101372.0,,5.2452087e-06,6.5,80.0
2026-01-30 02:00:00,-0.80513,-3.9244843,5.8507185,101432.375,,4.2915344e-06,6.5,80.0
2026-01-30 03:00:00,-0.8013916,-4.275467,6.8130608,101505.0,,4.7683716e-07,6.5,80.0
2026-01-30 04:00:00,-0.81414795,-4.1291046,6.9999557,101552.56,,0.0,6.5,80.0
2026-01-30 05:00:00,-0.59169006,-3.7947998,6.8676925,101483.75,,9.536743e-07,6.5,80.0
2026-01-30 06:00:00,-0.3934021,-3.3536682,6.3518267,101440.625,,4.7683716e-07,6.5,80.0
2026-01-30 07:00:00,-0.23417664,-2.8117218,5.6530995,101305.0,,0.0,6.5,80.0
2026-01-30 08:00:00,-0.108932495,-2.3583221,5.059434,101238.06,,4.7683716e-07,6.5,80.0
2026-01-30 09:00:00,0.022369385,-2.227829,4.5723715,101094.375,,0.0,6.5,80.0
2026-01-30 10:00:00,-0.14750671,-2.1380463,4.4217043,101067.44,,4.2915344e-05,6.5,80.0
2026-01-30 11:00:00,-0.38539124,-1.9724884,3.8749442,101056.06,,9.346008e-05,6.5,80.0
2026-01-30 12:00:00,-0.45362854,-1.9146118,4.0429897,101098.69,,0.0002040863,6.5,80.0
2026-01-30 13:00:00,-0.61616516,-2.1059113,3.727375,101176.75,,0.0001373291,6.5,80.0
2026-01-30 14:00:00,-0.6417694,-2.185196,3.4606304,101226.94,,0.00015830994,6.5,80.0
2026-01-30 15:00:00,-0.6164551,-2.341751,3.929563,101320.94,,8.535385e-05,6.5,80.0
2026-01-30 16:00:00,-0.42582703,-2.3441162,4.154667,101376.56,,3.8146973e-06,6.5,80.0
2026-01-30 17:00:00,-0.46113586,-2.1170807,4.8726807,101383.94,,0.0,6.5,80.0
2026-01-30 18:00:00,-0.70747375,-1.2777405,4.5597863,101361.5,,1.2874603e-05,6.5,80.0
2026-01-30 19:00:00,-0.65911865,-0.75187683,2.4823406,101341.125,,0.0003914833,6.5,80.0
2026-01-30 20:00:00,-0.8104248,-0.5502014,2.0960104,101273.5,,0.0004992485,6.5,80.0
2026-01-30 21:00:00,-0.0967865,-0.611496,2.1353855,101207.69,,0.0006160736,6.5,80.0
2026-01-30 22:00:00,-0.11808777,-0.07069397,1.9641473,101166.125,,0.0003824234,6.5,80.0
2026-01-30 23:00:00,-0.25009155,-0.52059937,1.8567193,101216.44,,0.0003876686,6.5,80.0
2026-01-31 00:00:00,-0.07759094,-1.2296295,2.2113771,101257.125,,0.00017976761,6.5,80.0
2026-01-31 01:00:00,0.27474976,-2.3193054,2.7244225,101317.06,,0.000120162964,6.5,80.0
2026-01-31 02:00:00,0.18759155,-3.3828125,3.7514062,101408.625,,0.00023126602,6.5,80.0
2026-01-31 03:00:00,-0.42178345,-3.5345917,5.021261,101479.81,,5.340576e-05,6.5,80.0
2026-01-31 04:00:00,-0.88256836,-3.094513,5.2151012,101503.56,,9.536743e-07,6.5,80.0
2026-01-31 05:00:00,-1.111206,-2.2463074,5.070717,101472.125,,0.0,6.5,80.0
2026-01-31 06:00:00,-0.6517639,-1.589447,4.8908205,101389.31,,0.0,6.5,80.0
2026-01-31 07:00:00,0.12168884,-1.3067627,4.572148,101275.375,,1.4305115e-05,6.5,80.0
2026-01-31 08:00:00,0.8235321,-0.8063202,4.540623,101153.375,,2.9563904e-05,6.5,80.0
2026-01-31 09:00:00,1.6381073,-0.28955078,4.7794075,101060.94,,2.1457672e-05,6.5,80.0
2026-01-31 10:00:00,1.7685089,-1.3611145,5.558489,100984.5,,0.00025749207,6.5,80.0
2026-01-31 11:00:00,1.3586731,-1.3015137,5.195394,100925.875,,0.007902145,6.5,80.0
2026-01-31 12:00:00,-0.33554077,-1.3009491,5.0143967,101075.19,,0.005117893,6.5,80.0
2026-01-31 13:00:00,-1.6432343,-0.22068787,4.4739122,101126.625,,0.0005426407,6.5,80.0
2026-01-31 14:00:00,-2.3703766,0.9326172,4.298814,101213.375,,0.0007624626,6.5,80.0
2026-01-31 15:00:00,-2.0144196,1.3634338,4.0079513,101305.19,,0.0014300346,6.5,80.0
2026-01-31 16:00:00,-1.5930176,1.3517914,3.9688118,101364.81,,0.003748417,6.5,80.0
2026-01-31 17:00:00,-1.4570923,0.92633057,4.046229,101375.56,,0.0023174286,6.5,80.0
2026-01-31 18:00:00,-0.958313,0.56552124,3.87566,101342.5,,0.0007429123,6.5,80.0
2026-01-31 19:00:00,0.03881836,0.54808044,2.7712803,101285.81,,0.00027370453,6.5,80.0
2026-01-31 20:00:00,0.9399719,0.22865295,2.469616,101224.375,,6.2942505e-05,6.5,80.0
2026-01-31 21:00:00,1.3485718,-0.3203888,2.9125707,101172.0,,5.4359436e-05,6.5,80.0
2026-01-31 22:00:00,0.59669495,-0.59298706,2.246472,101136.94,,3.0040741e-05,6.5,80.0
2026-01-31 23:00:00,0.45429993,-1.4884491,2.4066498,101123.125,,1.001358e-05,6.5,80.0
2026-02-01 00:00:00,0.1638031,-1.6456757,2.5915325,101164.875,,8.106232e-06,6.5,80.0
2026-02-01 01:00:00,-0.16291809,-1.5089264,2.9952712,101237.06,,7.6293945e-06,6.5,80.0
2026-02-01 02:00:00,-0.4841156,-1.1723785,3.7923715,101353.69,,9.536743e-07,6.5,80.0
2026-02-01 03:00:00,-0.07876587,-1.0791321,4.149808,101439.69,,0.0,6.5,80.0
2026-02-01 04:00:00,0.4177704,-1.0578156,4.171744,101448.875,,5.722046e-06,6.5,80.0
2026-02-01 05:00:00,0.80270386,-0.8377075,3.9906251,101442.25,,2.4795532e-05,6.5,80.0
2026-02-01 06:00:00,1.1523132,-0.42999268,4.323621,101364.0,,7.200241e-05,6.5,80.0
2026-02-01 07:00:00,2.0226746,-0.0773468,4.98496,101261.0,,5.722046e-06,6.5,80.0
2026-02-01 08:00:00,3.0123138,0.5408783,5.7116566,101174.625,,1.4781952e-05,6.5,80.0
2026-02-01 09:00:00,3.2437744,0.59103394,6.710303,101097.25,,0.00063943863,6.5,80.0
2026-02-01 10:00:00,3.8620758,0.4207306,6.682175,101026.94,,0.0019683838,6.5,80.0
2026-02-01 11:00:00,2.1888428,-0.74464417,5.132196,101061.81,,0.00025367737,6.5,80.0
2026-02-01 12:00:00,-0.03744507,-1.2594452,3.4768403,101144.19,,0.0006170273,6.5,80.0
2026-02-01 13:00:00,-0.98231506,-0.8745117,2.8790543,101213.375,,0.00065898895,6.5,80.0
2026-02-01 14:00:00,-1.0278015,-0.7463074,3.616804,101263.94,,0.0004272461,6.5,80.0
2026-02-01 15:00:00,-1.1217804,-0.33895874,4.1917825,101328.94,,0.0002670288,6.5,80.0
2026-02-01 16:00:00,-1.1673737,0.2136383,4.0006313,101374.19,,4.7683716e-06,6.5,80.0
2026-02-01 17:00:00,-1.2254791,0.64826965,3.5675535,101354.875,,9.536743e-07,6.5,80.0
2026-02-01 18:00:00,-0.9225311,0.7617035,2.8958912,101327.0,,9.536743e-07,6.5,80.0
2026-02-01 19:00:00,-0.39476013,0.48895264,2.1095948,101282.5,,9.536743e-07,6.5,80.0
2026-02-01 20:00:00,-0.26411438,-0.2011261,1.8458686,101203.125,,0.0,6.5,80.0
2026-02-01 21:00:00,-0.12637329,-0.9649811,1.9342376,101135.375,,4.7683716e-07,6.5,80.0
2026-02-01 22:00:00,0.05607605,-1.351654,2.7241359,101102.125,,5.2452087e-06,6.5,80.0
2026-02-01 23:00:00,0.3786621,-1.9473419,3.2516592,101105.69,,8.106232e-06,6.5,80.0
2026-02-02 00:00:00,-0.0670166,-2.091629,3.6452422,101155.625,,4.7683716e-07,6.5,80.0
2026-02-02 01:00:00,-0.038909912,-2.4473724,4.0197415,101228.31,,0.0,6.5,80.0
2026-02-02 02:00:00,0.04638672,-2.62323,4.510644,101282.75,,0.0,6.5,80.0
2026-02-02 03:00:00,0.49069214,-3.0726776,5.2654185,101379.06,,0.0,6.5,80.0
2026-02-02 04:00:00,0.70610046,-2.9644012,5.5298085,101411.75,,0.0,6.5,80.0
2026-02-02 05:00:00,0.2684021,-2.7789154,5.335368,101357.75,,1.2397766e-05,6.5,80.0
2026-02-02 06:00:00,0.16482544,-2.1987915,4.883604,101259.375,,5.00679e-05,6.5,80.0
2026-02-02 07:00:00,0.5727997,-1.1715698,4.427524,101158.19,,1.8119812e-05,6.5,80.0
2026-02-02 08:00:00,0.9711304,0.050994873,3.905169,101077.375,,1.7166138e-05,6.5,80.0
2026-02-02 09:00:00,1.2506409,1.0515594,4.1454287,100991.94,,6.151199e-05,6.5,80.0
2026-02-02 10:00:00,0.7347717,0.21328735,4.9092035,100903.25,,0.0014710426,6.5,80.0
2026-02-02 11:00:00,1.0533905,-0.3705597,4.8157134,100917.875,,0.00095176697,6.5,80.0
2026-02-02 12:00:00,0.631897,0.3238678,4.1279273,101038.44,,0.0002450943,6.5,80.0
2026-02-02 13:00:00,-0.36592102,1.1311798,3.1586804,101121.19,,0.0009741783,6.5,80.0
2026-02-02 14:00:00,-0.6691284,2.0347595,3.6826718,101229.375,,0.0008301735,6.5,80.0
2026-02-02 15:00:00,-1.0190277,2.4923096,3.9427226,101327.44,,0.001285553,6.5,80.0
2026-02-02 16:00:00,-0.89938354,2.6230774,3.8628619,101422.375,,0.0013222694,6.5,80.0
2026-02-02 17:00:00,-0.80358887,2.2562103,3.6473475,101439.75,,0.0010581017,6.5,80.0
2026-02-02 18:00:00,-0.7862549,1.7921448,3.2388198,101408.5,,0.0019364357,6.5,80.0
2026-02-02 19:00:00,-0.5011749,1.4440613,4.9622173,101364.94,,0.0026102066,6.5,80.0
2026-02-02 20:00:00,-0.17814636,1.016098,4.377332,101287.31,,0.003209114,6.5,80.0
2026-02-02 21:00:00,-0.008590698,0.604599,3.8357158,101235.06,,0.0059657097,6.5,80.0
2026-02-02 22:00:00,0.0209198,0.79981995,3.4418337,101176.125,,0.009322643,6.5,80.0
2026-02-02 23:00:00,0.7869873,0.9254608,3.666276,101204.5,,0.010822296,6.5,80.0
2026-02-03 00:00:00,0.8864136,0.42034912,3.8015056,101255.875,,0.010075569,6.5,80.0
2026-02-03 01:00:00,0.24810791,-0.51568604,3.5632722,101352.69,,0.006149292,6.5,80.0
2026-02-03 02:00:00,-0.26335144,-1.1496582,2.9278507,101434.56,,0.0031385422,6.5,80.0
2026-02-03 03:00:00,-0.6769409,-1.8634949,3.980311,101508.94,,0.0011334419,6.5,80.0
2026-02-03 04:00:00,-0.78440857,-2.076538,5.1219835,101524.0,,7.104874e-05,6.5,80.0
2026-02-03 05:00:00,0.20832825,-1.430603,5.022745,101497.94,,4.7683716e-07,6.5,80.0
2026-02-03 06:00:00,1.0799103,-1.1407166,4.5303903,101435.56,,3.2901764e-05,6.5,80.0
2026-02-03 07:00:00,1.9783173,-1.2710571,4.5834107,101314.44,,6.0081482e-05,6.5,80.0
2026-02-03 08:00:00,2.4674988,-1.7186127,5.3608894,101227.625,,3.4809113e-05,6.5,80.0
2026-02-03 09:00:00,2.7668457,-2.3257294,5.9827366,101135.19,,9.250641e-05,6.5,80.0
2026-02-03 10:00:00,3.0782166,-2.1714478,6.6644244,101062.06,,1.5735626e-05,6.5,80.0
2026-02-03 11:00:00,2.274704,-2.034027,5.8505726,101086.0,,0.00015497208,6.5,80.0
2026-02-03 12:00:00,1.7490082,-1.7246704,4.752207,101101.31,,2.3841858e-06,6.5,80.0
2026-02-03 13:00:00,0.819397,-1.5343933,4.3812027,101199.69,,3.33786e-06,6.5,80.0
2026-02-03 14:00:00,-0.44389343,-0.65200806,3.420054,101258.875,,4.7683716e-06,6.5,80.0
2026-02-03 15:00:00,-1.7103424,0.37493896,2.526041,101338.75,,4.7683716e-07,6.5,80.0
2026-02-03 16:00:00,-1.8257294,0.9151764,2.6176455,101353.19,,0.0,6.5,80.0
2026-02-03 17:00:00,-1.7225342,1.0701141,3.1587398,101373.94,,0.0,6.5,80.0
2026-02-03 18:00:00,-1.7922974,1.2825317,3.590456,101338.75,,0.0,6.5,80.0
2026-02-03 19:00:00,-1.8634338,0.99028015,3.6856332,101292.375,,4.7683716e-07,6.5,80.0
2026-02-03 20:00:00,-1.7714539,0.63098145,3.3355315,101229.25,,0.0,6.5,80.0
2026-02-03 21:00:00,-0.8757324,-0.055267334,2.9118686,101148.5,,0.0,6.5,80.0
2026-02-03 22:00:00,-0.4547119,-1.5406036,2.5548494,101102.56,,0.0,6.5,80.0
2026-02-03 23:00:00,0.22138977,-1.9723358,2.6085517,101119.56,,0.0,6.5,80.0
2026-02-04 00:00:00,0.6164398,-2.3121033,3.3225827,101148.19,,0.0,6.5,80.0
2026-02-04 01:00:00,0.78201294,-2.9456177,3.9454055,101268.125,,0.0,6.5,80.0
2026-02-04 02:00:00,0.7458801,-3.1326294,4.714106,101332.875,,0.0,6.5,80.0
2026-02-04 03:00:00,0.49331665,-3.2077637,5.383232,101396.06,,0.0,6.5,80.0
2026-02-04 04:00:00,0.09739685,-2.6304474,5.521245,101461.25,,0.0,6.5,80.0
2026-02-04 05:00:00,0.15457153,-1.8774872,5.2697268,101389.31,,0.0,6.5,80.0
2026-02-04 06:00:00,0.5523224,-1.2463684,4.8057427,101344.125,,0.0,6.5,80.0
2026-02-04 07:00:00,1.1708832,-0.74417114,4.245861,101225.75,,5.2452087e-06,6.5,80.0
2026-02-04 08:00:00,1.6685181,-0.36528015,3.9701562,101144.56,,1.9073486e-06,6.5,80.0
2026-02-04 09:00:00,1.47406,0.26405334,4.182236,101055.875,,5.722046e-06,6.5,80.0
2026-02-04 10:00:00,0.4610138,-0.37808228,4.3294497,100964.875,,1.9073486e-06,6.5,80.0
2026-02-04 11:00:00,-0.16429138,0.033996582,5.015673,101005.5,,8.1539154e-05,6.5,80.0
2026-02-04 12:00:00,-0.45809937,0.25914,4.6616497,101054.56,,0.00029087067,6.5,80.0
2026-02-04 13:00:00,-1.0658722,1.1963196,4.3022866,101100.875,,0.0013875961,6.5,80.0
2026-02-04 14:00:00,-1.0463867,1.9310303,4.046035,101184.125,,0.00012207031,6.5,80.0
2026-02-04 15:00:00,-0.2787323,2.0741577,3.81142,101283.75,,1.859665e-05,6.5,80.0
2026-02-04 16:00:00,0.41410828,2.078003,3.0828772,101351.69,,1.9550323e-05,6.5,80.0
2026-02-04 17:00:00,0.7133484,1.3900757,2.595774,101321.25,,1.9073486e-06,6.5,80.0
2026-02-04 18:00:00,1.2379608,0.32989502,2.1634622,101326.31,,0.0,6.5,80.0
2026-02-04 19:00:00,1.0727386,-0.5292816,2.673565,101255.81,,0.000113487244,6.5,80.0
2026-02-04 20:00:00,0.42399597,-1.1487274,2.280257,101181.75,,0.00013589859,6.5,80.0
2026-02-04 21:00:00,-0.04512024,-1.4489594,1.7990012,101109.375,,1.1920929e-05,6.5,80.0
2026-02-04 22:00:00,-0.27514648,-1.4254303,2.4351666,101064.25,,2.3841858e-06,6.5,80.0
2026-02-04 23:00:00,-0.6985626,-1.2760773,2.9437137,101090.06,,1.9073486e-06,6.5,80.0
2026-02-05 00:00:00,-0.9763794,-1.0868378,3.3272595,101109.94,,3.528595e-05,6.5,80.0
2026-02-05 01:00:00,-0.96728516,-0.9530792,3.1722922,101186.875,,4.2915344e-06,6.5,80.0
2026-02-05 02:00:00,-0.8436127,-0.74468994,3.6207662,101308.375,,4.7683716e-07,6.5,80.0
2026-02-05 03:00:00,-0.5693054,-0.5657196,3.5988107,101407.5,,2.861023e-06,6.5,80.0
2026-02-05 04:00:00,-0.04673767,-0.09529114,3.2956095,101474.125,,2.861023e-06,6.5,80.0
2026-02-05 05:00:00,0.65652466,0.28427124,3.085108,101466.94,,9.059906e-06,6.5,80.0
2026-02-05 06:00:00,1.1630554,0.54756165,3.3781908,101395.94,,1.5735626e-05,6.5,80.0
2026-02-05 07:00:00,1.9197388,0.8847656,4.215224,101297.19,,2.2888184e-05,6.5,80.0
2026-02-05 08:00:00,1.7766876,1.3635712,5.4658666,101229.06,,6.1035156e-05,6.5,80.0
2026-02-05 09:00:00,1.8306732,1.2095184,5.736187,101150.06,,0.00046300888,6.5,80.0
2026-02-05 10:00:00,1.3185425,3.029068,5.1389565,101110.875,,0.0017871857,6.5,80.0
2026-02-05 11:00:00,0.75561523,2.436142,4.7663016,101135.375,,0.00020217896,6.5,80.0
2026-02-05 12:00:00,0.15010071,1.6276855,4.1322412,101248.125,,0.0002861023,6.5,80.0
2026-02-05 13:00:00,-0.3344574,0.7364197,3.7653663,101296.625,,0.00017356873,6.5,80.0
2026-02-05 14:00:00,-0.565155,-0.52793884,4.320457,101352.44,,0.00010585785,6.5,80.0
2026-02-05 15:00:00,-0.7836151,-1.0983734,3.121759,101440.94,,6.389618e-05,6.5,80.0
2026-02-05 16:00:00,-0.33924866,-1.1582184,2.9389832,101461.31,,4.7683716e-06,6.5,80.0
2026-02-05 17:00:00,-1.0066681,-1.1410217,2.3388975,101457.19,,0.0,6.5,80.0
2026-02-05 18:00:00,-1.2051544,-1.0228577,2.12502,101440.25,,0.0,6.5,80.0
2026-02-05 19:00:00,-0.80410767,-1.0232544,2.6547396,101395.875,,3.1471252e-05,6.5,80.0
2026-02-05 20:00:00,-0.030517578,-1.3919678,3.0208297,101288.69,,3.6239624e-05,6.5,80.0
2026-02-05 21:00:00,0.5897827,-2.1175842,3.7245967,101233.94,,0.00014591217,6.5,80.0
2026-02-05 22:00:00,-0.8211365,-1.461731,3.3092725,101204.44,,0.00027132034,6.5,80.0
2026-02-05 23:00:00,-0.9337921,-1.2087402,3.7918282,101198.31,,0.00017023087,6.5,80.0
2026-02-06 00:00:00,-1.1586151,-1.1998138,4.445,101206.69,,5.340576e-05,6.5,80.0
2026-02-06 01:00:00,-1.0855255,-1.6222229,4.5257497,101295.44,,4.4822693e-05,6.5,80.0
2026-02-06 02:00:00,-1.1792755,-2.0453644,4.8663845,101402.0,,3.33786e-05,6.5,80.0
2026-02-06 03:00:00,-0.96591187,-1.90625,4.641738,101473.69,,2.6226044e-05,6.5,80.0
2026-02-06 04:00:00,-0.6520233,-1.9261627,4.5078754,101505.25,,1.7166138e-05,6.5,80.0
2026-02-06 05:00:00,-0.36224365,-1.3400879,4.004282,101495.81,,1.9073486e-06,6.5,80.0
2026-02-06 06:00:00,0.08691406,-0.6602783,3.730139,101447.69,,1.1920929e-05,6.5,80.0
2026-02-06 07:00:00,0.8050537,0.58654785,3.0697572,101340.56,,4.386902e-05,6.5,80.0
2026-02-06 08:00:00,1.3162842,0.38139343,3.7728508,101226.06,,8.201599e-05,6.5,80.0
2026-02-06 09:00:00,0.89338684,0.85510254,3.9688077,101149.125,,0.00013065338,6.5,80.0
2026-02-06 10:00:00,-0.6807251,0.06474304,4.059222,101144.25,,6.2942505e-05,6.5,80.0
2026-02-06 11:00:00,-1.0402222,0.6063843,3.8388846,101145.625,,5.1498413e-05,6.5,80.0
2026-02-06 12:00:00,-0.028686523,1.3548889,2.425681,101175.375,,2.0980835e-05,6.5,80.0
2026-02-06 13:00:00,0.4983368,1.3764648,1.3960006,101177.25,,1.9073486e-06,6.5,80.0
2026-02-06 14:00:00,0.49949646,1.143753,1.4414506,101211.75,,0.0,6.5,80.0
2026-02-06 15:00:00,0.433136,1.0737152,1.7085776,101297.5,,0.0,6.5,80.0
2026-02-06 16:00:00,0.1078949,1.2021942,2.0589013,101374.19,,0.0,6.5,80.0
2026-02-06 17:00:00,0.071777344,1.4442749,2.3605406,101366.75,,0.0,6.5,80.0
2026-02-06 18:00:00,0.35569763,1.3593445,2.5688207,101348.69,,1.4305115e-06,6.5,80.0
2026-02-06 19:00:00,0.6118927,0.8439331,3.0741582,101305.125,,0.00017786026,6.5,80.0
2026-02-06 20:00:00,0.8722687,0.07670593,2.8753743,101249.25,,0.00026655197,6.5,80.0
2026-02-06 21:00:00,0.93170166,-1.0013733,2.623373,101173.0,,0.0001320839,6.5,80.0
2026-02-06 22:00:00,0.8731537,-1.252533,2.9178557,101144.56,,5.7697296e-05,6.5,80.0
2026-02-06 23:00:00,-0.22744751,-1.5353546,3.0703664,101127.25,,2.527237e-05,6.5,80.0
2026-02-07 00:00:00,-0.9697418,-1.6971588,3.4040575,101160.125,,1.04904175e-05,6.5,80.0
2026-02-07 01:00:00,-0.9450226,-2.1364746,3.942875,101234.69,,2.861023e-06,6.5,80.0
2026-02-07 02:00:00,-0.7305145,-2.7541351,4.938302,101311.94,,2.3841858e-06,6.5,80.0
2026-02-07 03:00:00,-0.8936157,-2.9302979,5.6247153,101398.125,,0.0,6.5,80.0
2026-02-07 04:00:00,-0.982193,-2.6378784,5.7151356,101450.125,,0.0,6.5,80.0
2026-02-07 05:00:00,-0.7171936,-2.3384857,5.230486,101413.31,,0.0,6.5,80.0
2026-02-07 06:00:00,-0.13157654,-1.9302521,4.486162,101307.81,,7.6293945e-06,6.5,80.0
2026-02-07 07:00:00,0.6529083,-1.7004547,4.1488657,101190.06,,8.106232e-06,6.5,80.0
2026-02-07 08:00:00,1.0761566,-1.3424835,3.840153,101080.25,,1.001358e-05,6.5,80.0
2026-02-07 09:00:00,1.355957,-1.1726227,3.7312531,100998.5,,3.0040741e-05,6.5,80.0
2026-02-07 10:00:00,1.3784485,-1.2206726,3.6772223,100935.81,,0.001970768,6.5,80.0
2026-02-07 11:00:00,-0.21438599,-1.2014618,4.174445,100910.81,,0.0037794113,6.5,80.0
2026-02-07 12:00:00,-0.46644592,-0.4690094,5.7679443,100981.125,,0.001229763,6.5,80.0
2026-02-07 13:00:00,-0.3972931,-0.05303955,4.7164097,101042.125,,6.771088e-05,6.5,80.0
2026-02-07 14:00:00,-0.4150238,0.06555176,4.6355014,101119.31,,7.1525574e-06,6.5,80.0
2026-02-07 15:00:00,-0.64656067,0.2665558,4.5120826,101224.81,,0.0,6.5,80.0
2026-02-07 16:00:00,-0.7398529,0.4480896,3.663827,101294.44,,0.0,6.5,80.0
2026-02-07 17:00:00,-0.6920929,0.22166443,2.627119,101286.31,,0.0,6.5,80.0
2026-02-07 18:00:00,-0.15351868,-0.80548096,2.7240486,101219.0,,0.0,6.5,80.0
2026-02-07 19:00:00,0.24603271,-1.7446289,2.661631,101185.81,,5.722046e-06,6.5,80.0
2026-02-07 20:00:00,0.57492065,-2.9712982,4.385633,101109.81,,1.9073486e-06,6.5,80.0
2026-02-07 21:00:00,0.62794495,-3.8326416,5.944633,101047.69,,0.0,6.5,80.0
2026-02-07 22:00:00,0.62231445,-4.9720764,6.7535,101015.75,,0.0,6.5,80.0
2026-02-07 23:00:00,-0.29571533,-4.6306763,6.699612,101001.375,,9.536743e-07,6.5,80.0
2026-02-08 00:00:00,-0.9544525,-3.787262,6.378762,101043.81,,1.9073486e-06,6.5,80.0
2026-02-08 01:00:00,-1.4732666,-2.787674,5.853625,101143.44,,1.4305115e-06,6.5,80.0
2026-02-08 02:00:00,-1.7775726,-2.1013794,5.294822,101188.94,,1.4305115e-06,6.5,80.0
2026-02-08 03:00:00,-1.8085632,-1.7083588,5.2432723,101317.44,,1.4305115e-06,6.5,80.0
2026-02-08 04:00:00,-1.7043304,-0.72706604,5.069424,101338.0,,1.9073486e-06,6.5,80.0
2026-02-08 05:00:00,-1.0983887,0.32862854,4.459494,101330.69,,1.7166138e-05,6.5,80.0
2026-02-08 06:00:00,-0.04585266,0.85931396,3.2726002,101249.5,,4.1484833e-05,6.5,80.0
2026-02-08 07:00:00,0.94055176,0.8851776,3.0651991,101160.875,,4.2915344e-06,6.5,80.0
2026-02-08 08:00:00,1.416626,0.50909424,3.6950977,101030.56,,0.0,6.5,80.0
2026-02-08 09:00:00,1.8635254,0.9707489,4.375924,100959.06,,0.0,6.5,80.0
2026-02-08 10:00:00,2.4781494,0.03515625,4.7297306,100845.125,,2.3841858e-06,6.5,80.0
2026-02-08 11:00:00,1.7236481,0.65904236,4.96814,100808.375,,4.7683716e-07,6.5,80.0
2026-02-08 12:00:00,1.2913513,1.9993744,5.0615864,100875.0,,4.7683716e-07,6.5,80.0
2026-02-08 13:00:00,1.45784,3.0696106,5.429494,100943.0,,6.198883e-06,6.5,80.0
2026-02-08 14:00:00,1.9941559,3.603485,5.665364,101040.44,,1.9073486e-06,6.5,80.0
2026-02-08 15:00:00,2.163391,3.3764343,5.664949,101112.44,,9.536743e-07,6.5,80.0
2026-02-08 16:00:00,1.9817963,2.6954346,5.0832767,101186.31,,4.7683716e-07,6.5,80.0
2026-02-08 17:00:00,1.6172028,1.9806976,4.201982,101177.125,,4.7683716e-06,6.5,80.0
2026-02-08 18:00:00,1.3633423,0.96603394,3.8137324,101152.125,,3.2424927e-05,6.5,80.0
2026-02-08 19:00:00,1.4161072,-0.45387268,3.9712744,101126.875,,0.00016307831,6.5,80.0
2026-02-08 20:00:00,1.111618,-2.077118,4.0769296,101080.06,,0.000108242035,6.5,80.0
2026-02-08 21:00:00,0.5721283,-3.4802246,5.393572,101048.75,,4.1484833e-05,6.5,80.0
2026-02-08 22:00:00,0.29153442,-1.9164734,6.6606183,101038.875,,1.2874603e-05,6.5,80.0
2026-02-08 23:00:00,0.12081909,-1.0966644,7.2477884,101031.69,,4.7683716e-06,6.5,80.0
2026-02-09 00:00:00,-0.07550049,-0.68226624,7.1263323,101080.0,,0.0,6.5,80.0
2026-02-09 01:00:00,-0.49641418,-1.0806732,6.810468,101189.375,,0.0,6.5,80.0
2026-02-09 02:00:00,-0.54512024,-1.7784424,6.381081,101272.375,,0.0,6.5,80.0
2026-02-09 03:00:00,-0.6898651,-1.9377747,6.2567873,101375.44,,0.0,6.5,80.0
2026-02-09 04:00:00,-0.77415466,-1.9402618,6.0586653,101451.19,,0.0,6.5,80.0
2026-02-09 05:00:00,-0.6418915,-2.165268,5.7877507,101428.375,,0.0,6.5,80.0
2026-02-09 06:00:00,-0.6634674,-2.5632324,5.7630763,101336.19,,0.0,6.5,80.0
2026-02-09 07:00:00,-0.82528687,-2.6304321,5.469956,101234.25,,9.536743e-07,6.5,80.0
2026-02-09 08:00:00,-0.5960083,-2.4461823,5.4455595,101072.19,,0.0,6.5,80.0
2026-02-09 09:00:00,-0.08886719,-1.949585,4.9605002,100998.19,,0.0,6.5,80.0
2026-02-09 10:00:00,1.7112122,-3.0591278,4.111604,100909.0,,0.0,6.5,80.0
2026-02-09 11:00:00,1.7375183,-3.098816,4.100714,100886.375,,0.0,6.5,80.0
2026-02-09 12:00:00,1.7843933,-2.4811401,4.3935103,100937.625,,0.0,6.5,80.0
2026-02-09 13:00:00,1.7823181,-2.4590607,4.108305,101003.375,,0.0,6.5,80.0
2026-02-09 14:00:00,1.1997375,-2.4035492,4.3851066,101074.75,,0.0,6.5,80.0
2026-02-09 15:00:00,0.32766724,-2.3755035,4.380783,101198.0,,0.0,6.5,80.0
2026-02-09 16:00:00,-0.56192017,-2.6271667,4.114702,101254.81,,0.0,6.5,80.0
2026-02-09 17:00:00,-1.1246948,-2.810608,3.909923,101275.81,,0.0,6.5,80.0
2026-02-09 18:00:00,-1.446579,-2.8236847,3.7443879,101265.625,,4.7683716e-07,6.5,80.0
2026-02-09 19:00:00,-1.3544922,-2.788437,4.6130075,101245.81,,1.9073486e-05,6.5,80.0
2026-02-09 20:00:00,-1.0783997,-2.852356,4.684342,101187.81,,3.2424927e-05,6.5,80.0
2026-02-09 21:00:00,-0.8514862,-3.0386658,4.8860335,101117.69,,1.9073486e-06,6.5,80.0
2026-02-09 22:00:00,-0.49302673,-4.0060883,5.177761,101060.06,,0.0,6.5,80.0
2026-02-09 23:00:00,-1.0146942,-3.7541656,5.371911,101068.875,,0.0,6.5,80.0
2026-02-10 00:00:00,-0.8824768,-3.4680023,5.554599,101089.56,,0.0,6.5,80.0
2026-02-10 01:00:00,-1.1195984,-3.2696686,5.5469193,101191.375,,0.0,6.5,80.0
2026-02-10 02:00:00,-0.8846741,-2.4376526,5.275303,101327.375,,0.0,6.5,80.0
2026-02-10 03:00:00,-0.20835876,-2.025772,5.1107974,101394.75,,0.0,6.5,80.0
2026-02-10 04:00:00,0.25561523,-2.4075317,5.187724,101400.5,,0.0,6.5,80.0
2026-02-10 05:00:00,0.21342468,-2.323059,5.1023645,101405.44,,0.0,6.5,80.0
2026-02-10 06:00:00,0.2571869,-1.763443,4.871527,101358.5,,0.0,6.5,80.0
2026-02-10 07:00:00,0.7055664,-1.4654846,4.18258,101248.5,,0.0,6.5,80.0
2026-02-10 08:00:00,0.8383789,-1.0873566,3.8434272,101135.125,,0.0,6.5,80.0
2026-02-10 09:00:00,0.8969269,0.06384277,3.2358823,101079.875,,0.0,6.5,80.0
2026-02-10 10:00:00,1.1254578,0.25698853,3.6924539,100961.69,,0.0,6.5,80.0
2026-02-10 11:00:00,1.4147644,1.0411377,5.2535915,100966.69,,0.0,6.5,80.0
2026-02-10 12:00:00,1.2899017,2.1431885,6.101875,101070.25,,0.0,6.5,80.0
2026-02-10 13:00:00,0.71118164,3.0563507,6.5897636,101186.56,,0.0,6.5,80.0
2026-02-10 14:00:00,0.328537,3.8259735,6.159145,101271.25,,4.7683716e-07,6.5,80.0
2026-02-10 15:00:00,0.47647095,3.8304596,6.685431,101371.94,,0.0,6.5,80.0
2026-02-10 16:00:00,0.35180664,3.749298,6.5045033,101440.5,,0.0,6.5,80.0
2026-02-10 17:00:00,0.32034302,3.0651855,5.8703246,101457.94,,2.3841858e-06,6.5,80.0
2026-02-10 18:00:00,0.51989746,2.7928314,5.3891134,101424.625,,5.7697296e-05,6.5,80.0
2026-02-10 19:00:00,0.22892761,2.3236542,4.01006,101356.125,,0.00014591217,6.5,80.0
2026-02-10 20:00:00,0.27748108,1.0067902,3.4507835,101272.25,,0.00015354156,6.5,80.0
2026-02-10 21:00:00,0.4216156,0.07292175,3.3394952,101211.56,,0.00011396408,6.5,80.0
2026-02-10 22:00:00,-0.11618042,-0.6939087,3.9223769,101140.56,,8.6307526e-05,6.5,80.0
2026-02-10 23:00:00,-0.25416565,-0.69869995,4.120329,101138.75,,3.71933e-05,6.5,80.0
2026-02-11 00:00:00,-0.61676025,-0.6930237,5.1330066,101206.81,,8.583069e-06,6.5,80.0
2026-02-11 01:00:00,-0.11280823,-1.0392151,5.6257043,101310.69,,4.7683716e-07,6.5,80.0
2026-02-11 02:00:00,0.13677979,-1.8346405,6.2735853,101404.19,,0.0,6.5,80.0
2026-02-11 03:00:00,-0.032073975,-2.5489044,6.513859,101497.75,,0.0,6.5,80.0
2026-02-11 04:00:00,-0.28848267,-3.3188019,6.390194,101536.31,,0.0,6.5,80.0
2026-02-11 05:00:00,-0.6230469,-2.9502716,6.577109,101511.81,,0.0,6.5,80.0
2026-02-11 06:00:00,-0.050216675,-2.499939,6.5554233,101413.69,,0.0,6.5,80.0
2026-02-11 07:00:00,0.35820007,-1.8029175,4.7205544,101291.0,,3.7670135e-05,6.5,80.0
2026-02-11 08:00:00,1.1065521,-0.6973419,4.059194,101163.75,,5.6743622e-05,6.5,80.0
2026-02-11 09:00:00,1.4949646,-0.018112183,3.346615,101067.19,,2.4795532e-05,6.5,80.0
2026-02-11 10:00:00,2.708374,-0.2035675,4.048842,101047.44,,4.196167e-05,6.5,80.0
2026-02-11 11:00:00,2.902237,-0.47070312,5.2809525,101042.125,,1.4781952e-05,6.5,80.0
2026-02-11 12:00:00,2.6485138,-0.64945984,5.3899517,101122.31,,0.0,6.5,80.0
2026-02-11 13:00:00,2.0473785,-0.7411194,4.8858056,101159.69,,0.0,6.5,80.0
2026-02-11 14:00:00,1.3602753,0.07928467,4.425383,101228.375,,0.0,6.5,80.0
2026-02-11 15:00:00,0.6331482,1.0018921,3.9609058,101336.75,,0.0,6.5,80.0
2026-02-11 16:00:00,0.027542114,1.2306976,3.2146773,101375.75,,0.0,6.5,80.0
2026-02-11 17:00:00,-0.31648254,1.3181,2.7524562,101378.625,,0.0,6.5,80.0
2026-02-11 18:00:00,-0.58691406,0.97698975,2.3724039,101344.31,,0.0,6.5,80.0
2026-02-11 19:00:00,-0.6776886,0.10101318,2.5210886,101312.75,,1.9073486e-06,6.5,80.0
2026-02-11 20:00:00,-0.53274536,-0.7802582,2.3267612,101238.19,,1.9073486e-06,6.5,80.0
2026-02-11 21:00:00,-0.60621643,-1.8725739,2.381567,101162.19,,2.3841858e-06,6.5,80.0
2026-02-11 22:00:00,-0.42895508,-2.572998,3.8953245,101156.375,,2.3841858e-06,6.5,80.0
2026-02-11 23:00:00,-0.7858124,-3.5121918,5.0207834,101148.56,,0.0,6.5,80.0
2026-02-12 00:00:00,-1.2242737,-3.9222565,5.484663,101150.19,,0.0,6.5,80.0
2026-02-12 01:00:00,-0.90122986,-3.9434814,5.554283,101201.375,,0.0,6.5,80.0
2026-02-12 02:00:00,-0.6772003,-4.150467,5.6372027,101273.0,,0.0,6.5,80.0
2026-02-12 03:00:00,-0.25532532,-4.3086243,5.9202757,101335.875,,0.0,6.5,80.0
2026-02-12 04:00:00,-0.072265625,-4.268921,5.765065,101355.125,,0.0,6.5,80.0
2026-02-12 05:00:00,-0.08415222,-3.8751068,5.442476,101347.06,,0.0,6.5,80.0
2026-02-12 06:00:00,0.11164856,-3.0790405,4.964072,101273.94,,0.0,6.5,80.0
2026-02-12 07:00:00,0.32754517,-1.8473816,5.094082,101157.44,,0.0,6.5,80.0
2026-02-12 08:00:00,0.80404663,-0.5866394,3.728789,101061.625,,1.4305115e-06,6.5,80.0
2026-02-12 09:00:00,1.8769073,-0.35723877,4.2173495,100963.75,,4.2915344e-06,6.5,80.0
2026-02-12 10:00:00,3.1733856,-2.8642273,5.0213203,100893.81,,7.6293945e-06,6.5,80.0
2026-02-12 11:00:00,1.9008026,-3.3499298,4.999188,100898.06,,0.00040721893,6.5,80.0
2026-02-12 12:00:00,0.9346771,-2.4013062,4.1660123,100927.75,,7.6293945e-06,6.5,80.0
2026-02-12 13:00:00,0.22044373,-1.6096039,5.2133756,101039.19,,9.250641e-05,6.5,80.0
2026-02-12 14:00:00,-0.3318634,-1.2178345,4.90316,101138.19,,9.346008e-05,6.5,80.0
2026-02-12 15:00:00,-1.331955,-0.5117798,4.649235,101212.31,,2.2888184e-05,6.5,80.0
2026-02-12 16:00:00,-2.0912933,0.83540344,4.246074,101301.75,,1.9073486e-05,6.5,80.0
2026-02-12 17:00:00,-1.8723297,1.7654877,3.5164998,101321.19,,1.4305115e-05,6.5,80.0
2026-02-12 18:00:00,-1.3315277,1.6413116,3.190497,101283.0,,1.04904175e-05,6.5,80.0
2026-02-12 19:00:00,-1.2953491,1.0408783,3.724501,101227.31,,0.00015544891,6.5,80.0
2026-02-12 20:00:00,-0.9862366,-0.05307007,3.6697588,101171.94,,0.00023651123,6.5,80.0
2026-02-12 21:00:00,-0.8096466,-0.8983002,2.762519,101103.31,,0.00011444092,6.5,80.0
2026-02-12 22:00:00,-1.1223907,-0.23605347,2.7931478,101027.19,,0.00011253357,6.5,80.0
2026-02-12 23:00:00,-1.0388336,-0.5612793,3.2054596,101050.94,,3.2424927e-05,6.5,80.0
2026-02-13 00:00:00,-1.3428955,-1.1957245,3.8189964,101087.06,,3.8146973e-06,6.5,80.0
2026-02-13 01:00:00,-1.4681702,-1.8365784,4.628382,101188.94,,1.4305115e-06,6.5,80.0
2026-02-13 02:00:00,-1.4029388,-2.300415,5.715261,101236.31,,4.7683716e-07,6.5,80.0
2026-02-13 03:00:00,-1.2523346,-2.5036469,6.4136415,101282.31,,4.7683716e-07,6.5,80.0
2026-02-13 04:00:00,-1.0956573,-2.1150818,6.4166327,101331.31,,0.0,6.5,80.0
2026-02-13 05:00:00,-0.8504486,-1.4884186,6.356057,101287.69,,4.7683716e-07,6.5,80.0
2026-02-13 06:00:00,-0.122299194,-0.7142639,5.8035364,101197.44,,1.5258789e-05,6.5,80.0
2026-02-13 07:00:00,0.96084595,0.18409729,4.024979,101076.19,,4.7683716e-07,6.5,80.0
2026-02-13 08:00:00,2.082199,0.9739227,4.991121,100985.31,,9.536743e-07,6.5,80.0
2026-02-13 09:00:00,2.613449,1.6672058,6.1268573,100877.94,,2.4795532e-05,6.5,80.0
2026-02-13 10:00:00,1.7303925,-0.058029175,6.3392186,100841.5,,0.0014691353,6.5,80.0
2026-02-13 11:00:00,0.78982544,0.6521454,6.425244,100844.0,,0.00010061264,6.5,80.0
2026-02-13 12:00:00,0.81274414,1.9060974,5.308264,100883.56,,8.4877014e-05,6.5,80.0
2026-02-13 13:00:00,0.66752625,2.4195862,4.330694,100944.625,,1.2874603e-05,6.5,80.0
2026-02-13 14:00:00,0.43006897,2.7099304,4.582113,101030.56,,9.536743e-07,6.5,80.0
2026-02-13 15:00:00,-0.24484253,2.7678223,4.519502,101075.56,,0.0,6.5,80.0
2026-02-13 16:00:00,-0.51652527,2.82518,3.7198703,101192.06,,0.0,6.5,80.0
2026-02-13 17:00:00,-0.5261841,2.6198273,3.187908,101166.56,,0.0,6.5,80.0
2026-02-13 18:00:00,-0.36904907,2.4307861,3.5623045,101167.56,,3.71933e-05,6.5,80.0
2026-02-13 19:00:00,0.26890564,2.3688965,3.7935514,101079.56,,0.00040388107,6.5,80.0
2026-02-13 20:00:00,0.7603607,1.3461609,3.3820856,101061.625,,0.0009756088,6.5,80.0
2026-02-13 21:00:00,0.6183624,0.5579529,2.7567806,100983.56,,0.0011796951,6.5,80.0
2026-02-13 22:00:00,0.32836914,-0.49858093,2.427353,100949.31,,0.0004196167,6.5,80.0
2026-02-13 23:00:00,0.42578125,-1.4812775,3.0678465,100944.69,,0.00029087067,6.5,80.0
2026-02-14 00:00:00,0.20726013,-2.4396973,3.9650352,100958.25,,0.00014162064,6.5,80.0
2026-02-14 01:00:00,-0.33602905,-2.9226532,4.3491597,101048.94,,1.66893e-05,6.5,80.0
2026-02-14 02:00:00,-0.60246277,-3.1717987,4.826332,101110.0,,1.4305115e-06,6.5,80.0
2026-02-14 03:00:00,-0.59417725,-3.1355286,5.4781,101171.19,,4.7683716e-07,6.5,80.0
2026-02-14 04:00:00,-0.6586151,-2.9535522,5.7453194,101252.44,,4.7683716e-07,6.5,80.0
2026-02-14 05:00:00,-0.37869263,-2.5051727,5.44312,101211.875,,0.0,6.5,80.0
2026-02-14 06:00:00,0.26159668,-1.968811,5.006452,101129.25,,1.001358e-05,6.5,80.0
2026-02-14 07:00:00,1.1841431,-1.417511,4.330639,101029.25,,8.72612e-05,6.5,80.0
2026-02-14 08:00:00,0.8701019,-1.7303314,3.6730893,100932.625,,0.000538826,6.5,80.0
2026-02-14 09:00:00,-0.39822388,-1.2514191,4.2451487,100876.5,,0.00056409836,6.5,80.0
2026-02-14 10:00:00,-0.66329956,-1.2510681,3.5153296,100828.56,,0.0006456375,6.5,80.0
2026-02-14 11:00:00,-0.2665863,-0.8956604,4.1839476,100819.94,,0.0018491745,6.5,80.0
2026-02-14 12:00:00,-0.35813904,0.09913635,3.8108513,100922.25,,0.0003361702,6.5,80.0
2026-02-14 13:00:00,-0.34500122,0.8440552,5.121319,100977.31,,0.0008187294,6.5,80.0
2026-02-14 14:00:00,-0.23046875,0.9349365,5.3306828,101088.125,,0.0021247864,6.5,80.0
2026-02-14 15:00:00,-0.51065063,0.13557434,4.6430774,101136.06,,0.0012669563,6.5,80.0
2026-02-14 16:00:00,-0.83654785,-0.71961975,3.2416582,101209.125,,0.0005059242,6.5,80.0
2026-02-14 17:00:00,-0.84262085,-1.2958069,1.8971133,101163.0,,0.00019598007,6.5,80.0
2026-02-14 18:00:00,-0.83021545,-1.634201,1.743398,101141.125,,0.000187397,6.5,80.0
2026-02-14 19:00:00,-0.6042023,-1.1391907,2.7802474,101085.375,,2.8133392e-05,6.5,80.0
2026-02-14 20:00:00,-0.32791138,-2.0848541,2.9547818,101017.31,,3.4809113e-05,6.5,80.0
2026-02-14 21:00:00,-0.46827698,-2.7215118,3.9130728,100944.31,,3.8146973e-05,6.5,80.0
2026-02-14 22:00:00,-1.4490967,-3.6374054,5.081414,100903.06,,5.4359436e-05,6.5,80.0
2026-02-14 23:00:00,-1.7437439,-3.0334625,5.420662,100915.375,,9.441376e-05,6.5,80.0
2026-02-15 00:00:00,-1.3230743,-2.2845612,5.4934244,100967.44,,8.2969666e-05,6.5,80.0
2026-02-15 01:00:00,-1.2383881,-1.7077942,5.6940393,101065.75,,0.00010442734,6.5,80.0
2026-02-15 02:00:00,-1.4039612,-1.2619171,5.5858574,101139.19,,0.00024318695,6.5,80.0
2026-02-15 03:00:00,-1.0088348,-0.8128052,5.6808596,101221.69,,0.00040864944,6.5,80.0
2026-02-15 04:00:00,-0.7729187,-0.4485321,6.4037,101308.56,,0.00028276443,6.5,80.0
2026-02-15 05:00:00,-0.37513733,-0.03199768,6.9093904,101295.625,,0.0004172325,6.5,80.0
2026-02-15 06:00:00,0.22372437,-0.635025,7.2701235,101253.375,,0.0005607605,6.5,80.0
2026-02-15 07:00:00,0.8731842,-0.8303833,3.0505278,101171.81,,0.00014734268,6.5,80.0
2026-02-15 08:00:00,1.131897,-1.2233734,3.418517,101054.69,,0.00023794174,6.5,80.0
2026-02-15 09:00:00,1.3128967,-1.0905762,3.9085283,100977.125,,0.00011873245,6.5,80.0
2026-02-15 10:00:00,0.18797302,1.0224457,3.755122,100906.375,,0.00011014938,6.5,80.0
2026-02-15 11:00:00,-0.2046814,1.3086243,3.6273599,100940.875,,0.00017786026,6.5,80.0
2026-02-15 12:00:00,-0.49369812,1.2003021,3.393238,100943.69,,0.0005097389,6.5,80.0
2026-02-15 13:00:00,-0.6341095,1.52742,3.4170685,100985.25,,0.0006942749,6.5,80.0
2026-02-15 14:00:00,-0.6247101,1.5921783,3.1685753,101065.25,,0.00058317184,6.5,80.0
2026-02-15 15:00:00,-0.7275696,1.4375,3.110872,101135.69,,0.00043678284,6.5,80.0
2026-02-15 16:00:00,-0.7406006,1.2693329,3.1381497,101205.81,,0.00035715103,6.5,80.0
2026-02-15 17:00:00,-0.71206665,1.2373352,3.3194647,101195.25,,3.4809113e-05,6.5,80.0
2026-02-15 18:00:00,-1.0081024,1.3397217,3.5736642,101185.875,,1.5258789e-05,6.5,80.0
2026-02-15 19:00:00,-1.2536774,1.2176971,2.8695292,101122.0,,1.9073486e-05,6.5,80.0
2026-02-15 20:00:00,-1.2942047,0.5324402,2.6925218,101047.44,,7.1525574e-06,6.5,80.0
2026-02-15 21:00:00,-1.1908417,-0.23001099,2.4060445,100972.31,,4.7683716e-07,6.5,80.0
2026-02-15 22:00:00,-2.01091,-0.3452301,2.2117128,100940.19,,0.0,6.5,80.0
2026-02-15 23:00:00,-1.8411102,-0.023788452,2.335119,100942.625,,0.0,6.5,80.0
2026-02-16 00:00:00,-1.5234528,-0.46505737,2.4779093,100929.125,,0.0,6.5,80.0
2026-02-16 01:00:00,-1.5160675,-1.1135406,2.3071828,100995.5,,0.0,6.5,80.0
2026-02-16 02:00:00,-0.7865143,-1.193634,2.431137,101059.875,,0.0,6.5,80.0
2026-02-16 03:00:00,0.1758728,-1.2802429,2.5016801,101130.625,,0.0,6.5,80.0
2026-02-16 04:00:00,0.80882263,-1.7173462,2.3865993,101174.06,,0.0,6.5,80.0
2026-02-16 05:00:00,1.5512085,-1.5707703,2.808854,101161.75,,0.0,6.5,80.0
2026-02-16 06:00:00,2.1982117,-1.4933014,3.9064994,101099.19,,0.0,6.5,80.0
2026-02-16 07:00:00,2.6876526,-1.5971069,5.1021185,100987.06,,0.0,6.5,80.0
2026-02-16 08:00:00,2.8756714,-1.742569,5.2855167,100862.81,,0.0,6.5,80.0
2026-02-16 09:00:00,2.76474,-1.6818848,5.2121825,100757.75,,0.0,6.5,80.0
2026-02-16 10:00:00,3.0976105,-1.3042145,4.885576,100630.5,,0.0,6.5,80.0
2026-02-16 11:00:00,2.5122833,-0.57328796,4.4323525,100660.69,,0.0,6.5,80.0
2026-02-16 12:00:00,1.1809235,0.003540039,3.8230605,100668.06,,0.0,6.5,80.0
2026-02-16 13:00:00,1.0198364,0.5651245,3.7213483,100714.125,,0.0,6.5,80.0
2026-02-16 14:00:00,0.8528137,0.51802063,3.6168625,100788.75,,0.0,6.5,80.0
2026-02-16 15:00:00,-0.0501709,0.17074585,3.6104517,100902.625,,0.0,6.5,80.0
2026-02-16 16:00:00,-0.57829285,0.06895447,3.622264,100991.31,,0.0,6.5,80.0
2026-02-16 17:00:00,-1.049881,-0.051589966,4.0055723,101032.75,,0.0,6.5,80.0
2026-02-16 18:00:00,-1.2390289,-0.46948242,4.856862,101006.875,,0.0,6.5,80.0
2026-02-16 19:00:00,-1.3605804,-1.2839966,3.2520423,100983.06,,4.7683716e-07,6.5,80.0
2026-02-16 20:00:00,-1.506424,-1.643631,3.5274267,100924.94,,1.4305115e-06,6.5,80.0
2026-02-16 21:00:00,-1.5505676,-1.6173096,3.5234447,100866.31,,1.4305115e-05,6.5,80.0
2026-02-16 22:00:00,-0.72302246,-1.3430481,3.7409873,100770.81,,2.9563904e-05,6.5,80.0
2026-02-16 23:00:00,-0.862381,-1.7093048,4.2161717,100820.0,,0.0001707077,6.5,80.0
2026-02-17 00:00:00,-1.2485962,-2.1953278,4.351585,100880.25,,6.580353e-05,6.5,80.0
2026-02-17 01:00:00,-1.2419891,-2.355301,4.333244,100957.06,,5.9127808e-05,6.5,80.0
2026-02-17 02:00:00,-1.1390228,-2.6115875,4.2384725,101042.125,,1.9073486e-06,6.5,80.0
2026-02-17 03:00:00,-0.88908386,-2.9966125,4.563719,101127.875,,0.0,6.5,80.0
2026-02-17 04:00:00,-0.5269928,-3.3711853,4.418047,101195.75,,0.0,6.5,80.0
2026-02-17 05:00:00,-0.2992401,-3.2246552,4.2355137,101178.875,,0.0,6.5,80.0
2026-02-17 06:00:00,-0.4557495,-3.0885162,4.6149373,101144.875,,0.0,6.5,80.0
2026-02-17 07:00:00,-0.55075073,-3.2560577,5.225855,101045.56,,0.00018978119,6.5,80.0
2026-02-17 08:00:00,-0.56777954,-3.9100494,5.80529,100980.625,,0.00018024445,6.5,80.0
2026-02-17 09:00:00,-0.44483948,-4.488983,6.3647523,100907.375,,0.00027132034,6.5,80.0
2026-02-17 10:00:00,-0.20979309,-4.119385,6.7714815,100805.875,,4.2915344e-05,6.5,80.0
2026-02-17 11:00:00,-0.55537415,-3.7361908,6.5800176,100817.875,,4.7683716e-07,6.5,80.0
2026-02-17 12:00:00,-0.48643494,-3.8393097,7.1082945,100894.875,,0.0,6.5,80.0
2026-02-17 13:00:00,0.6221771,-4.1688995,8.080981,100952.44,,6.67572e-06,6.5,80.0
2026-02-17 14:00:00,1.0569,-4.7670746,8.670358,101027.94,,0.0,6.5,80.0
2026-02-17 15:00:00,1.3467712,-5.231247,10.013803,101087.125,,0.0,6.5,80.0
2026-02-17 16:00:00,1.3612671,-5.300415,10.371111,101139.19,,3.7670135e-05,6.5,80.0
2026-02-17 17:00:00,0.9548645,-5.5223694,10.328227,101116.5,,0.00016880035,6.5,80.0
2026-02-17 18:00:00,0.46209717,-5.5749817,9.858495,101084.25,,5.2452087e-06,6.5,80.0
2026-02-17 19:00:00,-0.16879272,-5.272461,8.110188,101033.25,,0.0,6.5,80.0
2026-02-17 20:00:00,-0.3759308,-5.285614,7.865505,100951.06,,0.0,6.5,80.0
2026-02-17 21:00:00,-0.73983765,-5.151413,7.853338,100866.125,,9.536743e-07,6.5,80.0
2026-02-17 22:00:00,-1.5806427,-3.8590698,7.6206093,100865.19,,5.722046e-06,6.5,80.0
2026-02-17 23:00:00,-1.5927734,-3.165741,6.90202,100877.44,,4.386902e-05,6.5,80.0
2026-02-18 00:00:00,-1.0557251,-2.8425293,6.4716406,100934.125,,5.4836273e-05,6.5,80.0
2026-02-18 01:00:00,-1.1613617,-2.473404,5.770125,101008.19,,8.058548e-05,6.5,80.0
2026-02-18 02:00:00,-1.8423767,-2.5502777,5.8696966,101124.75,,0.00047922134,6.5,80.0
2026-02-18 03:00:00,-1.9459686,-1.690628,6.0106583,101202.44,,0.0006341934,6.5,80.0
2026-02-18 04:00:00,-1.1100922,-1.7489166,6.111161,101245.44,,0.00030183792,6.5,80.0
2026-02-18 05:00:00,-1.0677185,-2.1067047,6.635201,101208.875,,0.00037622452,6.5,80.0
2026-02-18 06:00:00,-1.8066559,-1.9984436,6.7747636,101145.25,,0.00049352646,6.5,80.0
2026-02-18 07:00:00,-1.8269958,-1.9527588,4.749551,101040.375,,0.00013160706,6.5,80.0
2026-02-18 08:00:00,-0.64711,-2.9072418,4.7634425,100926.31,,3.33786e-05,6.5,80.0
2026-02-18 09:00:00,0.4167328,-3.9883575,5.975256,100831.56,,6.246567e-05,6.5,80.0
2026-02-18 10:00:00,1.035553,-3.2275238,7.1358643,100719.5,,4.005432e-05,6.5,80.0
2026-02-18 11:00:00,0.36291504,-3.5725555,7.8843274,100739.5,,3.9100647e-05,6.5,80.0
2026-02-18 12:00:00,-0.6826172,-3.816162,8.058538,100774.31,,3.671646e-05,6.5,80.0
2026-02-18 13:00:00,-1.0813446,-3.4460907,7.6378303,100846.94,,2.2411346e-05,6.5,80.0
2026-02-18 14:00:00,-1.1092834,-3.0963287,7.3942513,100912.25,,5.1021576e-05,6.5,80.0
2026-02-18 15:00:00,-1.0006561,-2.9560852,7.37012,100997.5,,1.4305115e-06,6.5,80.0
2026-02-18 16:00:00,-0.7644806,-2.7400513,7.171226,101073.56,,8.678436e-05,6.5,80.0
2026-02-18 17:00:00,-0.4681244,-2.855072,6.61586,101077.25,,3.33786e-06,6.5,80.0
2026-02-18 18:00:00,-0.83114624,-2.8456116,6.0395246,101061.19,,0.0,6.5,80.0
2026-02-18 19:00:00,-0.91348267,-2.325409,4.322214,101014.375,,4.339218e-05,6.5,80.0
2026-02-18 20:00:00,-0.717926,-2.4190369,3.5248218,100949.19,,1.2874603e-05,6.5,80.0
2026-02-18 21:00:00,-0.71014404,-2.5329742,3.6603634,100912.125,,9.012222e-05,6.5,80.0
2026-02-18 22:00:00,-0.10397339,-0.4355011,3.7703218,100833.125,,1.9073486e-05,6.5,80.0
2026-02-18 23:00:00,-0.57244873,-0.5764313,3.9155474,100852.06,,0.0,6.5,80.0
2026-02-19 00:00:00,-1.2418518,-0.581604,3.7035742,100886.25,,0.0,6.5,80.0
2026-02-19 01:00:00,-1.4031677,-0.49516296,3.4548144,100985.31,,0.0,6.5,80.0
2026-02-19 02:00:00,-0.401886,-0.60453796,3.288059,101050.69,,0.0,6.5,80.0
2026-02-19 03:00:00,0.06619263,-0.74827576,3.0080445,101133.44,,0.0,6.5,80.0
2026-02-19 04:00:00,0.563324,-0.80345154,3.1118753,101146.75,,0.0,6.5,80.0
2026-02-19 05:00:00,0.62435913,-0.9459381,3.3530748,101131.25,,0.0,6.5,80.0
2026-02-19 06:00:00,0.8431854,-1.1686249,3.86666,101036.81,,5.2452087e-06,6.5,80.0
2026-02-19 07:00:00,1.1595459,-0.82862854,4.5605097,100955.19,,5.7697296e-05,6.5,80.0
2026-02-19 08:00:00,1.9206238,-0.5148468,4.695778,100861.56,,4.053116e-05,6.5,80.0
2026-02-19 09:00:00,2.2942505,-0.24263,4.915916,100795.25,,2.9563904e-05,6.5,80.0
2026-02-19 10:00:00,1.7477722,0.24604797,4.8765635,100690.81,,0.0001449585,6.5,80.0
2026-02-19 11:00:00,1.3118896,1.0144806,4.086481,100699.19,,0.0022940636,6.5,80.0
2026-02-19 12:00:00,0.34849548,0.2731018,3.9067168,100810.69,,0.0007829666,6.5,80.0
2026-02-19 13:00:00,-0.6154785,0.84150696,3.341291,100858.875,,0.00030899048,6.5,80.0
2026-02-19 14:00:00,-0.40290833,1.6789093,3.2614722,100974.81,,0.00040340424,6.5,80.0
2026-02-19 15:00:00,0.20175171,1.7828369,3.6805382,101057.56,,0.00065660477,6.5,80.0
2026-02-19 16:00:00,1.0709076,1.1092682,3.5972476,101157.94,,0.00061035156,6.5,80.0
2026-02-19 17:00:00,1.0419922,0.106536865,3.3787584,101214.44,,0.00017738342,6.5,80.0
2026-02-19 18:00:00,0.146698,-0.4902649,1.827912,101205.0,,2.002716e-05,6.5,80.0
2026-02-19 19:00:00,0.121520996,-1.2907104,2.4259815,101153.19,,0.00040531158,6.5,80.0
2026-02-19 20:00:00,-0.49882507,-1.9743805,2.7349033,101061.06,,6.9618225e-05,6.5,80.0
2026-02-19 21:00:00,-0.7700348,-2.308197,3.6430197,100977.375,,9.8228455e-05,6.5,80.0
2026-02-19 22:00:00,-2.009842,-2.6345062,4.6626325,100917.19,,0.00029468536,6.5,80.0
2026-02-19 23:00:00,-1.757721,-1.748703,4.8949556,100877.75,,0.00015449524,6.5,80.0
2026-02-20 00:00:00,-1.1128998,-1.7248688,4.208016,100917.94,,1.8119812e-05,6.5,80.0
2026-02-20 01:00:00,-0.6987915,-1.937088,3.5122259,101010.06,,1.335144e-05,6.5,80.0
2026-02-20 02:00:00,-0.7591858,-1.4986115,3.8301067,101104.75,,2.3841858e-05,6.5,80.0
2026-02-20 03:00:00,-0.90475464,-0.9064026,3.9222386,101185.0,,4.8160553e-05,6.5,80.0
2026-02-20 04:00:00,-0.6237793,0.10786438,3.955878,101261.5,,3.6239624e-05,6.5,80.0
2026-02-20 05:00:00,0.045547485,0.6559601,4.2179365,101241.625,,0.00011634827,6.5,80.0
2026-02-20 06:00:00,0.6522827,0.49572754,4.275647,101166.375,,0.00013256073,6.5,80.0
2026-02-20 07:00:00,1.444931,1.1618652,4.51466,101058.81,,2.193451e-05,6.5,80.0
2026-02-20 08:00:00,2.2403412,1.8120422,5.459997,100940.75,,8.583069e-06,6.5,80.0
2026-02-20 09:00:00,2.298584,1.9721985,5.877332,100861.5,,0.00019454956,6.5,80.0
2026-02-20 10:00:00,2.6373901,0.19961548,5.75898,100767.69,,0.00022935867,6.5,80.0
2026-02-20 11:00:00,2.1220245,-0.45628357,4.546981,100800.81,,0.00013542175,6.5,80.0
2026-02-20 12:00:00,1.5282288,-1.7302856,3.5539556,100893.375,,0.00021505356,6.5,80.0
2026-02-20 13:00:00,0.18460083,-1.9038391,2.1041026,100931.625,,7.724762e-05,6.5,80.0
2026-02-20 14:00:00,-0.27322388,-0.44496155,1.9762436,101013.06,,5.8174133e-05,6.5,80.0
2026-02-20 15:00:00,-0.039489746,0.8371582,3.3989117,101078.81,,0.0005378723,6.5,80.0
2026-02-20 16:00:00,0.060394287,0.6304474,3.8745358,101139.56,,0.000910759,6.5,80.0
2026-02-20 17:00:00,0.13298035,0.26940918,3.937818,101147.19,,0.0009126663,6.5,80.0
2026-02-20 18:00:00,0.22816467,0.55451965,3.876368,101118.25,,0.0012283325,6.5,80.0
2026-02-20 19:00:00,0.16445923,0.89959717,2.0840404,101050.75,,0.0001077652,6.5,80.0
2026-02-20 20:00:00,0.10525513,0.5727539,2.101833,100941.69,,3.0517578e-05,6.5,80.0
2026-02-20 21:00:00,0.39598083,-0.9475403,1.844871,100855.44,,9.536743e-07,6.5,80.0
2026-02-20 22:00:00,0.58818054,-1.6841125,2.7890487,100743.5,,0.0,6.5,80.0
2026-02-20 23:00:00,0.49501038,-2.3154907,3.685986,100778.375,,1.9073486e-06,6.5,80.0
2026-02-21 00:00:00,0.09815979,-1.8553619,3.7026203,100857.875,,2.3841858e-05,6.5,80.0
2026-02-21 01:00:00,-0.3073883,-1.6060486,3.3903594,100924.94,,9.346008e-05,6.5,80.0
2026-02-21 02:00:00,-0.44328308,-2.3283997,3.597009,100983.875,,0.0007610321,6.5,80.0
2026-02-21 03:00:00,-0.6370697,-2.573532,3.841557,101008.0,,0.0002579689,6.5,80.0
2026-02-21 04:00:00,0.108062744,-1.5149231,3.5744162,101078.81,,3.9100647e-05,6.5,80.0
2026-02-21 05:00:00,1.0286255,-0.9500885,3.147856,101059.81,,0.0003142357,6.5,80.0
2026-02-21 06:00:00,1.6126556,-1.1096802,3.0133147,100985.56,,8.4877014e-05,6.5,80.0
2026-02-21 07:00:00,1.9411163,-0.91233826,4.0554214,100902.75,,2.4318695e-05,6.5,80.0
2026-02-21 08:00:00,2.4231567,-0.24523926,4.6225357,100764.94,,0.00012683868,6.5,80.0
2026-02-21 09:00:00,3.0735931,-0.61938477,5.381946,100690.625,,0.0013699532,6.5,80.0
2026-02-21 10:00:00,4.4543457,-1.1035919,5.8285446,100600.625,,0.0016818047,6.5,80.0
2026-02-21 11:00:00,3.0376892,-2.2626038,4.7361608,100655.06,,0.00020456314,6.5,80.0
2026-02-21 12:00:00,2.4536133,-2.1599274,3.027742,100764.56,,0.0010690689,6.5,80.0
2026-02-21 13:00:00,1.8151855,-0.5568695,2.8532279,100839.94,,0.0010204315,6.5,80.0
2026-02-21 14:00:00,1.9684448,0.8622894,2.407174,100924.31,,0.000187397,6.5,80.0
2026-02-21 15:00:00,2.4544525,0.93278503,2.5453105,101036.375,,0.00015258789,6.5,80.0
2026-02-21 16:00:00,1.9481049,0.13641357,2.4708552,101093.44,,0.00013637543,6.5,80.0
2026-02-21 17:00:00,2.1034393,-0.863739,2.3153682,101093.94,,8.201599e-05,6.5,80.0
2026-02-21 18:00:00,1.0352783,-1.4436188,2.6966908,101060.69,,4.4822693e-05,6.5,80.0
2026-02-21 19:00:00,0.38552856,-1.3968201,4.445303,100986.81,,0.0021328926,6.5,80.0
2026-02-21 20:00:00,0.43443298,-0.6774597,4.155202,100890.625,,0.001458168,6.5,80.0
2026-02-21 21:00:00,0.81707764,-0.07354736,3.0491803,100829.0,,0.001054287,6.5,80.0
2026-02-21 22:00:00,-0.9254608,-0.10723877,2.664117,100779.0,,0.0012769699,6.5,80.0
2026-02-21 23:00:00,-0.24829102,-0.42886353,3.203127,100705.19,,0.0013113022,6.5,80.0
