date,t0,t1,t2,t3,t4,t5,t6,t7,t8,t9,t10,t11,t12,t13,t14,t15,t16,t17,t18,t19,t20,t21,t22,t23,t24,t25,t26,t27,t28,t29,t30,t31,t32,t33,t34,t35,t36,t37,t38,t39,t40,t41,t42,t43,t44,t45,t46,t47,t48,t49,t50,t51,t52,t53,t54,t55,t56,t57,t58,t59,t60,t61,t62,t63,t64,t65,t66,t67,t68,t69,t70,t71,t72,t73,t74,t75,t76,t77,t78,t79,t80,t81,t82,t83,t84,t85,t86,t87,t88,t89,t90,t91,t92,t93,t94,t95,t96,t97,t98,t99,u10,v10,fg10,msl,tp,vhm0,vmdr,vtpk,wind_speed,wave_energy,doy_sin,doy_cos,month_sin,month_cos
2012-05-01,0.00028875923578623703,0.00036723236208247923,0.000363548756482767,0.00036626188517594073,0.0003683089635070281,0.0003605902319211058,0.00034725175330697965,0.00034505346855695176,0.00034103013746388796,0.0002940804043833215,0.00025783460051251073,0.00020707032350180388,0.0001512307820006233,0.0001748835544205766,0.00022950100033176956,0.00042014277251455225,0.0004354106544958182,0.00040511810959349654,0.0003340007544733561,0.0002509566814045102,0.0001713094843755278,9.166293232684434e-05,4.5708762835554595e-05,3.204378527333476e-06,-4.1487656316663944e-05,-8.274115698880375e-05,-0.00012197667193556314,-0.00014462734783794325,-0.00017161042922945636,-0.00020370728466272554,-0.00021449199514724887,-0.00021005736842481234,-0.00020818261965669058,-0.0002064115180837499,-0.00020905593895547805,-0.000214162007589835,-0.00021926807622419197,-0.00022102507044722517,-0.00022268958559152512,-0.000227365219271841,-0.00024031762837996632,-0.00025327003748809167,-0.0002657169458002204,-0.00027013343359500006,-0.0002745499213897797,-0.00027896640918455935,-0.0002840707016094261,-0.0002892474154233399,-0.0002940946101997749,-0.00028148816550441734,-0.0002688817208090598,-0.00025757273554809516,-0.0002526207040362516,-0.00024766867252440806,-0.00024735675898844887,-0.000248161966539612,-0.0002489004589903224,-0.00024803168867688577,-0.00024716291836344913,-0.00024034564906874433,-0.0002280395212752783,-0.00021666638812477807,-0.00021311537909172044,-0.0002095643700586628,-0.00020223390591731313,-0.000192395224513418,-0.00018255654310952285,-0.0001725450636573146,-0.00016193497983872957,-0.00015132489602014452,-0.00014075901044225208,-0.0001350478947681595,-0.00012933677909406695,-0.00012362566341997443,-0.00011732920775456884,-0.00010697828583684348,-9.662736391911814e-05,-8.627644200139279e-05,-7.312315799517442e-05,-5.806544922219925e-05,-4.3007740449224074e-05,-2.79500316762489e-05,5.2596275601684685e-06,4.1808006520267355e-05,7.835638548036623e-05,0.00010668924780514822,0.00013337347619405256,0.00016005770458295694,0.0001812093589618536,0.00019919452712917462,0.00021717969529649566,0.00023516486346381667,0.0002457452729762373,0.00025219823804757907,0.00025865120311892087,0.00026510416819026266,0.00027080264102468727,0.0002759809255197561,0.0002811592100148249,0.0005665561913358738,2.8237349125000004,1.5748411875,5.884868287500001,100912.11916666666,2.358357084e-05,1.3112499713897705,230.8662567138672,16.010000228881836,3.233203306616798,1.719376487469674,0.8631421280499114,-0.5049610547215204,0.4999999999999999,-0.8660254037844387
2012-06-01,0.00029042621508395557,0.0003690192221167517,0.00036587977474184083,0.000367343868085078,0.0003666539431076343,0.0003563215898212845,0.00034119248652919436,0.00033596750074253663,0.0003292901455321894,0.0002837386949236931,0.0002473791070391837,0.00019839048799187258,0.00014462067889155813,0.0001607729465105217,0.00020705187100470893,0.0003723031723128101,0.00038380003457153027,0.0003554513998903754,0.0002915004582737098,0.00021931568441909977,0.0001501160585090829,8.216147563661355e-05,4.368772750186369e-05,8.232541402298884e-06,-2.9444089679391254e-05,-6.654800498583447e-05,-0.00010188618278256982,-0.00012286375274266496,-0.0001480433626062971,-0.00017769752475646586,-0.00018876913805268523,-0.00018661354459438402,-0.0001866978443461082,-0.00018767491050701143,-0.00019298952009119157,-0.00020041461910362145,-0.00020775920677461402,-0.00021217335433569828,-0.00021650658270289097,-0.0002224821236890574,-0.0002350750220614202,-0.000247654146902355,-0.00025973612604475823,-0.0002654711069160945,-0.00027189010388251457,-0.00027782519296534053,-0.00028213751640495375,-0.00028651320855998315,-0.0002904766904773641,-0.0002789638677150241,-0.0002674510449526841,-0.0002561881705988737,-0.00025038267189195706,-0.000243443886487757,-0.000240105558469178,-0.00023894050641048805,-0.00023875739674026546,-0.00023716793215141423,-0.00023579531064771875,-0.0002292333265600689,-0.0002181231955667938,-0.0002079424609801834,-0.00020480749651907845,-0.00020178360120151162,-0.00019501755472072548,-0.00018556078634238948,-0.00017690393033182618,-0.00016854933330858528,-0.00015895803036432068,-0.0001487119587796933,-0.00013848466605516957,-0.00013248657774957514,-0.00012664530836869364,-0.00012067139929421141,-0.00011386263966765541,-0.00010355357289261471,-9.3593760129126e-05,-8.306412864775436e-05,-6.915463714634788e-05,-5.305702214393652e-05,-3.6423409230319296e-05,-2.110888556169359e-05,1.009416928305813e-05,4.444468909866673e-05,7.927575954219673e-05,0.000107906614447194,0.00013505778319520783,0.00016131475593381494,0.000182318099515773,0.00019684452585850694,0.00021364751231810143,0.00023198168624953257,0.00024608134766379195,0.0002539296582632175,0.0002586208920838219,0.0002660203400967952,0.0002706878985389484,0.00027510687145600643,0.00028031835011139023,0.0005656284952593913,4.4850552708333336,1.4854927095833332,8.385597729166667,100780.22916666669,0.0003555417097499,2.0762500762939453,235.9949951171875,7.1875,4.724659709720384,4.310814379310614,0.4862727071086899,-0.8738071036110808,1.2246467991473532e-16,-1.0
2012-07-03,0.0002920931943816741,0.00037080608215102416,0.0003682107930009146,0.0003684258509942152,0.00036499892270824044,0.00035205294772146326,0.0003351332197514091,0.00032688153292812156,0.00031755015360049094,0.00027339698546406476,0.00023692361356585665,0.0001897106524819413,0.00013801057578249293,0.00014666233860046682,0.0001846027416776483,0.000324463572111068,0.0003321894146472423,0.0003057846901872542,0.00024900016207406346,0.00018767468743368932,0.00012892263264263802,7.266001894638276e-05,4.166669216817279e-05,1.3260704277264293e-05,-1.7400523042118564e-05,-5.0354852982865194e-05,-8.17956936295765e-05,-0.00010110015764738666,-0.0001244762959831379,-0.00015168776485020619,-0.00016304628095812162,-0.0001631697207639557,-0.00016521306903552582,-0.00016893830293027292,-0.00017692310122690509,-0.00018666723061740785,-0.00019625033732503604,-0.0002033216382241714,-0.00021032357981425683,-0.0002175990281062738,-0.00022983241574287406,-0.00024203825631661838,-0.000253755306289296,-0.00026080878023718895,-0.00026923028637524944,-0.00027668397674612176,-0.00028020433120048147,-0.00028377900169662646,-0.0002868587707549533,-0.00027643956992563085,-0.00026602036909630837,-0.00025480360564965224,-0.00024814463974766256,-0.0002392191004511059,-0.00023285435794990713,-0.0002297190462813641,-0.00022861433449020854,-0.0002263041756259427,-0.00022442770293198836,-0.00021812100405139352,-0.00020820686985830933,-0.00019921853383558872,-0.00019649961394643646,-0.00019400283234436043,-0.0001878012035241378,-0.00017872634817136097,-0.0001712513175541295,-0.00016455360295985596,-0.0001559810808899118,-0.00014609902153924205,-0.00013621032166808702,-0.00012992526073099078,-0.00012395383764332034,-0.00011771713516844839,-0.00011039607158074198,-0.00010012885994838594,-9.056015633913385e-05,-7.985181529411593e-05,-6.518611629752133e-05,-4.80485950656738e-05,-2.983907801141451e-05,-1.4267739447138283e-05,1.4928711005947792e-05,4.708137167706611e-05,8.019513360402723e-05,0.00010912398108923977,0.0001367420901963631,0.00016257180728467295,0.0001834268400696924,0.00019449452458783928,0.00021011532933970717,0.00022879850903524847,0.0002464174223513467,0.0002556610784788559,0.00025859058104872287,0.0002669365120033277,0.0002705731560532096,0.0002742328173922567,0.0002794774902079556,0.0005647007991829088,4.730986279166666,0.9177131533333333,10.582789129166668,100719.97625,0.0003064076135,1.8762500286102293,259.51251220703125,8.651249885559082,4.819173020909735,3.520314169859887,-0.0430222330045303,-0.99907411510223,-0.4999999999999997,-0.8660254037844388
2012-08-03,0.00029376017367939265,0.00037259294218529656,0.00037054181125998844,0.0003695078339033525,0.0003633439023088466,0.000347784305621642,0.0003290739529736239,0.00031779556511370643,0.0003058101616687924,0.0002630552760044364,0.00022646812009252963,0.00018103081697201,0.00013140047267342774,0.00013255173069041192,0.00016215361235058767,0.00027662397190932584,0.0002805787947229543,0.00025611798048413305,0.00020649986587441716,0.00015603369044827885,0.00010772920677619313,6.315856225615199e-05,3.964565683448189e-05,1.82888671522297e-05,-5.356956404845871e-06,-3.4161700979895915e-05,-6.170520447658319e-05,-7.933656255210836e-05,-0.00010090922935997865,-0.0001256780049439465,-0.00013732342386355798,-0.00013972589693352734,-0.00014372829372494343,-0.00015020169535353444,-0.00016085668236261858,-0.0001729198421311943,-0.0001847414678754581,-0.0001944699221126445,-0.00020414057692562268,-0.00021271593252349022,-0.00022458980942432794,-0.00023642236573088172,-0.0002477744865338338,-0.0002561464535582834,-0.00026657046886798425,-0.000275542760526903,-0.00027827114599600914,-0.0002810447948332697,-0.00028324085103254254,-0.0002739152721362376,-0.00026458969323993266,-0.0002534190407004308,-0.000245906607603368,-0.0002349943144144548,-0.00022560315743063624,-0.00022049758615224013,-0.00021847127224015162,-0.00021544041910047116,-0.000213060095216258,-0.0002070086815427181,-0.00019829054414982486,-0.00019049460669099406,-0.00018819173137379447,-0.00018622206348720924,-0.00018058485232755016,-0.00017189191000033246,-0.00016559870477643283,-0.00016055787261112664,-0.0001530041314155029,-0.00014348608429879084,-0.0001339359772810045,-0.00012736394371240642,-0.00012126236691794703,-0.00011476287104268536,-0.00010692950349382854,-9.670414700415717e-05,-8.75265525491417e-05,-7.66395019404775e-05,-6.12175954486948e-05,-4.304016798741107e-05,-2.325474679250973e-05,-7.426593332582976e-06,1.9763252728837454e-05,4.9718054255465484e-05,8.111450766585773e-05,0.00011034134773128556,0.00013842639719751837,0.00016382885863553093,0.0001845355806236118,0.0001921445233171716,0.00020658314636131295,0.00022561533182096434,0.00024675349703890136,0.0002573924986944944,0.0002585602700136239,0.00026785268390986023,0.00027045841356747075,0.00027335876332850703,0.00027863663030452095,0.0005637731031064263,4.415759416666667,1.88919575125,7.510690620833333,101023.554375,0.0001090963682499,1.4487500190734863,223.9012451171875,15.728750228881836,4.802914928709584,2.098876617765427,-0.5452404385406507,-0.8382797052177745,-0.8660254037844385,-0.5000000000000004
2012-09-04,0.0002954271529771112,0.00037437980221956903,0.0003728728295190623,0.00037058981681248977,0.0003616888819094528,0.00034351566352182073,0.0003230146861958386,0.0003087095972992913,0.00029407016973709385,0.00025271356654480803,0.00021601262661920256,0.0001723509814620787,0.00012479036956436257,0.00011844112278035701,0.00013970448302352704,0.00022878437170758368,0.00022896817479866634,0.0002064512707810119,0.00016399956967477083,0.0001243926934628684,8.653578090974824e-05,5.3657105565921196e-05,3.762462150079099e-05,2.331703002719511e-05,6.686610232426815e-06,-1.7968548976926636e-05,-4.161471532358987e-05,-5.757296745683007e-05,-7.734216273681941e-05,-9.966824503768685e-05,-0.00011160056676899436,-0.00011628207310309902,-0.00012224351841436107,-0.00013146508777679597,-0.0001447902634983321,-0.00015917245364498072,-0.00017323259842588014,-0.0001856182060011176,-0.00019795757403698853,-0.00020783283694070662,-0.0002193472031057818,-0.00023080647514514508,-0.00024179366677837163,-0.00025148412687937783,-0.0002639106513607191,-0.0002744015443076842,-0.0002763379607915368,-0.00027831058796991303,-0.00027962293131013176,-0.00027139097434684435,-0.00026315901738355695,-0.00025203447575120936,-0.0002436685754590735,-0.00023076952837780372,-0.00021835195691136537,-0.0002112761260231162,-0.00020832820999009468,-0.00020457666257499963,-0.0002016924875005276,-0.0001958963590340427,-0.00018837421844134037,-0.0001817706795463994,-0.00017988384880115248,-0.00017844129463005808,-0.0001733685011309625,-0.00016505747182930396,-0.00015994609199873616,-0.0001565621422623973,-0.000150027181941094,-0.0001408731470583396,-0.000131661632893922,-0.00012480262669382206,-0.00011857089619257371,-0.00011180860691692234,-0.00010346293540691511,-9.32794340599284e-05,-8.449294875914956e-05,-7.342718858683906e-05,-5.724907459986825e-05,-3.803174090914834e-05,-1.667041557360495e-05,-5.854472180276678e-07,2.4597794451727116e-05,5.235473683386486e-05,8.203388172768822e-05,0.00011155871437333134,0.00014011070419867364,0.00016508590998638893,0.0001856443211775312,0.00018979452204650392,0.00020305096338291872,0.00022243215460668024,0.00024708957172645603,0.0002591239189101328,0.0002585299589785249,0.00026876885581639275,0.0002703436710817319,0.0002724847092647573,0.0002777957704010863,0.0005628454070299438,3.203201304166667,1.6508763558333337,7.340009608333333,101023.40166666669,0.00066037973275,1.75,219.8937530517578,14.24625015258789,3.603594224835058,3.0625,-0.9033558023246842,-0.4288919379124841,-1.0,-1.8369701987210294e-16
2012-10-06,0.00029709413227482973,0.0003761666622538415,0.00037520384777813606,0.000371671799721627,0.000360033861510059,0.00033924702142199947,0.0003169554194180533,0.0002996236294848762,0.00028233017780539537,0.00024237185708517967,0.00020555713314587555,0.00016367114595214742,0.00011818026645529738,0.0001043305148703021,0.0001172553536964664,0.00018094477150584155,0.00017735755487437838,0.00015678456107789073,0.0001214992734751245,9.275169647745795e-05,6.534235504330335e-05,4.415564887569041e-05,3.5603586167100086e-05,2.8345192902160517e-05,1.87301768696995e-05,-1.7753969739573572e-06,-2.1524226170596553e-05,-3.5809372361551785e-05,-5.377509611366018e-05,-7.365848513142718e-05,-8.587770967443073e-05,-9.28382492726707e-05,-0.00010075874310377869,-0.00011272848020005749,-0.00012872384463404561,-0.00014542506515876713,-0.00016172372897630218,-0.00017676648988959072,-0.00019177457114835438,-0.00020294974135792303,-0.0002141045967872357,-0.00022519058455940842,-0.00023581284702290942,-0.0002468218002004723,-0.000261250833853454,-0.00027326032808846535,-0.0002744047755870645,-0.0002755763811065563,-0.000276005011587721,-0.00026886667655745116,-0.0002617283415271813,-0.0002506499108019879,-0.00024143054331477896,-0.00022654474234115265,-0.0002111007563920945,-0.00020205466589399222,-0.00019818514774003773,-0.0001937129060495281,-0.00019032487978479722,-0.0001847840365253673,-0.00017845789273285588,-0.0001730467524018047,-0.0001715759662285105,-0.00017066052577290687,-0.00016615214993437484,-0.00015822303365827545,-0.00015429347922103951,-0.00015256641191366797,-0.0001470502324666851,-0.00013826020981788837,-0.00012938728850683947,-0.0001222413096752377,-0.0001158794254672004,-0.00010885434279115933,-9.999636732000168e-05,-8.985472111569962e-05,-8.145934496915741e-05,-7.021487523320064e-05,-5.32805537510417e-05,-3.302331383088562e-05,-1.008608435470017e-05,6.25569889652764e-06,2.943233617461678e-05,5.499141941226424e-05,8.29532557895187e-05,0.00011277608101537711,0.0001417950111998289,0.00016634296133724694,0.00018675306173145063,0.00018744452077583624,0.00019951878040452446,0.00021924897739239614,0.0002474256464140107,0.00026085533912577124,0.00025849964794342594,0.0002696850277229252,0.00027022892859599303,0.00027161065520100764,0.0002769549104976517,0.0005619177109534614,1.302485775125,1.50986862575,4.569685466666667,101149.68208333332,1.67886416175e-05,1.027500033378601,195.04124450683597,12.422499656677246,1.9940342177172297,1.0557563185930263,-0.994217906893952,0.107381346664163,-0.8660254037844386,0.5000000000000001
2012-11-06,0.0002987611115725483,0.0003779535222881139,0.0003775348660372099,0.00037275378263076426,0.00035837884111066513,0.0003349783793221782,0.00031089615264026806,0.0002905376616704611,0.00027059018587369683,0.0002320301476255513,0.0001951016396725485,0.00015499131044221612,0.0001115701633462322,9.02199069602472e-05,9.480622436940577e-05,0.00013310517130409938,0.00012574693495009037,0.00010711785137476956,7.89989772754782e-05,6.111069949204747e-05,4.414892917685846e-05,3.465419218545963e-05,3.358255083340918e-05,3.337335577712593e-05,3.07737435069722e-05,1.4417755029011922e-05,-1.433737017603236e-06,-1.4045777266273471e-05,-3.0208029490500936e-05,-4.7648725225167505e-05,-6.015485257986709e-05,-6.939442544224236e-05,-7.927396779319632e-05,-9.3991872623319e-05,-0.00011265742576975913,-0.00013167767667255357,-0.00015021485952672423,-0.00016791477377806383,-0.00018559156825972024,-0.00019806664577513944,-0.0002088619904686896,-0.00021957469397367176,-0.00022983202726744722,-0.00024215947352156675,-0.0002585910163461888,-0.0002721191118692466,-0.0002724715903825922,-0.00027284217424319954,-0.0002723870918653102,-0.0002663423787680579,-0.0002602976656708056,-0.0002492653458527665,-0.00023919251117048444,-0.00022231995630450155,-0.0002038495558728236,-0.00019283320576486825,-0.00018804208548998082,-0.00018284914952405656,-0.00017895727206906686,-0.00017367171401669188,-0.0001685415670243714,-0.00016432282525721004,-0.0001632680836558685,-0.0001628797569157557,-0.0001589357987377872,-0.00015138859548724694,-0.00014864086644334284,-0.00014857068156493865,-0.00014407328299227622,-0.00013564727257743715,-0.00012711294411975695,-0.00011967999265665332,-0.0001131879547418271,-0.00010590007866539631,-9.652979923308826e-05,-8.643000817147085e-05,-7.842574117916527e-05,-6.70025618795622e-05,-4.9312032902215164e-05,-2.801488675262289e-05,-3.501753135795386e-06,1.3096845011082948e-05,3.426687789750644e-05,5.7628101990663613e-05,8.38726298513492e-05,0.0001139934476574229,0.00014347931820098418,0.00016760001268810492,0.00018786180228537002,0.00018509451950516855,0.00019598659742613023,0.00021606580017811202,0.0002477617211015654,0.0002625867593414097,0.00025846933690832697,0.00027060119962945775,0.00027011418611025417,0.00027073660113725796,0.00027611405059421707,0.0005609900148769789,-0.0434131660416666,0.0386174565833333,2.9693429041666666,101000.19833333332,0.0004552801420166,0.768750011920929,199.63250732421875,11.153749465942385,0.0581034503168869,0.5909765808284284,-0.801361088174677,0.5981809144059158,-0.5000000000000004,0.8660254037844384
2012-12-08,0.0003004280908702668,0.00037974038232238636,0.00037986588429628367,0.0003738357655399015,0.0003567238207112713,0.00033070973722235694,0.0003048368858624828,0.000281451693856046,0.00025885019394199834,0.00022168843816592295,0.00018464614619922146,0.00014631147493228484,0.00010496006023716702,7.610929905019231e-05,7.235709504234514e-05,8.526557110235725e-05,7.413631502580241e-05,5.74511416716484e-05,3.649868107583184e-05,2.9469702506637022e-05,2.295550331041357e-05,2.515273549522884e-05,3.1561515499718275e-05,3.840151865209134e-05,4.281731014424489e-05,3.06109070319812e-05,1.865675213539008e-05,7.717817829004816e-06,-6.6409628673417165e-06,-2.163896531890783e-05,-3.443199548530348e-05,-4.595060161181403e-05,-5.778919248261395e-05,-7.52552650465805e-05,-9.659100690547265e-05,-0.00011793028818634,-0.00013870599007714625,-0.00015906305766653694,-0.0001794085653710861,-0.00019318355019235585,-0.00020361938415014346,-0.0002139588033879351,-0.00022385120751198503,-0.0002374971468426612,-0.00025593119883892367,-0.0002709778956500278,-0.0002705384051781199,-0.00027010796737984285,-0.0002687691721428994,-0.00026381808097866467,-0.00025886698981442987,-0.000247880780903545,-0.0002369544790261899,-0.00021809517026785046,-0.00019659835535355274,-0.0001836117456357443,-0.0001778990232399239,-0.00017198539299858502,-0.00016758966435333647,-0.0001625593915080165,-0.00015862524131588694,-0.00015559889811261537,-0.0001549602010832265,-0.00015509898805860452,-0.00015171944754119955,-0.00014455415731621843,-0.00014298825366564617,-0.00014457495121620933,-0.00014109633351786733,-0.0001330343353369859,-0.0001248385997326744,-0.00011711867563806896,-0.00011049648401645378,-0.00010294581453963329,-9.306323114617483e-05,-8.300529522724208e-05,-7.539213738917312e-05,-6.379024852592377e-05,-4.534351205338862e-05,-2.3006459674360163e-05,3.0825780831093987e-06,1.9937991125638256e-05,3.91014196203961e-05,6.026478456906299e-05,8.47920039131797e-05,0.00011521081429946866,0.00014516362520213945,0.00016885706403896292,0.00018897054283928942,0.0001827445182345009,0.00019245441444773597,0.00021288262296382792,0.0002480977957891201,0.00026431817955704814,0.00025843902587322794,0.00027151737153599027,0.00026999944362451537,0.00026986254707350824,0.0002752731906907824,0.0005600623188004964,-0.3320566829166667,0.3373368599999999,3.786097804166667,101071.15104166669,0.0002457499528358,0.706250011920929,197.5237579345703,13.565000534057615,0.4733474387638315,0.4987890793383123,-0.3697245428906732,0.9291414114031744,-2.4492935982947064e-16,1.0
2013-01-09,0.00030209507016798535,0.0003815272423566588,0.0003821969025553575,0.00037491774844903875,0.0003550688003118775,0.0003264410951225357,0.00029877761908469753,0.0002723657260416309,0.0002471102020102998,0.00021134672870629458,0.00017419065272589442,0.00013763163942235354,9.834995712810184e-05,6.19986911401374e-05,4.990796571528451e-05,3.742597090061511e-05,2.252569510151448e-05,7.784431968527216e-06,-6.00161512381448e-06,-2.1712944787734516e-06,1.7620774439686909e-06,1.5651278804998057e-05,2.9540480166027377e-05,4.342968152705674e-05,5.486087678151757e-05,4.680405903495048e-05,3.87472412883834e-05,2.948141292428311e-05,1.692610375581752e-05,4.370794587351852e-06,-8.709138390739843e-06,-2.25067777813857e-05,-3.630441717203156e-05,-5.6518657469842014e-05,-8.052458804118617e-05,-0.00010418289970012642,-0.0001271971206275683,-0.00015021134155501005,-0.00017322556248245194,-0.00018830045460957226,-0.00019837677783159734,-0.00020834291280219847,-0.00021787038775652283,-0.00023283482016375564,-0.00025327138133165853,-0.000269836679430809,-0.0002686052199736476,-0.0002673737605164861,-0.00026515125242048863,-0.0002612937831892714,-0.00025743631395805415,-0.00024649621595432356,-0.0002347164468818954,-0.00021387038423119939,-0.00018934715483428187,-0.00017439028550662034,-0.00016775596098986696,-0.0001611216364731135,-0.0001562220566376061,-0.00015144706899934107,-0.00014870891560740245,-0.00014687497096802068,-0.00014665231851058452,-0.00014731821920145334,-0.00014450309634461188,-0.00013771971914518992,-0.0001373356408879495,-0.00014057922086748,-0.00013811938404345844,-0.0001304213980965347,-0.0001225642553455919,-0.0001145573586194846,-0.00010780501329108048,-9.999155041387027e-05,-8.95966630592614e-05,-7.95805822830133e-05,-7.235853359918097e-05,-6.057793517228534e-05,-4.1374991204562073e-05,-1.7998032596097438e-05,9.666909302014177e-06,2.6779137240193567e-05,4.3935961343285764e-05,6.290146714746237e-05,8.57113779750102e-05,0.00011642818094151445,0.00014684793220329473,0.00017011411538982093,0.00019007928339320884,0.0001803945169638332,0.00018892223146934175,0.00020969944574954382,0.0002484338704766748,0.00026604959977268657,0.00025840871483812897,0.0002724335434425228,0.0002698847011387765,0.00026898849300975857,0.0002744323307873478,0.0005591346227240139,0.8586985208333333,-3.81596755,6.476833,101018.95375,3.715356172916666e-05,0.7712500095367432,252.8037567138672,12.856249809265137,3.9113899693503273,0.5948265772104264,0.1543088206642811,0.9880226656636976,0.4999999999999999,0.8660254037844387
2013-02-10,0.00030284826726597946,0.00037372114178681605,0.0003713278501533289,0.00036275879316948904,0.0003430165859360114,0.0003154145102244364,0.00028865216306856654,0.0002620988266923089,0.0002362299114301666,0.0002010310753629545,0.00016468175161938787,0.00012901316886408434,9.223687654593931e-05,5.901355814886986e-05,4.7290387393479955e-05,3.5489714947680456e-05,2.0503388625345307e-05,4.651265757887881e-06,-7.304757815022436e-06,-5.671129655736407e-06,-1.3295962068176652e-06,1.4915204653037159e-05,3.238435645513183e-05,4.3972959904916816e-05,5.516700960676233e-05,4.8909091415048276e-05,4.292304024678202e-05,3.7055513477188615e-05,2.6621402613662754e-05,1.522577992460531e-05,2.4084733177783458e-06,-1.186003912044031e-05,-2.6431664156396564e-05,-4.7609774801711116e-05,-7.202037852206996e-05,-9.589903525942449e-05,-0.00011676510092908186,-0.00013915383066295304,-0.0001619934574727521,-0.000177661260836489,-0.00018708268273091361,-0.0001959012439118043,-0.00020427681733620778,-0.0002175896571106073,-0.00023712889897690976,-0.000254764179905458,-0.0002561872807383515,-0.0002560473879851234,-0.00025273118329082107,-0.00024758036365918687,-0.00024235896196268385,-0.00023160756115296548,-0.00022068263444203367,-0.0002030739996970529,-0.00018240794245008072,-0.00016946955133821502,-0.0001642875409557027,-0.00015942413304983552,-0.00015575818019549742,-0.00015159577783819061,-0.00014763132031398943,-0.0001453112370215098,-0.00014446286952315016,-0.00014411473468826347,-0.0001393882355744858,-0.00013113439926730328,-0.0001296829865292912,-0.00013181607170816256,-0.00012962400877889615,-0.0001229511453406857,-0.0001156479638434058,-0.0001075512500184108,-0.00010241294531518677,-9.745177600010055e-05,-8.821446163513952e-05,-7.862194425044337e-05,-7.171567301789485e-05,-6.043113390131122e-05,-4.1958122429461446e-05,-1.9065795736573104e-05,8.244482754272126e-06,2.7004999570327765e-05,4.592679358376427e-05,6.164026996708936e-05,8.280390511118961e-05,0.00011235247070116305,0.0001420625187583934,0.00016642722509707054,0.00018928985672006786,0.00018484315325161178,0.00019855553667100573,0.00021994362373854557,0.0002559185453413799,0.00027232667080962484,0.000265064132848925,0.00027690394816412995,0.00027345057433642304,0.00027167911886847765,0.0002759097611649638,0.0005591300746912016,0.2155259410416666,0.4215049742916666,3.392101475,100895.91375,0.000343322750525,0.5799999833106995,225.1512451171875,14.751249313354492,0.4734108940598162,0.3363999806404116,0.6486295610349814,0.7611042586607747,0.8660254037844386,0.5000000000000001
2013-03-15,0.0003036014643639736,0.0003659150412169733,0.0003604587977513003,0.00035059983788993934,0.0003309643715601453,0.0003043879253263372,0.0002785267070524356,0.00025183192734298695,0.00022534962085003337,0.0001907154220196144,0.00015517285051288134,0.00012039469830581516,8.61237959637768e-05,5.602842515760232e-05,4.4672809071675394e-05,3.35534589947458e-05,1.8481082149176135e-05,1.5180995472485475e-06,-8.607900506230392e-06,-9.170964832699363e-06,-4.4212698576040215e-06,1.4179130501076263e-05,3.522823274423629e-05,4.4516238282776884e-05,5.547314243200708e-05,5.101412379514608e-05,4.709883920518064e-05,4.4629614030094114e-05,3.631670147150799e-05,2.608076526185877e-05,1.3526085026296534e-05,-1.213300459494917e-06,-1.6558911140761563e-05,-3.870089213358022e-05,-6.351616900295376e-05,-8.761517081872255e-05,-0.00010633308123059542,-0.00012809631977089603,-0.00015076135246305222,-0.00016702206706340576,-0.00017578858763022992,-0.00018345957502141017,-0.0001906832469158927,-0.00020234449405745892,-0.00022098641662216098,-0.00023969168038010693,-0.00024376934150305545,-0.00024472101545376066,-0.00024031111416115348,-0.00023386694412910226,-0.00022728160996731358,-0.0002167189063516074,-0.00020664882200217195,-0.00019227761516290643,-0.00017546873006587954,-0.00016454881716980967,-0.00016081912092153847,-0.00015772662962655758,-0.00015529430375338873,-0.00015174448667704016,-0.0001465537250205764,-0.00014374750307499893,-0.0001422734205357158,-0.00014091125017507363,-0.00013427337480435977,-0.00012454907938941665,-0.00012203033217063293,-0.00012305292254884508,-0.00012112863351433387,-0.00011548089258483668,-0.0001087316723412197,-0.00010054514141733701,-9.702087733929307e-05,-9.491200158633084e-05,-8.683226021101765e-05,-7.766330621787345e-05,-7.107281243660871e-05,-6.0284332630337093e-05,-4.254125365436081e-05,-2.013355887704877e-05,6.822056206530076e-06,2.7230861900461963e-05,4.791762582424278e-05,6.0379072786716344e-05,7.989643224736904e-05,0.00010827676046081165,0.00013727710531349208,0.00016274033480432018,0.0001885004300469269,0.00018929178953939032,0.00020818884187266971,0.00023018780172754733,0.0002634032202060851,0.00027860374184656317,0.0002717195508597211,0.0002813743528857371,0.00027701644753406964,0.0002743697447271968,0.0002773871915425799,0.0005591255266583894,-0.8077131956666667,0.5447120708333333,4.587569733333333,101174.26041666669,0.0002963940309624,0.6725000143051147,182.4187469482422,10.831250190734863,0.974223714844592,0.4522562692403795,0.9562348265919056,0.2926003356333483,1.0,6.123233995736766e-17
2013-04-17,0.0003043546614619677,0.00035810894064713055,0.0003495897453492717,0.00033844088261038963,0.0003189121571842792,0.0002933613404282379,0.0002684012510363046,0.00024156502799366496,0.00021446933026990017,0.0001803997686762743,0.00014566394940637478,0.00011177622774754598,8.001071538161427e-05,5.304329216633477e-05,4.205523074987084e-05,3.1617203041811146e-05,1.6458775673006963e-05,-1.6150666633907862e-06,-9.91104319743835e-06,-1.267080000966232e-05,-7.5129435083903775e-06,1.3443056349115366e-05,3.807210903334074e-05,4.505951666063696e-05,5.577927525725184e-05,5.311915617524388e-05,5.1274638163579256e-05,5.220371458299962e-05,4.601200032935323e-05,3.693575059911223e-05,2.4643696734814727e-05,9.433438201450477e-06,-6.6861581251265654e-06,-2.9792009465449324e-05,-5.501195948383755e-05,-7.933130637802061e-05,-9.590106153210899e-05,-0.00011703880887883902,-0.00013952924745335238,-0.0001563828732903225,-0.0001644944925295462,-0.000171017906131016,-0.00017708967649557767,-0.00018709933100431058,-0.0002048439342674122,-0.00022461918085475588,-0.0002313514022677594,-0.00023339464292239793,-0.0002278910450314859,-0.00022015352459901771,-0.00021220425797194328,-0.00020183025155024934,-0.00019261500956231024,-0.00018148123062875995,-0.0001685295176816784,-0.00015962808300140434,-0.0001573507008873742,-0.00015602912620327962,-0.00015483042731128006,-0.0001518931955158897,-0.00014547612972716335,-0.00014218376912848805,-0.00014008397154828143,-0.00013770776566188376,-0.00012915851403423373,-0.00011796375951153,-0.00011437767781197463,-0.00011428977338952762,-0.00011263325824977159,-0.00010801063982898767,-0.00010181538083903361,-9.353903281626322e-05,-9.162880936339936e-05,-9.237222717256112e-05,-8.545005878689576e-05,-7.670466818530352e-05,-7.042995185532259e-05,-6.0137531359362974e-05,-4.3124384879260186e-05,-2.1201322017524434e-05,5.399629658788026e-06,2.7456724230596165e-05,4.990845806472128e-05,5.9117875606343335e-05,7.698895938354845e-05,0.00010420105022046024,0.00013249169186859073,0.0001590534445115698,0.00018771100337378594,0.00019374042582716888,0.0002178221470743337,0.00024043197971654906,0.0002708878950707902,0.00028488081288350145,0.00027837496887051714,0.0002858447576073443,0.0002805823207317162,0.0002770603705859159,0.00027886462192019593,0.000559120978625577,2.8763262375000003,0.0304203011249999,5.226177304166667,100743.76541666668,3.967682489166666e-05,0.9950000047683716,237.06375122070312,6.5,2.8764870970076406,0.9900250094890596,0.9634705485641488,-0.2678143051621742,0.8660254037844387,-0.4999999999999998
2013-05-20,0.0003051078585599619,0.0003503028400772878,0.0003387206929472431,0.0003262819273308399,0.0003068599428084131,0.0002823347555301387,0.00025827579502017364,0.000231298128644343,0.00020358903968976697,0.0001700841153329342,0.00013615504829986823,0.00010315775718927679,7.389763479945175e-05,5.005815917506723e-05,3.943765242806628e-05,2.9680947088876495e-05,1.443646919683779e-05,-4.748232874030121e-06,-1.1214185888646306e-05,-1.6170635186625278e-05,-1.0604617159176734e-05,1.270698219715447e-05,4.091598532244519e-05,4.5602795038497034e-05,5.60854080824966e-05,5.522418855534168e-05,5.545043712197788e-05,5.9777815135905125e-05,5.570729918719847e-05,4.779073593636568e-05,3.576130844333291e-05,2.0080176862395867e-05,3.1865948905084358e-06,-2.088312679731843e-05,-4.6507749964721334e-05,-7.104744193731868e-05,-8.546904183362255e-05,-0.000105981297986782,-0.00012829714244365253,-0.00014574367951723926,-0.00015320039742886248,-0.00015857623724062185,-0.0001634961060752626,-0.0001718541679511622,-0.0001887014519126634,-0.00020954668132940486,-0.00021893346303246332,-0.0002220682703910352,-0.00021547097590181834,-0.00020644010506893314,-0.000197126905976573,-0.00018694159674889123,-0.00017858119712244852,-0.00017068484609461347,-0.00016159030529747722,-0.000154707348832999,-0.00015388228085320998,-0.00015433162278000165,-0.00015436655086917137,-0.00015204190435473924,-0.00014439853443375033,-0.00014062003518197717,-0.00013789452256084708,-0.00013450428114869392,-0.00012404365326410766,-0.00011137843963364335,-0.00010672502345331635,-0.00010552662423021016,-0.0001041378829852093,-0.00010054038707313867,-9.489908933684752e-05,-8.653292421518942e-05,-8.623674138750566e-05,-8.98324527587914e-05,-8.40678573627739e-05,-7.574603015273358e-05,-6.978709127403647e-05,-5.9990730088388854e-05,-4.370751610415955e-05,-2.22690851580001e-05,3.977203111045975e-06,2.7682586560730363e-05,5.1899290305199787e-05,5.785667842597032e-05,7.408148651972788e-05,0.00010012533998010884,0.0001277062784236894,0.0001553665542188194,0.00018692157670064497,0.00019818906211494742,0.00022745545227599768,0.0002506761577055508,0.0002783725699354953,0.0002911578839204397,0.0002850303868813132,0.00029031516232895147,0.00028414819392936277,0.00027975099644463497,0.00028034205229781196,0.0005591164305927647,2.233199425,4.0955123958333335,7.276450025,100930.64833333332,0.0010173916817916,1.6749999523162842,230.88499450683597,11.206250190734863,4.66480454641401,2.8056248402595543,0.6680638642135335,-0.7441039398713607,0.4999999999999999,-0.8660254037844387
2013-06-22,0.000305861055657956,0.00034249673950744505,0.0003278516405452145,0.00031412297205129017,0.00029480772843254693,0.0002713081706320394,0.0002481503390040427,0.000221031229295021,0.00019270874910963374,0.0001597684619895941,0.00012664614719336167,9.45392866310076e-05,6.778455421728924e-05,4.707302618379969e-05,3.6820074106261725e-05,2.7744691135941836e-05,1.2414162720668618e-05,-7.881399084669455e-06,-1.2517328579854264e-05,-1.9670470363588234e-05,-1.3696290809963093e-05,1.1970908045193573e-05,4.3759861611549644e-05,4.61460734163571e-05,5.639154090774136e-05,5.732922093543948e-05,5.96262360803765e-05,6.735191568881064e-05,6.540259804504371e-05,5.864572127361915e-05,4.687892015185111e-05,3.072691552334127e-05,1.3059347906143434e-05,-1.1974244129187525e-05,-3.800354044560513e-05,-6.276357749661674e-05,-7.503702213513608e-05,-9.4923787094725e-05,-0.00011706503743395266,-0.000135104485744156,-0.00014190630232817876,-0.0001461345683502277,-0.00014990253565494752,-0.00015660900489801384,-0.00017255896955791462,-0.00019447418180405378,-0.00020651552379716726,-0.00021074189785967246,-0.00020305090677215072,-0.00019272668553884856,-0.0001820495539812027,-0.00017205294194753317,-0.0001645473846825868,-0.000159888461560467,-0.00015465109291327607,-0.00014978661466459367,-0.00015041386081904572,-0.0001526341193567237,-0.0001539026744270627,-0.00015219061319358875,-0.0001433209391403373,-0.00013905630123546632,-0.00013570507357341273,-0.00013130079663550406,-0.00011892879249398161,-0.00010479311975575671,-9.907236909465807e-05,-9.67634750708927e-05,-9.564250772064702e-05,-9.307013431728966e-05,-8.798279783466141e-05,-7.952681561411563e-05,-8.084467341161196e-05,-8.729267834502169e-05,-8.268565593865201e-05,-7.478739212016366e-05,-6.914423069275033e-05,-5.984392881741473e-05,-4.4290647329058925e-05,-2.3336848298475767e-05,2.554776563303924e-06,2.790844889086456e-05,5.38901225456783e-05,5.659548124559731e-05,7.117401365590729e-05,9.604962973975744e-05,0.00012292086497878808,0.00015167966392606904,0.000186132150027504,0.00020263769840272598,0.00023708875747766164,0.00026092033569455255,0.0002858572448002005,0.00029743495495737805,0.0002916858048921093,0.0002947855670505586,0.0002877140671270093,0.0002824416223033541,0.00028181948267542805,0.0005591118825599525,6.332607954166666,-1.0867017075,12.412851041666668,100929.54208333332,0.0005082686710416,2.055000066757202,266.385009765625,7.21999979019165,6.425172690461973,4.223025274372105,0.1628070129385171,-0.986657932891657,1.2246467991473532e-16,-1.0
2013-07-25,0.00030661425275595015,0.0003346906389376023,0.0003169825881431859,0.0003019640167717405,0.0002827555140566809,0.0002602815857339402,0.00023802488298791172,0.00021076432994569902,0.00018182845852950054,0.00014945280864625402,0.00011713724608685514,8.592081607273842e-05,6.167147363512671e-05,4.408789319253215e-05,3.420249578445717e-05,2.5808435183007185e-05,1.0391856244499446e-05,-1.1014565295308788e-05,-1.382047127106222e-05,-2.317030554055119e-05,-1.6787964460749444e-05,1.1234833893232677e-05,4.66037379006541e-05,4.668935179421718e-05,5.669767373298612e-05,5.9434253315537275e-05,6.380203503877511e-05,7.492601624171612e-05,7.509789690288894e-05,6.95007066108726e-05,5.7996531860369296e-05,4.1373654184286655e-05,2.293210092177843e-05,-3.0653614610566345e-06,-2.949933092648892e-05,-5.44797130559148e-05,-6.460500243664966e-05,-8.386627620266798e-05,-0.00010583293242425281,-0.0001244652919710728,-0.00013061220722749504,-0.00013369289945983353,-0.00013630896523463248,-0.0001413638418448655,-0.00015641648720316585,-0.00017940168227870276,-0.00019409758456187122,-0.00019941552532830976,-0.00019063083764248316,-0.000179013266008764,-0.0001669722019858324,-0.00015716428714617508,-0.00015051357224272506,-0.00014909207702632054,-0.00014771188052907492,-0.00014486588049618832,-0.0001469454407848815,-0.00015093661593344575,-0.000153438797984954,-0.0001523393220324383,-0.00014224334384692428,-0.00013749256728895544,-0.00013351562458597838,-0.00012809731212231422,-0.00011381393172385556,-9.820779987787008e-05,-9.141971473599978e-05,-8.800032591157523e-05,-8.714713245608474e-05,-8.559988156144066e-05,-8.106650633247532e-05,-7.252070701304184e-05,-7.545260543571825e-05,-8.475290393125197e-05,-8.130345451453014e-05,-7.382875408759373e-05,-6.850137011146421e-05,-5.969712754644061e-05,-4.487377855395829e-05,-2.440461143895143e-05,1.132350015561875e-06,2.813431122099876e-05,5.58809547861568e-05,5.5334284065224294e-05,6.826654079208672e-05,9.197391949940604e-05,0.00011813545153388676,0.00014799277363331865,0.00018534272335436302,0.00020708633469050452,0.00024672206267932565,0.0002711645136835543,0.0002933419196649056,0.00030371202599431633,0.00029834122290290537,0.0002992559717721658,0.0002912799403246559,0.0002851322481620732,0.0002832969130530441,0.0005591073345271401,3.399874991666666,1.1382236525,8.420201087499999,101010.07270833332,0.0003817876179166,1.807500004768372,235.34375,13.758749961853027,3.5853455959043687,3.2670562672376637,-0.3935902766564664,-0.9192859697186104,-0.4999999999999997,-0.8660254037844388
2013-08-27,0.00030736744985394426,0.00032688453836775955,0.0003061135357411573,0.00028980506149219076,0.00027070329968081474,0.00024925500083584093,0.00022789942697178073,0.00020049743059637702,0.00017094816794936734,0.0001391371553029139,0.00010762834498034859,7.730234551446922e-05,5.5558393052964185e-05,4.110276020126461e-05,3.158491746265261e-05,2.3872179230072533e-05,8.369549768330274e-06,-1.4147731505948124e-05,-1.5123613962270176e-05,-2.667014071751415e-05,-1.9879638111535803e-05,1.049875974127178e-05,4.944761418975855e-05,4.723263017207725e-05,5.700380655823088e-05,6.153928569563509e-05,6.797783399717375e-05,8.250011679462164e-05,8.479319576073417e-05,8.035569194812606e-05,6.911414356888748e-05,5.202039284523206e-05,3.2804853937413436e-05,5.843521207074263e-06,-2.0995121407372706e-05,-4.6195848615212864e-05,-5.417298273816321e-05,-7.280876531061097e-05,-9.460082741455295e-05,-0.00011382609819798953,-0.00011931811212681133,-0.00012125123056943938,-0.00012271539481431744,-0.00012611867879171716,-0.00014027400484841704,-0.00016432918275335174,-0.00018167964532657513,-0.000188089152796947,-0.0001782107685128156,-0.0001652998464786794,-0.0001518948499904621,-0.000142275632344817,-0.00013647975980286335,-0.00013829569249217404,-0.00014077266814487374,-0.000139945146327783,-0.00014347702075071723,-0.00014923911251016778,-0.00015297492154284535,-0.00015248803087128783,-0.00014116574855351123,-0.00013592883334244456,-0.000131326175598544,-0.00012489382760912435,-0.0001086990709537295,-9.162247999998343e-05,-8.37670603773415e-05,-7.923717675225777e-05,-7.865175719152246e-05,-7.812962880559166e-05,-7.415021483028923e-05,-6.551459841196805e-05,-7.006053745982455e-05,-8.221312951748225e-05,-7.992125309040826e-05,-7.28701160550238e-05,-6.785850953017809e-05,-5.955032627546649e-05,-4.5456909778857664e-05,-2.5472374579427097e-05,-2.9007653218017744e-07,2.836017355113296e-05,5.7871787026635305e-05,5.4073086884851285e-05,6.535906792826613e-05,8.789820925905463e-05,0.00011335003808898542,0.00014430588334056826,0.00018455329668122208,0.00021153497097828309,0.0002563553678809896,0.00028140869167255606,0.00030082659452961073,0.0003099890970312546,0.00030499664091370143,0.000303726376493773,0.00029484581352230243,0.0002878228740207923,0.0002847743434306601,0.0005591027864943278,3.4181934166666665,-0.35892613625,6.056331070833333,100837.14875,7.919470466666667e-05,1.590000033378601,237.7975006103516,12.494999885559082,3.436986209606709,2.5281001061439525,-0.8263541987239094,-0.5631507242749187,-0.8660254037844385,-0.5000000000000004
2013-09-29,0.0003081206469519384,0.0003190784377979168,0.0002952444833391287,0.00027764610621264105,0.00025865108530494864,0.0002382284159377417,0.0002177739709556498,0.00019023053124705508,0.00016006787736923413,0.00012882150195957383,9.811944387384205e-05,6.868387495620004e-05,4.9445312470801666e-05,3.811762720999706e-05,2.8967339140848053e-05,2.1935923277137878e-05,6.347243292161101e-06,-1.728089771658746e-05,-1.6426756653478133e-05,-3.01699758944771e-05,-2.2971311762322156e-05,9.762685589310884e-06,5.2291490478863e-05,4.777590854993732e-05,5.730993938347563e-05,6.364431807573288e-05,7.215363295557237e-05,9.007421734752713e-05,9.44884946185794e-05,9.121067728537952e-05,8.023175527740567e-05,6.266713150617744e-05,4.2677606953048434e-05,1.4752403875205154e-05,-1.2490911888256499e-05,-3.791198417451093e-05,-4.3740963039676784e-05,-6.175125441855396e-05,-8.33687224048531e-05,-0.00010318690442490628,-0.00010802401702612763,-0.00010880956167904523,-0.00010912182439400238,-0.0001108735157385688,-0.00012413152249366827,-0.0001492566832280007,-0.0001692617060912791,-0.0001767627802655843,-0.00016579069938314802,-0.00015158642694859485,-0.00013681749799509182,-0.00012738697754345892,-0.00012244594736300163,-0.0001274993079580276,-0.00013383345576067256,-0.00013502441215937767,-0.000140008600716553,-0.00014754160908688984,-0.00015251104510073665,-0.00015263673971013737,-0.0001400881532600982,-0.00013436509939593368,-0.00012913672661110965,-0.0001216903430959345,-0.00010358421018360345,-8.503716012209678e-05,-7.61144060186832e-05,-7.04740275929403e-05,-7.015638192696017e-05,-7.065937604974266e-05,-6.723392332810314e-05,-5.850848981089425e-05,-6.466846948393083e-05,-7.967335510371254e-05,-7.853905166628639e-05,-7.191147802245388e-05,-6.721564894889195e-05,-5.940352500449236e-05,-4.604004100375703e-05,-2.6540137719902763e-05,-1.7125030799222266e-06,2.858603588126716e-05,5.9862619267113816e-05,5.281188970447827e-05,6.245159506444554e-05,8.382249901870323e-05,0.00010856462464408408,0.0001406189930478179,0.0001837638700080811,0.00021598360726606162,0.0002659886730826536,0.0002916528696615578,0.0003083112693943159,0.00031626616806819293,0.0003116520589244975,0.00030819678121538015,0.00029841168671994897,0.00029051349987951143,0.0002862517738082762,0.0005590982384615156,3.6046625666666663,0.5104115822916667,6.4714168,100953.24729166667,5.93463581e-05,1.2962499856948853,231.16000366210935,13.248749732971191,3.640619755325377,1.6802640254139902,-0.9995462806873572,-0.0301203048469083,-1.0,-1.8369701987210294e-16
2013-11-01,0.0003088738440499325,0.00031127233722807405,0.0002843754309371001,0.00026548715093309134,0.00024659887092908254,0.00022720183103964244,0.00020764851493951882,0.00017996363189773308,0.0001491875867891009,0.00011850584861623371,8.861054276733549e-05,6.006540439793085e-05,4.333223188863914e-05,3.513249421872952e-05,2.6349760819043496e-05,1.9999667324203223e-05,4.324936815991931e-06,-2.0414063927226795e-05,-1.772989934468609e-05,-3.366981107144006e-05,-2.6062985413108516e-05,9.026611437349986e-06,5.513536676796746e-05,4.8319186927797395e-05,5.761607220872039e-05,6.574935045583068e-05,7.632943191397099e-05,9.764831790043265e-05,0.00010418379347642465,0.00010206566262263298,9.134936698592386e-05,7.331387016712284e-05,5.255035996868343e-05,2.3661286543336062e-05,-3.986702369140285e-06,-2.962811973380899e-05,-3.3308943341190326e-05,-5.069374352649695e-05,-7.213661739515325e-05,-9.254771065182303e-05,-9.67299219254439e-05,-9.636789278865107e-05,-9.552825397368733e-05,-9.562835268542045e-05,-0.0001079890401389195,-0.00013418418370264964,-0.00015684376685598303,-0.00016543640773422156,-0.00015337063025348043,-0.00013787300741851028,-0.00012174014599972152,-0.00011249832274210082,-0.0001084121349231399,-0.00011670292342388111,-0.0001268942433764714,-0.00013010367799097232,-0.00013654018068238875,-0.00014584410566361187,-0.000152047168658628,-0.00015278544854898692,-0.00013901055796668518,-0.0001328013654494228,-0.0001269472776236753,-0.00011848685858274464,-9.84693494134774e-05,-7.845184024421015e-05,-6.846175166002492e-05,-6.171087843362284e-05,-6.166100666239789e-05,-6.318912329389364e-05,-6.031763182591704e-05,-5.1502381209820454e-05,-5.927640150803713e-05,-7.713358068994282e-05,-7.715685024216451e-05,-7.095283998988395e-05,-6.657278836760583e-05,-5.925672373351824e-05,-4.66231722286564e-05,-2.760790086037843e-05,-3.1349296276642774e-06,2.8811898211401357e-05,6.185345150759232e-05,5.155069252410526e-05,5.954412220062496e-05,7.974678877835183e-05,0.00010377921119918276,0.0001369321027550675,0.00018297444333494013,0.0002204322435538402,0.0002756219782843176,0.0003018970476505596,0.000315795944259021,0.0003225432391051312,0.00031830747693529355,0.0003126671859369873,0.00030197755991759556,0.0002932041257382305,0.00028772920418589223,0.0005590936904287032,-0.1578152981249999,-0.4413719166458333,4.1996501125,101064.68208333332,0.0002109805736066,1.1100000143051147,197.00250244140625,16.2862491607666,0.4687374927674327,1.232100031757355,-0.858763958275803,0.5123714121284235,-0.5000000000000004,0.8660254037844384
2013-12-08,0.00030068453368697255,0.0003008582899793159,0.00027978130315205115,0.0002630993268862909,0.0002456390282869391,0.0002266116793152397,0.0002084584763305673,0.00018578234574944812,0.00015741055763975444,0.00012447058564690302,9.295820862903295e-05,6.204305615981141e-05,4.487310593737245e-05,3.643005599881981e-05,2.707257468050152e-05,1.896315473475411e-05,4.267445715231512e-06,-1.5678616498339766e-05,-1.634458458092206e-05,-2.7293025227097735e-05,-1.9666960284114065e-05,1.1387440908606666e-05,5.119482038784936e-05,5.285937226502113e-05,6.057352664002076e-05,6.918213970109316e-05,8.043784962792475e-05,9.893037832368186e-05,0.00010398823240226157,0.00010119683892278927,9.230962446403417e-05,7.801685691475199e-05,5.903340105892046e-05,3.215515764936525e-05,6.366039133175985e-06,-1.9364971784226707e-05,-3.0782656458378756e-05,-4.8419133216811136e-05,-6.935351077314704e-05,-8.478716647318916e-05,-9.382335503885621e-05,-9.369893641647649e-05,-9.162618533126553e-05,-9.506324723560088e-05,-0.00011030302608243744,-0.00013384350815999387,-0.00015514829382810483,-0.00016453508654785403,-0.00015441967683578668,-0.00013714878264982182,-0.0001187483524099734,-0.00010921718607121408,-0.0001030002270290332,-0.00011167027665600272,-0.0001200067032544266,-0.00012319495159070817,-0.00013145470087714043,-0.000141497573909044,-0.00014699701542774356,-0.00014767242163271293,-0.00013874397492738162,-0.00014473559918607177,-0.00014360726750586083,-0.00013544620354031465,-0.0001230637228996953,-0.00010788535994006055,-9.828992010673659e-05,-9.059255304776321e-05,-8.536874199955572e-05,-8.144043952439857e-05,-7.673036794381748e-05,-6.77715086153708e-05,-7.469794552377322e-05,-8.994810443073106e-05,-8.772881958343565e-05,-8.447047933332284e-05,-8.196822524362578e-05,-7.580375310484606e-05,-6.250844126603888e-05,-4.4855331750145696e-05,-2.1707015972096476e-05,8.953644213645683e-06,4.231596162443609e-05,4.192278395731692e-05,6.544709564323942e-05,8.819331616343815e-05,0.00011141630838920146,0.00014334202388461726,0.00018749612500733288,0.00022832494935710125,0.0002716782574690069,0.00028847852537206307,0.00030065598390266034,0.00030781693222022157,0.000307461195245783,0.00030968381606039883,0.000307409495513083,0.00030156053939350635,0.00029791059169194747,0.0004788202491871548,1.4731604179166666,-4.513907116666666,8.149945466666667,100860.18041666668,3.230571722333333e-05,0.8199999928474426,213.3300018310547,11.681249618530272,4.748216409854376,0.672399988269806,-0.3856634062436074,0.9226395488404876,-2.4492935982947064e-16,1.0
2014-01-14,0.00029249522332401253,0.00029044424273055766,0.0002751871753670022,0.00026071150283949043,0.0002446791856447957,0.00022602152759083698,0.00020926843772161574,0.00019160105960116315,0.00016563352849040798,0.0001304353226775723,9.730587449073043e-05,6.402070792169197e-05,4.6413979986105765e-05,3.77276177789101e-05,2.7795388541959546e-05,1.7926642145305e-05,4.209954614471094e-06,-1.094316906945274e-05,-1.495926981715803e-05,-2.0916239382755413e-05,-1.3270935155119618e-05,1.3748270379863346e-05,4.725427400773127e-05,5.7399557602244865e-05,6.353098107132113e-05,7.261492894635564e-05,8.454626734187853e-05,0.00010021243874693106,0.00010379267132809851,0.00010032801522294556,9.326988194214446e-05,8.271984366238113e-05,6.551644214915748e-05,4.064902875539444e-05,1.6718780635492254e-05,-9.101823834644424e-06,-2.8256369575567186e-05,-4.614452290712533e-05,-6.657040415114084e-05,-7.70266222945553e-05,-9.091678815226851e-05,-9.10299800443019e-05,-8.772411668884372e-05,-9.449814178578133e-05,-0.0001126170120259554,-0.00013350283261733814,-0.00015345282080022664,-0.0001636337653614865,-0.00015546872341809292,-0.00013642455788113336,-0.0001157565588202253,-0.00010593604940032734,-9.758831913492648e-05,-0.00010663762988812434,-0.0001131191631323818,-0.00011628622519044403,-0.00012636922107189214,-0.0001371510421544761,-0.0001419468621968591,-0.00014255939471643898,-0.00013847739188807806,-0.00015666983292272077,-0.00016026725738804633,-0.00015240554849788463,-0.0001476580963859132,-0.00013731887963591095,-0.00012811808855344827,-0.0001194742276619036,-0.00010907647733671356,-9.969175575490351e-05,-9.314310406171794e-05,-8.404063602092117e-05,-9.011948953950932e-05,-0.00010276262817151928,-9.830078892470678e-05,-9.798811867676175e-05,-9.736366211964573e-05,-9.235078247617388e-05,-7.839371030342135e-05,-6.210276263991297e-05,-4.0279102316528675e-05,-1.0904609784109992e-05,2.277847174127986e-05,3.229487539052858e-05,7.135006908585387e-05,9.663984354852447e-05,0.00011905340557922014,0.000149751945014167,0.00019201780667972562,0.00023621765516036231,0.00026773453665369625,0.00027506000309356657,0.0002855160235462996,0.0002930906253353119,0.0002966149135562724,0.0003067004461838103,0.0003128414311085705,0.0003099169530487821,0.0003080919791980027,0.0003985468079456064,0.56545257875,0.7437019358333333,3.8550160833333336,101180.53375,5.976359034166667e-05,0.7037500143051147,216.34625244140625,11.256250381469728,0.9342532783872222,0.4952640826344492,0.2386727660059501,0.9711000518829505,0.4999999999999999,0.8660254037844387
2014-02-21,0.00028430591296105256,0.0002800301954817995,0.00027059304758195326,0.00025832367879269,0.00024371934300265226,0.00022543137586643425,0.0002100783991126642,0.0001974197734528782,0.0001738564993410615,0.00013640005970824161,0.00010165354035242789,6.599835968357253e-05,4.795485403483907e-05,3.9025179559000386e-05,2.851820240341757e-05,1.6890129555855887e-05,4.152463513710675e-06,-6.207721640565711e-06,-1.3573955053393999e-05,-1.4539453538413088e-05,-6.874910026125167e-06,1.6109099851120025e-05,4.3313727627613174e-05,6.19397429394686e-05,6.648843550262149e-05,7.604771819161811e-05,8.86546850558323e-05,0.00010149449917018028,0.00010359711025393543,9.945919152310185e-05,9.423013942025476e-05,8.742283041001028e-05,7.199948323939452e-05,4.914289986142363e-05,2.7071522137808524e-05,1.1613241149378622e-06,-2.5730082692755613e-05,-4.386991259743952e-05,-6.378729752913463e-05,-6.926607811592143e-05,-8.801022126568082e-05,-8.836102367212732e-05,-8.382204804642191e-05,-9.393303633596177e-05,-0.00011493099796947333,-0.00013316215707468237,-0.00015175734777234844,-0.00016273244417511898,-0.00015651777000039917,-0.0001357003331124449,-0.00011276476523047719,-0.00010265491272944061,-9.217641124081978e-05,-0.00010160498312024595,-0.000106231623010337,-0.00010937749879017989,-0.00012128374126664382,-0.00013280451039990822,-0.00013689670896597467,-0.000137446367800165,-0.0001382108088487745,-0.00016860406665936974,-0.00017692724727023186,-0.00016936489345545464,-0.00017225246987213108,-0.00016675239933176136,-0.00015794625700015996,-0.00014835590227604397,-0.0001327842126738714,-0.00011794307198540844,-0.0001095558401796184,-0.00010030976342647153,-0.00010554103355524541,-0.00011557715191230752,-0.00010887275826597792,-0.00011150575802020064,-0.00011275909899566569,-0.0001088978118475017,-9.427897934080383e-05,-7.935019352968024e-05,-5.885118866096087e-05,-3.076286378186567e-05,3.240981858123634e-06,2.266696682374023e-05,7.725304252846832e-05,0.0001050863709336108,0.00012669050276923883,0.00015616186614371674,0.00019653948835211837,0.00024411036096362338,0.0002637908158383856,0.00026164148081507006,0.0002703760631899389,0.00027836431845040224,0.00028576863186676187,0.00030371707630722183,0.00031827336670405795,0.00031827336670405795,0.00031827336670405795,0.00031827336670405795,0.8219114928458334,0.751545592875,3.6553611375,101199.62166666666,2.2848447234166664e-05,0.5687500238418579,211.6699981689453,16.36625099182129,1.113714182473179,0.3234765896201139,0.7802958510707755,0.6254105729852463,0.8660254037844386,0.5000000000000001
2014-03-28,0.00028758891441474176,0.0002923000260488722,0.00028201979434673184,0.0002674196768951677,0.0002529627143821604,0.000236866802529445,0.00022118992913252198,0.00020669447598693484,0.00018361834881869344,0.0001468016244532623,0.00011266836279822659,7.724206630084474e-05,5.8735423715748136e-05,4.63951379308124e-05,3.4447073770336496e-05,2.53432351046054e-05,1.6585953557928918e-05,9.950830847682596e-06,5.706166938539238e-06,4.393768934351874e-06,1.0678177656180869e-05,3.3292068860490476e-05,5.8500996426134236e-05,7.564081840858957e-05,7.719060495833558e-05,8.695299519681698e-05,9.948394313061254e-05,0.00010993371083990859,0.0001099418890217999,0.00010495102824411873,0.00010025712956607927,9.372642397992477e-05,7.769002906097576e-05,5.404771034244705e-05,2.9623523100123975e-05,2.7171647096231492e-06,-2.4020627781603263e-05,-4.286234997888156e-05,-6.238642653267002e-05,-6.864739857762176e-05,-8.722906905090105e-05,-8.793787351521527e-05,-8.365305888977509e-05,-9.23569130919524e-05,-0.00011011988960679073,-0.00012891047907132524,-0.00014888459724893312,-0.00015806836064085152,-0.00015180159386880108,-0.0001334718907682225,-0.00011341740000453431,-0.00010240815215311605,-9.107454653759272e-05,-0.00010104366673756582,-0.00010675455156841676,-0.00010928501573962793,-0.00011780735804981539,-0.0001243175049871428,-0.00012478404560114565,-0.00012238467119651475,-0.00012166530567274698,-0.00014486584373757212,-0.0001503709885031132,-0.00014313985063680782,-0.00014416533380557994,-0.00013957882391427026,-0.00013434244316488402,-0.00012847869250148613,-0.00011688735566804049,-0.0001057524935280317,-0.00010046886620030032,-9.47237077773439e-05,-0.00010054105409404021,-0.00011018877423653842,-0.00010644408477632328,-0.00010884735108605043,-0.00010918275749977463,-0.00010454414315801121,-9.129297072157417e-05,-7.74702712840943e-05,-5.919139660053779e-05,-3.1028450058131417e-05,3.289045233123744e-06,2.6653996887230988e-05,7.754034092723094e-05,0.00010520259005826976,0.00012788148193369701,0.00015685415904020418,0.00019394364999069215,0.00023644704475256174,0.00025668191237416497,0.00025949366035587536,0.00027221203448054676,0.00028579171744081306,0.00029720117444897586,0.0003126395473982707,0.00032503421150362736,0.00032598341890329726,0.0003294563191478519,0.00036330880823227333,0.6069240716666666,0.5901247666666667,4.1070146,101002.393125,1.4106432675e-06,0.7649999856948853,198.3500061035156,15.057499885559082,0.8465247007629683,0.5852249781131746,0.9973249731081556,0.0730951298980777,1.0,6.123233995736766e-17
2014-05-02,0.00029087191586843095,0.00030456985661594493,0.0002934465411115104,0.0002765156749976454,0.00026220608576166845,0.00024830222919245575,0.00023230145915237974,0.0002159691785209915,0.00019338019829632537,0.000157203189198283,0.00012368318524402528,8.848577291811694e-05,6.95159933966572e-05,5.3765096302624415e-05,4.037594513725541e-05,3.37963406533549e-05,2.9019443602147163e-05,2.6109383335930903e-05,2.4986288930472474e-05,2.3326991407116836e-05,2.8231265338486905e-05,5.047503786986093e-05,7.36882652246553e-05,8.934189387771054e-05,8.789277441404966e-05,9.785827220201585e-05,0.00011031320120539279,0.0001183729225096369,0.00011628666778966438,0.00011044286496513562,0.00010628411971190379,0.00010003001754983926,8.338057488255701e-05,5.895252082347046e-05,3.217552406243942e-05,4.273005304308436e-06,-2.2311172870450915e-05,-4.1854787360323596e-05,-6.09855555362054e-05,-6.80287190393221e-05,-8.644791683612127e-05,-8.751472335830323e-05,-8.348406973312826e-05,-9.078078984794303e-05,-0.00010530878124410814,-0.00012465880106796813,-0.0001460118467255178,-0.00015340427710658404,-0.000147085417737203,-0.0001312434484240001,-0.00011407003477859144,-0.00010216139157679149,-8.997268183436566e-05,-0.00010048235035488569,-0.00010727748012649653,-0.00010919253268907598,-0.00011433097483298695,-0.00011583049957437737,-0.00011267138223631665,-0.00010732297459286451,-0.00010511980249671947,-0.00012112762081577453,-0.00012381472973599454,-0.00011691480781816098,-0.0001160781977390288,-0.00011240524849677915,-0.0001107386293296081,-0.00010860148272692828,-0.00010099049866220958,-9.356191507065495e-05,-9.138189222098223e-05,-8.913765212821628e-05,-9.554107463283501e-05,-0.00010480039656076932,-0.00010401541128666864,-0.00010618894415190022,-0.00010560641600388358,-0.00010019047446852072,-8.830696210234452e-05,-7.559034903850834e-05,-5.95316045401147e-05,-3.129403633439716e-05,3.337108608123854e-06,3.0641026950721745e-05,7.782763932599355e-05,0.00010531880918292871,0.0001290724610981552,0.00015754645193669163,0.00019134781162926593,0.00022878372854150009,0.00024957300890994435,0.0002573458398966807,0.0002740480057711546,0.00029321911643122393,0.00030863371703118985,0.00032156201848931957,0.00033179505630319677,0.00033369347110253657,0.0003406392715916459,0.00040834424976048876,0.2999197562916667,2.1500975329166665,4.5266294625,100849.11520833334,0.0002472599345541,0.9774999618530272,183.5825042724609,12.994999885559082,2.170914844315269,0.95550617542267,0.8631421280499114,-0.5049610547215204,0.4999999999999999,-0.8660254037844387
2014-06-06,0.0002941549173221202,0.00031683968718301765,0.00030487328787628904,0.0002856116731001231,0.0002714494571411766,0.00025973765585546646,0.00024341298917223748,0.00022524388105504812,0.00020314204777395728,0.0001676047539433037,0.00013469800768982397,9.972947953538913e-05,8.029656307756625e-05,6.113505467443644e-05,4.6304816504174334e-05,4.224944620210441e-05,4.14529336463654e-05,4.226793582417921e-05,4.426641092240571e-05,4.2260213879881794e-05,4.5784353020792944e-05,6.765800687923138e-05,8.887553402317635e-05,0.0001030429693468315,9.859494386976373e-05,0.00010876354920721473,0.00012114245928017303,0.0001268121341793652,0.00012263144655752885,0.0001159347016861525,0.0001123111098577283,0.00010633361111975375,8.907112070413826e-05,6.385733130449387e-05,3.4727525024754874e-05,5.828845898993722e-06,-2.0601717959298565e-05,-4.084722474176564e-05,-5.9584684539740794e-05,-6.741003950102241e-05,-8.56667646213415e-05,-8.70915732013912e-05,-8.331508057648143e-05,-8.920466660393364e-05,-0.00010049767288142554,-0.00012040712306461099,-0.00014313909620210246,-0.00014874019357231658,-0.00014236924160560487,-0.00012901500607977767,-0.00011472266955264854,-0.00010191463100046692,-8.88708171311386e-05,-9.992103397220556e-05,-0.00010780040868457628,-0.00010910004963852401,-0.00011085459161615851,-0.00010734349416161194,-0.00010055871887148764,-9.226127798921428e-05,-8.857429932069197e-05,-9.738939789397692e-05,-9.725847096887586e-05,-9.068976499951416e-05,-8.799106167247768e-05,-8.523167307928805e-05,-8.713481549433217e-05,-8.872427295237045e-05,-8.509364165637867e-05,-8.13713366132782e-05,-8.229491824166416e-05,-8.355159647908867e-05,-9.054109517162983e-05,-9.941201888500023e-05,-0.000101586737797014,-0.00010353053721775003,-0.00010203007450799252,-9.583680577903022e-05,-8.532095348311487e-05,-7.37104267929224e-05,-5.987181247969161e-05,-3.155962261066291e-05,3.3851719831239645e-06,3.46280570142125e-05,7.811493772475615e-05,0.00010543502830758767,0.0001302634402626134,0.00015823874483317907,0.00018875197326783974,0.00022112041233043845,0.00024246410544572376,0.000255198019437486,0.00027588397706176243,0.00030064651542163474,0.0003200662596134039,0.00033048448958036846,0.00033855590110276623,0.0003414035233017759,0.0003518222240354398,0.00045337969128870413,4.949293783333333,-1.7618592566666669,9.523486791666668,100585.76854166666,0.0003467003502083,1.838750004768372,244.4912567138672,17.636249542236328,5.2535375694901045,3.3810015800356865,0.4250003399695541,-0.9051931898913974,1.2246467991473532e-16,-1.0
2014-07-11,0.0002974379187758094,0.00032910951775009037,0.0003163000346410676,0.00029470767120260083,0.0002806928285206847,0.00027117308251847717,0.00025452451919209525,0.00023451858358910477,0.0002129038972515892,0.0001780063186883244,0.0001457128301356227,0.00011097318615266134,9.107713275847532e-05,6.850501304624844e-05,5.2233687871093256e-05,5.0702551750853925e-05,5.3886423690583654e-05,5.842648831242752e-05,6.354653291433895e-05,6.119343635264676e-05,6.333744070309898e-05,8.484097588860183e-05,0.00010406280282169742,0.00011674404481595247,0.00010929711332547782,0.0001196688262124136,0.00013197171735495326,0.00013525134584909353,0.00012897622532539332,0.00012142653840716939,0.00011833810000355282,0.00011263720468966824,9.476166652571951e-05,6.876214178551729e-05,3.7279525987070326e-05,7.384686493679009e-06,-1.8892263048146214e-05,-3.983966212320768e-05,-5.818381354327618e-05,-6.679135996272275e-05,-8.488561240656173e-05,-8.666842304447916e-05,-8.31460914198346e-05,-8.762854335992427e-05,-9.568656451874294e-05,-0.00011615544506125386,-0.00014026634567868715,-0.0001440761100380491,-0.00013765306547400678,-0.00012678656373555527,-0.00011537530432670567,-0.00010166787042414236,-8.776895242791154e-05,-9.935971758952543e-05,-0.00010832333724265606,-0.00010900756658797206,-0.00010737820839933007,-9.885648874884652e-05,-8.844605550665862e-05,-7.719958138556403e-05,-7.202879614466444e-05,-7.36511749721793e-05,-7.070221220175718e-05,-6.446472218086732e-05,-5.990392560592654e-05,-5.8058097661796936e-05,-6.353100165905623e-05,-6.884706317781259e-05,-6.919678465054778e-05,-6.918075815590145e-05,-7.320794426234607e-05,-7.796554082996105e-05,-8.554111571042463e-05,-9.402364120923113e-05,-9.915806430735935e-05,-0.00010087213028359982,-9.845373301210146e-05,-9.148313708953973e-05,-8.233494486388521e-05,-7.183050454733644e-05,-6.021202041926852e-05,-3.1825208886928657e-05,3.4332353581240744e-06,3.861508707770325e-05,7.840223612351877e-05,0.00010555124743224663,0.00013145441942707158,0.00015893103772966652,0.00018615613490641353,0.0002134570961193768,0.00023535520198150316,0.00025305019897829136,0.00027771994835237027,0.0003080739144120456,0.0003314988021956179,0.0003394069606714173,0.00034531674590233564,0.0003491135755010152,0.00036300517647923374,0.0004984151328169196,4.9958368958333335,-0.187081652875,8.949845970833334,101110.453125,0.000150005023,1.8799999952316284,250.8325042724609,11.03499984741211,4.999338539708236,3.534399982070923,-0.1628070129385164,-0.9866579328916572,-0.4999999999999997,-0.8660254037844388
2014-08-15,0.0003007209202294986,0.0003413793483171631,0.0003277267814058462,0.00030380366930507854,0.0002899361999001928,0.00028260850918148794,0.000265636049211953,0.00024379328612316142,0.00022266574672922114,0.0001884078834333451,0.0001567276525814214,0.00012221689276993355,0.00010185770243938438,7.587497141806047e-05,5.816255923801218e-05,5.915565729960343e-05,6.631991373480189e-05,7.458504080067583e-05,8.282665490627218e-05,8.012665882541172e-05,8.089052838540502e-05,0.00010202394489797228,0.00011925007162021849,0.00013044512028507343,0.0001199992827811919,0.00013057410321761246,0.00014280097542973351,0.00014369055751882183,0.00013532100409325778,0.00012691837512818628,0.00012436509014937734,0.00011894079825958273,0.00010045221234730076,7.366695226654071e-05,3.983152694938578e-05,8.940527088364296e-06,-1.7182808136993867e-05,-3.8832099504649715e-05,-5.678294254681156e-05,-6.617268042442308e-05,-8.410446019178196e-05,-8.624527288756712e-05,-8.297710226318777e-05,-8.60524201159149e-05,-9.087545615606035e-05,-0.00011190376705789674,-0.00013739359515527183,-0.00013941202650378164,-0.0001329368893424087,-0.00012455812139133287,-0.00011602793910076279,-0.0001014211098478178,-8.666708772468448e-05,-9.87984012068453e-05,-0.00010884626580073581,-0.0001089150835374201,-0.00010390182518250164,-9.03694833360811e-05,-7.633339214182962e-05,-6.213788478191378e-05,-5.548329296863694e-05,-4.9912952050381686e-05,-4.414595343463852e-05,-3.8239679362220516e-05,-3.1816789539375415e-05,-3.0884522244305836e-05,-3.99271878237803e-05,-4.896985340325476e-05,-5.3299927644716866e-05,-5.6990179698524705e-05,-6.4120970283028e-05,-7.237948518083342e-05,-8.054113624921943e-05,-8.863526353346203e-05,-9.672939081770471e-05,-9.821372334944961e-05,-9.487739151621041e-05,-8.712946840004924e-05,-7.934893624465556e-05,-6.99505823017505e-05,-6.0552228358845436e-05,-3.20907951631944e-05,3.4812987331241848e-06,4.260211714119401e-05,7.868953452228138e-05,0.00010566746655690558,0.00013264539859152977,0.00015962333062615396,0.0001835602965449873,0.00020579377990831516,0.00022824629851728254,0.00025090237851909666,0.0002795559196429781,0.0003155013134024564,0.00034293134477783187,0.0003483294317624662,0.00035207759070190504,0.0003568236277002545,0.0003741881289230277,0.0005434505743451349,3.750829683333333,0.7710221625,7.777165129166666,101129.71041666664,0.0008790691766666,1.5950000286102295,235.1875,14.903749465942385,3.8292556050021793,2.544025091266633,-0.6932812268869771,-0.7206671495538615,-0.8660254037844385,-0.5000000000000004
2014-09-20,0.0002877257559000242,0.0003257193394791702,0.0003165725977436927,0.0002970809516244276,0.0002838214675461399,0.0002750805501591204,0.00025910791558429334,0.0002383353298256121,0.00021632579806685025,0.00018751456183529547,0.0001621097740667981,0.00012344582581621204,0.00010202809717581415,7.359970145195191e-05,5.4893254014323204e-05,5.030240402573595e-05,4.7715463058963664e-05,5.014567263032595e-05,5.1466844553645014e-05,3.906406362789625e-05,3.921957538276644e-05,6.584677959742301e-05,8.483439031964585e-05,9.356117905570812e-05,8.518905358994626e-05,9.77934029112608e-05,0.00010900841581295258,0.00011093223706302385,0.0001040840924405249,9.938811531594483e-05,9.028964728610811e-05,8.407700984377814e-05,6.72497125495544e-05,4.0722431083434974e-05,1.0601335457923323e-05,-1.8211593242874434e-05,-3.986579816212972e-05,-6.21933252806688e-05,-7.879884341409812e-05,-8.712930078131809e-05,-0.00010384921440608192,-0.00010722320626800913,-0.0001069356973353226,-0.00011179710409041616,-0.00011685486603345578,-0.00013258951532068233,-0.00015124339626193848,-0.00014225191364396837,-0.0001384750919547099,-0.0001370879149263085,-0.00013800281018149464,-0.0001275993533684887,-0.00011651904023814618,-0.00011620144105392482,-0.00011864210188727189,-0.00012190313747757072,-0.00012216863639925862,-0.00011198692366362027,-0.00010337169064595339,-9.250090013181504e-05,-9.184888991948484e-05,-8.57401204697053e-05,-7.90044249729746e-05,-6.903814407129618e-05,-6.623640375020324e-05,-6.572430660920254e-05,-6.89764100751155e-05,-7.679575559899528e-05,-7.707014267869516e-05,-7.472466583022328e-05,-7.605642674180694e-05,-8.110894480350961e-05,-8.767477058920635e-05,-9.487982289588588e-05,-0.00010201626174276537,-0.00010462380659577072,-0.00010207752834454527,-9.534955157970696e-05,-8.867174530969362e-05,-7.663742835155375e-05,-6.495933176451962e-05,-3.8532766642457575e-05,-4.85639333230199e-06,3.714603988205652e-05,6.93759215366673e-05,9.364652183967536e-05,0.00011695595304768186,0.00014223114353830967,0.00016721111572137406,0.00019262232640401004,0.0002190450353230789,0.00023846990411602813,0.0002630306048379044,0.0002932188655609057,0.0003159980952270531,0.00032199100931138433,0.0003266521820987087,0.00033401674199854087,0.00034921893927402676,0.000542242444516399,4.524410883333333,-0.0205974566666666,7.637562520833334,100932.049375,8.726119985416667e-05,1.5625,247.7449951171875,6.576250076293945,4.524457768224414,2.44140625,-0.9829265519799822,-0.1839983516576798,-1.0,-1.8369701987210294e-16
2014-10-26,0.0002747305915705497,0.00031005933064117726,0.00030541841408153925,0.0002903582339437767,0.00027770673519208696,0.00026755259113675283,0.0002525797819566336,0.0002328773735280628,0.00020998584940447936,0.00018662124023724588,0.0001674918955521748,0.00012467475886249053,0.00010219849191224393,7.132443148584336e-05,5.162394879063423e-05,4.144915075186847e-05,2.9111012383125442e-05,2.5706304459976064e-05,2.0107034201017848e-05,-1.9985315696192176e-06,-2.4513776198721333e-06,2.9669614296873762e-05,5.041870901907321e-05,5.667723782634279e-05,5.037882439870063e-05,6.501270260490912e-05,7.521585619617165e-05,7.817391660722587e-05,7.2847180787792e-05,7.185785550370337e-05,5.62142044228389e-05,4.9213221427973564e-05,3.404721275180803e-05,7.77790990032924e-06,-1.862885603353913e-05,-4.536371357411316e-05,-6.254878818726556e-05,-8.555455105668786e-05,-0.0001008147442813847,-0.00010808592113821309,-0.00012359396862038187,-0.00012820113964845113,-0.00013089429240745746,-0.00013754178806491742,-0.00014283427591085118,-0.00015327526358346793,-0.00016509319736860513,-0.0001450918007841551,-0.0001440132945670111,-0.00014961770846128416,-0.00015997768126222649,-0.00015377759688915964,-0.00014637099275160786,-0.00013360448090100435,-0.00012843793797380796,-0.00013489119141772135,-0.0001404354476160156,-0.00013360436399115946,-0.00013040998915007717,-0.0001228639154817163,-0.00012821448687033276,-0.0001215672888890289,-0.00011386289651131065,-9.983660878037184e-05,-0.00010065601796103107,-0.00010056409097409926,-9.80256323264507e-05,-0.00010462165779473578,-0.00010084035771267344,-9.245915196192185e-05,-8.799188320058587e-05,-8.98384044261858e-05,-9.480840492919328e-05,-0.00010112438225830974,-0.00010730313266782604,-0.00011103388984209182,-0.00010927766517288012,-0.00010356963475936468,-9.799455437473168e-05,-8.3324274401357e-05,-6.93664351701938e-05,-4.497473812172075e-05,-1.3194085397728164e-05,3.1689962622919026e-05,6.006230855105321e-05,8.162557712244514e-05,0.00010126650750383398,0.00012483895645046535,0.0001508619348977608,0.00017945087289970494,0.00020984377212887527,0.0002260374297129596,0.0002465052900328307,0.000270936417719355,0.00028906484567627424,0.0002956525868603025,0.00030122677349551236,0.0003112098562968272,0.0003242497496250259,0.0005410343146876632,-0.1053428654166667,0.38863500125,3.512850279166667,101204.09625,0.0002086758629649,0.8512499928474426,200.9012451171875,11.403749465942385,0.4026590164031863,0.7246265503227711,-0.9070138128026362,0.4211008707960891,-0.8660254037844386,0.5000000000000001
2014-12-01,0.00026173542724107523,0.00029439932180318434,0.00029426423041938575,0.0002836355162631258,0.0002715920028380341,0.0002600246321143853,0.0002460516483289739,0.00022741941723051346,0.0002036459007421085,0.0001857279186391963,0.0001728740170375515,0.000125903691908769,0.0001023688866486737,6.904916151973483e-05,4.835464356694526e-05,3.259589747800099e-05,1.0506561707287221e-05,1.266936289626177e-06,-1.1252776151609325e-05,-4.306112676713467e-05,-4.41223306225107e-05,-6.5075510036754906e-06,1.6003027718500566e-05,1.9793296596977466e-05,1.556859520745499e-05,3.2232002298557434e-05,4.1423296579390725e-05,4.541559615142789e-05,4.161026913505912e-05,4.432759569146192e-05,2.213876155956969e-05,1.4349433012168989e-05,8.447129540616673e-07,-2.5166611282776495e-05,-4.785904752500158e-05,-7.25158339053519e-05,-8.523177821240143e-05,-0.00010891577683270694,-0.00012283064514867124,-0.0001290425414951081,-0.00014333872283468183,-0.00014917907302889314,-0.00015485288747959228,-0.00016328647203941868,-0.0001688136857882466,-0.00017396101184625353,-0.00017894299847527178,-0.00014793168792434183,-0.0001495514971793123,-0.0001621475019962598,-0.00018195255234295835,-0.00017995584040983055,-0.00017622294526506955,-0.00015100752074808385,-0.000138233774060344,-0.00014787924535787194,-0.0001587022588327726,-0.00015522180431869865,-0.00015744828765420094,-0.00015322693083161758,-0.00016458008382118065,-0.00015739445730835253,-0.0001487213680496467,-0.0001306350734894475,-0.00013507563217185888,-0.00013540387533899598,-0.00012707485457778592,-0.0001324475599904763,-0.00012461057274665174,-0.00011019363809362042,-9.992733965936482e-05,-9.856786404886198e-05,-0.0001019420392691802,-0.00010736894162073361,-0.00011259000359288671,-0.00011744397308841293,-0.00011647780200121498,-0.00011178971793902241,-0.00010731736343976972,-9.001112045116025e-05,-7.377353857586797e-05,-5.1416709600983926e-05,-2.153177746315434e-05,2.6233885363781527e-05,5.074869556543913e-05,6.960463240521491e-05,8.557706195998609e-05,0.00010744676936262106,0.00013451275407414754,0.0001662794193953998,0.00020064250893467165,0.0002136049553098911,0.00022997997522775698,0.0002486539698778043,0.00026213159612549546,0.00026931416440922066,0.00027580136489231607,0.00028840297059511355,0.00029928055997602494,0.0005398261848589273,-0.02493922625,-0.19690832,3.7547068833333337,100835.37541666666,0.00035721063765,0.7975000143051147,247.4499969482422,7.860000133514404,0.1984813630827113,0.6360062728166582,-0.4937755501599773,0.8695893893466109,-2.4492935982947064e-16,1.0
2015-01-06,0.0002487402629116008,0.00027873931296519143,0.00028311004675723225,0.00027691279858247487,0.0002654772704839812,0.0002524966730920177,0.00023952351470131423,0.00022196146093296414,0.0001973059520797376,0.00018483459704114668,0.0001782561385229282,0.0001271326249550475,0.00010253928138510348,6.677389155362627e-05,4.5085338343256284e-05,2.374264420413351e-05,-8.097888968551007e-06,-2.3172431880723703e-05,-4.261258650423648e-05,-8.412372196465014e-05,-8.579328362514928e-05,-4.2684716304224756e-05,-1.841265358207206e-05,-1.7090644632387855e-05,-1.9241633983790648e-05,-5.486980077942234e-07,7.630736962609781e-06,1.2657275695629902e-05,1.037335748232624e-05,1.6797335879220462e-05,-1.1936681303699528e-05,-2.0514355403635592e-05,-3.23577868436847e-05,-5.8111132465882217e-05,-7.708923901646404e-05,-9.966795423659062e-05,-0.00010791476823753728,-0.00013227700260872601,-0.0001448465460159578,-0.0001499991618520031,-0.0001630834770489818,-0.00017015700640933516,-0.0001788114825517271,-0.00018903115601391995,-0.00019479309566564204,-0.00019464676010903914,-0.00019279279958193843,-0.00015077157506452856,-0.0001550896997916135,-0.00017467729553123542,-0.0002039274234236902,-0.00020613408393050145,-0.00020607489777853125,-0.00016841056059516338,-0.00014802961014688008,-0.00016086729929802257,-0.0001769690700495296,-0.00017683924464623782,-0.0001844865861583247,-0.00018358994618151883,-0.00020094568077202855,-0.00019322162572767615,-0.00018357983958798278,-0.00016143353819852315,-0.00016949524638268672,-0.00017024365970389269,-0.00015612407682912113,-0.00016027346218621682,-0.00014838078778063002,-0.000127928124225319,-0.00011186279611814376,-0.00010729732367153817,-0.00010907567360916712,-0.00011361350098315746,-0.00011787687451794736,-0.00012385405633473403,-0.00012367793882954984,-0.00012000980111868012,-0.00011664017250480778,-9.66979665009635e-05,-7.818064198154216e-05,-5.78586810802471e-05,-2.9869469528580514e-05,2.0777808104644034e-05,4.1435082579825043e-05,5.758368768798469e-05,6.988761641613819e-05,9.005458227477675e-05,0.00011816357325053428,0.00015310796589109468,0.000191441245740468,0.0002011724809068226,0.00021345466042268328,0.00022637152203625356,0.00023519834657471667,0.00024297574195813882,0.0002503759562891197,0.0002655960848933999,0.000274311370327024,0.0005386180550301914,-0.5804920299999999,-0.7730776483333334,4.64928275,101148.26291666667,0.0002344051988333,0.6837500333786011,206.2899932861328,12.301250457763672,0.9667574914352192,0.4675141081452381,0.1031016974474348,0.9946708199115212,0.4999999999999999,0.8660254037844387
2015-02-06,0.0002551277311462508,0.000286024865319494,0.00028670722880989836,0.000278709366669225,0.00026654892525300976,0.000253999089328318,0.0002424638796969724,0.00022579225819194148,0.00020143335530120411,0.00019004423158552362,0.00018133738457773733,0.00013374068305516406,0.00010799930415969164,7.136562615894385e-05,4.61637061221415e-05,2.474452981293758e-05,-5.644086399920764e-06,-1.6259858600930772e-05,-3.4845968962686396e-05,-7.087535408080502e-05,-7.289121017753586e-05,-3.600130582787641e-05,-1.3270896369196177e-05,-1.2269282966120728e-05,-1.3286723712532937e-05,1.58790730169237e-06,8.663546389505133e-06,1.9042271393207513e-05,1.8049355735220743e-05,2.1213936807135316e-05,-4.040701358730963e-06,-1.2363688892169616e-05,-2.3571851680705353e-05,-4.901506100979897e-05,-6.9096617703655e-05,-9.157453348417692e-05,-0.00010162458141568373,-0.00012638907572432186,-0.0001362369922235533,-0.00014276936414612165,-0.0001534687085554041,-0.000158874436243102,-0.00016869119452236176,-0.00017960547358551087,-0.0001866575571155965,-0.00018727836463585328,-0.00018520212524540889,-0.00014777624793336567,-0.00015064015504834537,-0.00016802474774868322,-0.00019464865376090637,-0.00019810325139988638,-0.00019762851559167787,-0.00016187790601554297,-0.00014431303142948163,-0.00015580784767542814,-0.0001690319929209358,-0.0001678732664842685,-0.00017211769918786194,-0.00017227883756387705,-0.0001874913974571273,-0.00018221611591667965,-0.00017059988004679231,-0.00015135562880036775,-0.00015871631591503013,-0.0001595112792511285,-0.00014536117171265605,-0.00015045810233614663,-0.00014117235780081172,-0.0001247519619469,-0.0001117460288274857,-0.00010664706243556389,-0.00010794623153115666,-0.00011247758803742664,-0.00011766171992606251,-0.00012414457985114144,-0.00012253819801882174,-0.00011955653770107875,-0.00011460878347006546,-9.511298156373278e-05,-7.745176592913972e-05,-5.797896047015889e-05,-2.997303079301237e-05,1.566185358921433e-05,3.624298109809557e-05,5.337068223008581e-05,6.59505163148169e-05,8.943993680375257e-05,0.00011996330263802654,0.0001568025893640377,0.00019345919845176253,0.00020439522621316364,0.0002169809691274582,0.00022850762715207767,0.00023536740659489637,0.00024112959839744515,0.00024744754608488893,0.0002627131699309985,0.00027228294448379976,0.0005384095685356446,-0.0642623930249999,0.0132668818083333,3.3278571041666667,101234.72145833333,0.0002374450351191,0.9737499952316284,196.22000122070312,12.723750114440918,0.0656175686094498,0.9481890532135964,0.5947266869607634,0.8039279618328213,0.8660254037844386,0.5000000000000001
2015-03-09,0.0002615151993809009,0.00029331041767379656,0.0002903044108625645,0.0002805059347559752,0.00026762058002203836,0.00025550150556461826,0.0002454042446926306,0.0002296230554509188,0.00020556075852267065,0.00019525386612990057,0.00018441863063254648,0.0001403487411552806,0.00011345932693427979,7.59573607642614e-05,4.7242073901026716e-05,2.5746415421741647e-05,-3.1902838312905214e-06,-9.347285321137841e-06,-2.7079351421136317e-05,-5.762698619695989e-05,-5.998913672992244e-05,-2.9317895351528057e-05,-8.129139156320294e-06,-7.4479212998536014e-06,-7.3318134412752245e-06,3.7245126111789634e-06,9.696355816400486e-06,2.5427267090785123e-05,2.5725353988115244e-05,2.563053773505017e-05,3.855278586237601e-06,-4.213022380703639e-06,-1.4785916517726006e-05,-3.991898955371572e-05,-6.110399639084596e-05,-8.348111273176324e-05,-9.533439459383019e-05,-0.0001205011488399177,-0.00012762743843114878,-0.00013553956644024018,-0.00014385394006182644,-0.0001475918660768689,-0.00015857090649299638,-0.00017017979115710178,-0.00017852201856555098,-0.00017990996916266742,-0.00017761145090887932,-0.0001447809208022028,-0.00014619061030507724,-0.00016137219996613104,-0.00018536988409812254,-0.00019007241886927128,-0.0001891821334048245,-0.00015534525143592252,-0.00014059645271208317,-0.0001507483960528337,-0.000161094915792342,-0.00015890728832229918,-0.00015974881221739916,-0.0001609677289462353,-0.000174037114142226,-0.00017121060610568315,-0.00015761992050560185,-0.00014127771940221234,-0.0001479373854473735,-0.00014877889879836434,-0.00013459826659619097,-0.00014064274248607643,-0.00013396392782099342,-0.000121575799668481,-0.00011162926153682762,-0.0001059968011995896,-0.0001068167894531462,-0.0001113416750916958,-0.00011744656533417766,-0.00012443510336754887,-0.00012139845720809363,-0.00011910327428347737,-0.00011257739443532315,-9.352799662650204e-05,-7.672288987673728e-05,-5.809923986007069e-05,-3.007659205744422e-05,1.0545899073784629e-05,3.10508796163661e-05,4.9157676772186934e-05,6.201341621349561e-05,8.882529133272837e-05,0.00012176303202551879,0.0001604972128369807,0.0001954771511630571,0.00020761797151950466,0.00022050727783223313,0.0002306437322679018,0.00023553646661507603,0.00023928345483675148,0.00024451913588065813,0.00025983025496859703,0.00027025451864057546,0.0005382010820410977,0.6431630439166667,0.7974847083333333,3.781743841666667,101317.59375,6.765127072916667e-05,1.2324999570846558,200.9887542724609,15.434999465942385,1.0245196733521782,1.5190561442136783,0.9209712877166346,0.3896304495307879,1.0,6.123233995736766e-17
2015-04-09,0.0002679026676155509,0.00030059597002809915,0.0002939015929152306,0.00028230250284272537,0.0002686922347910669,0.00025700392180091853,0.00024834460968828874,0.00023345385270989613,0.00020968816174413716,0.00020046350067427752,0.00018749987668735562,0.00014695679925539717,0.00011891934970886795,8.054909536957898e-05,4.832044167991193e-05,2.6748301030545718e-05,-7.364812626602779e-07,-2.43471204134491e-06,-1.9312733879586235e-05,-4.437861831311477e-05,-4.708706328230901e-05,-2.2634484875179708e-05,-2.9873819434444117e-06,-2.6265596335864746e-06,-1.3769031700175122e-06,5.8611179206655564e-06,1.0729165243295838e-05,3.181226278836273e-05,3.3401352241009744e-05,3.0047138662965027e-05,1.1751258531206164e-05,3.9376441307623356e-06,-5.99998135474666e-06,-3.082291809763248e-05,-5.311137507803691e-05,-7.538769197934955e-05,-8.904420777197665e-05,-0.00011461322195551353,-0.00011901788463874426,-0.00012830976873435873,-0.00013423917156824876,-0.00013630929591063574,-0.00014845061846363103,-0.0001607541087286927,-0.00017038648001550544,-0.00017254157368948157,-0.00017002077657234978,-0.0001417855936710399,-0.0001417410655618091,-0.00015471965218357884,-0.00017609111443533872,-0.0001820415863386562,-0.00018073575121797109,-0.0001488125968563021,-0.00013687987399468472,-0.00014568894443023927,-0.00015315783866374821,-0.00014994131016032985,-0.00014737992524693639,-0.00014965662032859352,-0.00016058283082732476,-0.00016020509629468665,-0.00014463996096441138,-0.00013119981000405694,-0.00013715845497971692,-0.00013804651834560015,-0.00012383536147972588,-0.00013082738263600624,-0.00012675549784117515,-0.000118399637390062,-0.00011151249424616956,-0.00010534653996361533,-0.00010568734737513573,-0.00011020576214596498,-0.00011723141074229281,-0.00012472562688395627,-0.00012025871639736552,-0.000118650010865876,-0.00011054600540058083,-9.194301168927132e-05,-7.599401382433484e-05,-5.821951924998248e-05,-3.0180153321876075e-05,5.4299445583549275e-06,2.585877813463663e-05,4.4944671314288056e-05,5.807631611217433e-05,8.821064586170419e-05,0.00012356276141301106,0.00016419183630992374,0.00019749510387435162,0.0002108407168258457,0.00022403358653700804,0.0002327798373837259,0.00023570552663525573,0.0002374373112760578,0.00024159072567642736,0.0002569473400061956,0.00026822609279735123,0.0005379925955465509,-0.6609668658333333,1.3086999220833333,3.7329295041666666,101010.29395833334,0.0001462300617591,0.9112499952316284,193.83499145507807,14.736249923706056,1.466142109002556,0.8303765538096428,0.9911140639934548,-0.1330147065341959,0.8660254037844387,-0.4999999999999998
2015-05-11,0.0002742901358502009,0.00030788152238240174,0.00029749877496789665,0.0002840990709294755,0.0002697638895600955,0.0002585063380372188,0.00025128497468394694,0.00023728464996887344,0.00021381556496560366,0.0002056731352186545,0.00019058112274216474,0.0001535648573555137,0.00012437937248345612,8.514082997489655e-05,4.939880945879714e-05,2.775018663934979e-05,1.7173213059699647e-06,4.477861238448021e-06,-1.1546116338036157e-05,-3.113025042926964e-05,-3.418498983469559e-05,-1.5951074398831358e-05,2.1543752694314727e-06,2.1948020326806523e-06,4.5780071012401985e-06,7.99772323015215e-06,1.176197467019119e-05,3.819725848594034e-05,4.1077350493904245e-05,3.4463739590879884e-05,1.964723847617473e-05,1.2088310642228314e-05,2.785953808232687e-06,-2.1726846641549235e-05,-4.511875376522786e-05,-6.729427122693586e-05,-8.275402095012311e-05,-0.00010872529507110938,-0.00011040833084633974,-0.00012107997102847727,-0.0001246244030746711,-0.0001250267257444026,-0.00013833033043426566,-0.00015132842630028362,-0.0001622509414654599,-0.0001651731782162957,-0.00016243010223582023,-0.00013879026653987705,-0.00013729152081854096,-0.00014806710440102666,-0.00016681234477255492,-0.0001740107538080411,-0.0001722893690311177,-0.0001422799422766817,-0.00013316329527728626,-0.00014062949280764484,-0.0001452207615351544,-0.00014097533199836052,-0.0001350110382764736,-0.00013834551171095177,-0.0001471285475124235,-0.00014919958648369015,-0.00013166000142322094,-0.00012112190060590154,-0.0001263795245120603,-0.000127314137892836,-0.00011307245636326078,-0.00012101202278593605,-0.00011954706786135685,-0.000115223475111643,-0.00011139572695551148,-0.00010469627872764104,-0.00010455790529712525,-0.00010906984920023415,-0.00011701625615040798,-0.00012501615040036367,-0.0001191189755866374,-0.00011819674744827461,-0.00010851461636583851,-9.03580267520406e-05,-7.526513777193239e-05,-5.833979863989428e-05,-3.0283714586307927e-05,3.139900429252242e-07,2.066667665290716e-05,4.073166585638918e-05,5.413921601085305e-05,8.759600039068e-05,0.0001253624908005033,0.00016788645978286677,0.00019951305658564615,0.00021406346213218675,0.00022755989524178298,0.00023491594249955,0.00023587458665543542,0.0002355911677153641,0.0002386623154721966,0.0002540644250437942,0.00026619766695412694,0.000537784109052004,1.6528282129166667,1.0394770398333333,5.333686604166666,100893.85895833334,0.0005818804094708,1.267499923706055,213.2762451171875,14.550000190734863,1.9525249339647293,1.6065560565948545,0.7748840413670407,-0.6321034111873487,0.4999999999999999,-0.8660254037844387
2015-06-11,0.00028067760408485094,0.00031516707473670433,0.00030109595702056276,0.00028589563901622566,0.00027083554432912407,0.00026000875427351907,0.0002542253396796051,0.00024111544722785078,0.00021794296818707017,0.00021088276976303144,0.00019366236879697388,0.00016017291545563026,0.00012983939525804426,8.973256458021412e-05,5.047717723768236e-05,2.8752072248153856e-05,4.171123874600208e-06,1.1390434518240952e-05,-3.7794987964860744e-06,-1.7881882545424518e-05,-2.128291638708216e-05,-9.267663922483008e-06,7.296132482307357e-06,7.016163698947781e-06,1.0532917372497913e-05,1.0134328539638743e-05,1.2794784097086543e-05,4.458225418351796e-05,4.875334874679876e-05,3.888034051879474e-05,2.7543218421143297e-05,2.0238977153694295e-05,1.157188897121204e-05,-1.2630775185465988e-05,-3.712613245241881e-05,-5.920085047452216e-05,-7.646383412826956e-05,-0.00010283736818670521,-0.00010179877705393523,-0.00011385017332259581,-0.00011500963458109341,-0.00011374415557816947,-0.0001282100424049003,-0.00014190274387187454,-0.00015411540291541438,-0.00015780478274310985,-0.0001548394278992907,-0.00013579493940871416,-0.0001328419760752728,-0.00014141455661847445,-0.0001575335751097711,-0.00016597992127742603,-0.00016384298684426433,-0.00013574728769706124,-0.0001294467165598878,-0.0001355700411850504,-0.00013728368440656062,-0.00013200935383639122,-0.0001226421513060108,-0.00012703440309331,-0.00013367426419752223,-0.00013819407667269365,-0.00011868004188203046,-0.00011104399120774613,-0.00011560059404440372,-0.0001165817574400718,-0.00010230955124679569,-0.00011119666293586585,-0.00011233863788153855,-0.000112047312833224,-0.00011127895966485342,-0.00010404601749166677,-0.00010342846321911479,-0.00010793393625450333,-0.00011680110155852313,-0.00012530667391677107,-0.00011797923477590929,-0.00011774348403067324,-0.00010648322733109618,-8.877304181480986e-05,-7.453626171952995e-05,-5.846007802980607e-05,-3.038727585073978e-05,-4.801964472504479e-06,1.5474575171177685e-05,3.6518660398490306e-05,5.020211590953176e-05,8.698135491965581e-05,0.00012716222018799555,0.0001715810832558098,0.00020153100929694068,0.0002172862074385278,0.0002310862039465579,0.00023705204761537412,0.00023604364667561512,0.00023374502415467044,0.0002357339052679658,0.00025118151008139277,0.0002641692411109027,0.0005375756225574572,2.676090883333333,1.0768267375,6.34724705,100922.403125,0.0007117191927083,1.774999976158142,239.3800048828125,18.346250534057617,2.8846175203057123,3.150624915361405,0.3456123126707335,-0.938377391740864,1.2246467991473532e-16,-1.0
2015-07-12,0.00028706507231950095,0.00032245262709100687,0.0003046931390732289,0.00028769220710297586,0.0002719071990981527,0.00026151117050981934,0.0002571657046752633,0.0002449462444868281,0.0002220703714085367,0.00021609240430740838,0.00019674361485178302,0.00016678097355574681,0.0001352994180326324,9.432429918553168e-05,5.155554501656757e-05,2.9753957856957926e-05,6.624926443230452e-06,1.8303007798033883e-05,3.987118745064008e-06,-4.633514661579394e-06,-8.380842939468739e-06,-2.5842534461346586e-06,1.2437889695183238e-05,1.1837525365214906e-05,1.6487827643755623e-05,1.2270933849125337e-05,1.3827593523981897e-05,5.096724988109557e-05,5.6429346999693246e-05,4.329694144670959e-05,3.543919836611186e-05,2.8389643665160263e-05,2.035782413419138e-05,-3.5347037293827476e-06,-2.9133511139609764e-05,-5.110742972210848e-05,-7.017364730641602e-05,-9.694944130230105e-05,-9.318922326153071e-05,-0.00010662037561671436,-0.00010539486608751575,-0.00010246158541193634,-0.00011808975437553494,-0.00013247706144346545,-0.00014597986436536885,-0.000150436387269924,-0.00014724875356276112,-0.0001327996122775513,-0.00012839243133200466,-0.00013476200883592228,-0.00014825480544698727,-0.00015794908874681095,-0.00015539660465741092,-0.00012921463311744082,-0.00012573013784248938,-0.00013051058956245598,-0.0001293466072779668,-0.0001230433756744219,-0.00011027326433554804,-0.00011572329447566823,-0.00012021998088262097,-0.00012718856686169715,-0.00010570008234083999,-0.00010096608180959074,-0.00010482166357674712,-0.00010584937698730763,-9.154664613033062e-05,-0.00010138130308579568,-0.00010513020790172024,-0.000108871150554805,-0.00011116219237419534,-0.00010339575625569248,-0.00010229902114110432,-0.00010679802330877249,-0.00011658594696663828,-0.0001255971974331785,-0.00011683949396518119,-0.00011729022061307186,-0.00010445183829635388,-8.718805687757914e-05,-7.380738566712751e-05,-5.858035741971787e-05,-3.0490837115171633e-05,-9.917918987934179e-06,1.0282473689448215e-05,3.230565494059142e-05,4.626501580821047e-05,8.636670944863162e-05,0.00012896194957548782,0.0001752757067287528,0.00020354896200823524,0.00022050895274486882,0.00023461251265133283,0.00023918815273119825,0.0002362127066957948,0.00023189888059397677,0.00023280549506373503,0.0002482985951189913,0.0002621408152676784,0.0005373671360629104,4.970623029166666,-0.4243710852916666,9.067995541666669,100908.426875,0.00012073914275,1.924999952316284,253.93624877929688,8.300000190734863,4.988705655389345,3.705624816417696,-0.1797665857255621,-0.9837092937736098,-0.4999999999999997,-0.8660254037844388
2015-08-13,0.00029345254055415096,0.00032973817944530946,0.000308290321125895,0.000289488775189726,0.0002729788538671812,0.0002630135867461196,0.00026010606967092145,0.00024877704174580543,0.0002261977746300032,0.00022130203885178533,0.00019982486090659217,0.00017338903165586337,0.00014075944080722057,9.891603379084926e-05,5.2633912795452785e-05,3.0755843465762e-05,9.078729011860695e-06,2.5215581077826818e-05,1.1753736286614088e-05,8.614853222265727e-06,4.521230508144684e-06,4.099157030213694e-06,1.7579646908059126e-05,1.6658887031482035e-05,2.2442737915013337e-05,1.440753915861193e-05,1.4860402950877248e-05,5.7352245578673176e-05,6.410534525258776e-05,4.771354237462445e-05,4.3335178311080424e-05,3.6540310176626245e-05,2.9143759297170733e-05,5.561367726700505e-06,-2.1140889826800714e-05,-4.3014008969694784e-05,-6.388346048456248e-05,-9.10615144178969e-05,-8.457966946912619e-05,-9.93905779108329e-05,-9.578009759393807e-05,-9.11790152457032e-05,-0.00010796946634616958,-0.00012305137901505637,-0.00013784432581532332,-0.00014306799179673814,-0.00013965807922623158,-0.0001298042851463884,-0.00012394288658873652,-0.00012810946105337007,-0.00013897603578420345,-0.00014991825621619585,-0.00014695022247055754,-0.0001226819785378204,-0.00012201355912509091,-0.00012545113793986155,-0.00012140953014937303,-0.00011407739751245256,-9.790437736508526e-05,-0.00010441218585802647,-0.0001067656975677197,-0.00011618305705070065,-9.272012279964952e-05,-9.088817241143534e-05,-9.404273310909052e-05,-9.511699653454344e-05,-8.078374101386552e-05,-9.156594323572548e-05,-9.792177792190196e-05,-0.000105694988276386,-0.00011104542508353728,-0.0001027454950197182,-0.00010116957906309385,-0.00010566211036304167,-0.00011637079237475343,-0.0001258877209495859,-0.00011569975315445307,-0.00011683695719547049,-0.00010242044926161155,-8.560307194034841e-05,-7.307850961472507e-05,-5.870063680962966e-05,-3.059439837960349e-05,-1.503387350336388e-05,5.090372207718743e-06,2.8092649482692547e-05,4.2327915706889184e-05,8.575206397760743e-05,0.00013076167896298007,0.00017897033020169582,0.00020556691471952977,0.00022373169805120987,0.00023813882135610774,0.00024132425784702236,0.00023638176671597448,0.0002300527370332831,0.00022987708485950424,0.00024541568015658987,0.00026011238942445417,0.0005371586495683635,4.1077149833333335,-0.8685296316666666,8.015401504166666,100940.88583333332,8.835395210416667e-05,1.8637499809265137,244.82749938964844,10.216249465942385,4.198531422460025,3.47356399140358,-0.6680638642135333,-0.7441039398713608,-0.8660254037844385,-0.5000000000000004
2015-09-15,0.00028421779101267904,0.000329526551006429,0.0003114873876006929,0.0002964863420915445,0.0002809044708079029,0.00026514886899665197,0.00025096250199600485,0.0002345938614166297,0.00020790293994131116,0.0001922359506452123,0.00016588216786723488,0.0001371151694230933,0.0001084637937195347,7.034144888666156e-05,3.297992161225153e-05,1.2748754676516436e-05,-5.020417428414997e-06,5.139502278144264e-06,-1.1036912478053195e-05,-2.115419463772416e-05,-2.3602218407942335e-05,-1.769535499680778e-05,-2.515658084564448e-06,1.746948183344098e-06,3.3503690382776352e-06,-3.427716832456745e-07,2.9913000668584074e-06,3.582641325921595e-05,4.1490630981071535e-05,2.884036754456768e-05,2.083199829978488e-05,1.1654984579117733e-05,2.175477207630642e-06,-1.658652594692257e-05,-3.8259727159409544e-05,-5.80920695840978e-05,-7.454951353317804e-05,-9.576866525748992e-05,-9.250181536682285e-05,-0.00010266291079067755,-0.00010178872951603914,-9.945920825855779e-05,-0.0001147730120649248,-0.00012655967306811775,-0.0001422801479168707,-0.00014517432566782905,-0.00014697756765302548,-0.00013931482538570371,-0.00013376011033223995,-0.0001395296334608856,-0.0001452536937538212,-0.00014979073735069934,-0.00014028166732392273,-0.00012056546694489363,-0.00011891083476595357,-0.00012270797667188402,-0.00011964182374466034,-0.00011370895839217658,-0.00010016438501269437,-0.00010155327515955243,-0.00010263043034382152,-0.00011390452909383703,-9.841336261574153e-05,-9.895677672330654e-05,-0.0001007800190929174,-9.843415794117679e-05,-8.427193591302856e-05,-9.430727548413582e-05,-9.724695673767343e-05,-0.0001009808543003974,-0.00010438920852387087,-9.419916288026116e-05,-9.337116712093661e-05,-9.974545942531271e-05,-0.00011178863479272634,-0.00012198491087049766,-0.00010978095534172916,-0.00010575657191265587,-9.049969952623134e-05,-7.504614433441413e-05,-6.263350678778477e-05,-4.343496963417874e-05,-1.3951949852915857e-05,5.870043652961523e-06,2.696613797733378e-05,4.827308397621334e-05,6.700538155973254e-05,0.0001081705965751654,0.00014873018645583793,0.00019312152857880392,0.0002170748505655906,0.0002339085286272488,0.0002457488502754304,0.00024841808291297345,0.000246778559415984,0.0002460403592919573,0.00024991719229961503,0.00026276105858099766,0.0002742716981436886,0.0005393898453712302,4.750128425,2.1687622083333333,9.665846345833334,101083.1225,0.00081537167875,1.4987499713897705,216.32000732421875,8.512499809265137,5.221805202254088,2.246251476740838,-0.9634705485641486,-0.2678143051621748,-1.0,-1.8369701987210294e-16
2015-10-19,0.00027498304147120713,0.00032931492256754844,0.00031468445407549083,0.0003034839089933629,0.0002888300877486246,0.0002672841512471844,0.0002418189343210882,0.00022041068108745397,0.00018960810525261914,0.00016316986243863929,0.00013193947482787756,0.00010084130719032323,7.616814663184884e-05,4.176686398247386e-05,1.3325930429050278e-05,-5.2583341127291245e-06,-1.911956386869069e-05,-1.493657652153829e-05,-3.382756124272048e-05,-5.092324249771405e-05,-5.172566732402936e-05,-3.948986702382925e-05,-2.261096307718802e-05,-1.3164990664793839e-05,-1.5741999838458067e-05,-1.5093082525103278e-05,-8.877802817160433e-06,1.4300580939758723e-05,1.887591670955531e-05,9.967192714510909e-06,-1.671181711510664e-06,-1.323034101839078e-05,-2.479280488190945e-05,-3.8734419620545646e-05,-5.537856449201837e-05,-7.317013019850082e-05,-8.521556658179358e-05,-0.00010047581609708293,-0.00010042396126451949,-0.00010593524367052222,-0.00010779736143814021,-0.0001077394012714124,-0.00012157655778368005,-0.00013006796712117913,-0.00014671597001841808,-0.00014728065953892,-0.00015429705607981935,-0.00014882536562501906,-0.00014357733407574334,-0.00015094980586840114,-0.00015153135172343897,-0.00014966321848520282,-0.00013361311217728795,-0.00011844895535196688,-0.00011580811040681622,-0.00011996481540390647,-0.00011787411733994764,-0.0001133405192719006,-0.00010242439266030349,-9.86943644610784e-05,-9.849516311992334e-05,-0.00011162600113697341,-0.00010410660243183353,-0.00010702538103517773,-0.00010751730507674427,-0.00010175131934781015,-8.77601308121916e-05,-9.704860773254614e-05,-9.657213555344489e-05,-9.62667203244088e-05,-9.773299196420445e-05,-8.565283074080411e-05,-8.557275517877936e-05,-9.382880848758375e-05,-0.00010720647721069925,-0.0001180821007914094,-0.00010386215752900522,-9.467618662984125e-05,-7.857894979085113e-05,-6.448921672847986e-05,-5.218850396084447e-05,-2.8169302458727816e-05,2.6904986737717737e-06,2.6773960809286925e-05,4.8841903746948814e-05,6.845351846973415e-05,9.168284741257591e-05,0.00013058912917272335,0.00016669869394869577,0.000207272726955912,0.00022858278641165147,0.00024408535920328772,0.00025335887919475316,0.00025551190797892456,0.0002571753521159935,0.00026202798155063154,0.0002699572997397258,0.0002801064370054055,0.00028843100686292306,0.0005416210411740968,-0.3945026466666666,1.663426710208333,4.281380879166666,101145.57833333332,0.0003470182402358,0.7849999666213989,190.4112548828125,10.568750381469728,1.7095674185189431,0.6162249475955974,-0.9510565162951536,0.3090169943749472,-0.8660254037844386,0.5000000000000001
2015-11-22,0.00026574829192973527,0.0003291032941286679,0.0003178815205502888,0.0003104814758951814,0.0002967557046893463,0.0002694194334977168,0.00023267536664617157,0.00020622750075827823,0.0001713132705639271,0.00013410377423206624,9.799678178852026e-05,6.456744495755316e-05,4.387249954416298e-05,1.3192279078286161e-05,-6.328060754150975e-06,-2.3265422901974685e-05,-3.321871030896638e-05,-3.501265532122084e-05,-5.661821000738777e-05,-8.069229035770392e-05,-7.984911624011638e-05,-6.128437905085073e-05,-4.2706268069811595e-05,-2.8076929512931773e-05,-3.4834368715193765e-05,-2.9843393366960884e-05,-2.0746905701179274e-05,-7.22525137969851e-06,-3.738797561960916e-06,-8.905982115545861e-06,-2.417436172280621e-05,-3.811566661589929e-05,-5.176108697144955e-05,-6.088231329416872e-05,-7.249740182462721e-05,-8.824819081290383e-05,-9.588161963040914e-05,-0.00010518296693667593,-0.00010834610716221615,-0.00010920757655036688,-0.00011380599336024128,-0.000116019594284267,-0.0001283801035024353,-0.00013357626117424052,-0.00015115179211996544,-0.00014938699341001093,-0.00016161654450661325,-0.0001583359058643344,-0.00015339455781924677,-0.0001623699782759167,-0.00015780900969305673,-0.00014953569961970628,-0.00012694455703065314,-0.00011633244375904012,-0.00011270538604767888,-0.00011722165413592894,-0.00011610641093523495,-0.0001129720801516246,-0.00010468440030791261,-9.583545376260437e-05,-9.435989589602515e-05,-0.0001093474731801098,-0.00010979984224792553,-0.00011509398534704894,-0.00011425459106057114,-0.0001050684807544435,-9.124832571135463e-05,-9.978993998095646e-05,-9.589731436921636e-05,-9.15525863484202e-05,-9.107677540453804e-05,-7.710649860134706e-05,-7.777434323662213e-05,-8.791215754985479e-05,-0.00010262431962867215,-0.00011417929071232114,-9.79433597162813e-05,-8.359580134702663e-05,-6.665820005547093e-05,-5.3932289122545585e-05,-4.174350113390418e-05,-1.2903635283276893e-05,1.9332947200459408e-05,4.767787796561233e-05,7.071766951656385e-05,8.863395296325494e-05,0.00011636031326541928,0.0001530076617702813,0.00018466720144155364,0.00022142392533302006,0.0002400907222577123,0.0002542621897793267,0.0002609689081140759,0.0002626057330448757,0.00026757214481600304,0.0002780156038093058,0.00028999740717983657,0.0002974518154298133,0.0003025903155821575,0.0005438522369769634,-1.3953921058333334,1.2040627885416668,4.880102945833333,100885.43458333334,0.0001464684819,0.8525000214576721,183.5437469482422,10.861249923706056,1.8430643851403343,0.7267562865853314,-0.622046748440868,0.7829801036770624,-0.5000000000000004,0.8660254037844384
2015-12-26,0.00025651354238826336,0.0003288916656897874,0.0003210785870250867,0.00031747904279699984,0.000304681321630068,0.00027155471574824916,0.00022353179897125494,0.00019204432042910252,0.00015301843587523504,0.00010503768602549321,6.405408874916295e-05,2.8293582724783108e-05,1.1576852456477122e-05,-1.5382305825901536e-05,-2.5982051937352232e-05,-4.1272511691220246e-05,-4.7317856749242075e-05,-5.50887341209034e-05,-7.940885877205505e-05,-0.00011046133821769381,-0.0001079725651562034,-8.307889107787221e-05,-6.280157306243518e-05,-4.298886836106971e-05,-5.3926737591929474e-05,-4.459370420881849e-05,-3.261600858519811e-05,-2.8751083699155733e-05,-2.635351183347714e-05,-2.777915694560263e-05,-4.667754173410175e-05,-6.30009922134078e-05,-7.872936906098964e-05,-8.30302069677918e-05,-8.961623915723604e-05,-0.00010332625142730685,-0.0001065476726790247,-0.00010989011777626896,-0.0001162682530599128,-0.00011247990943021154,-0.00011981462528234236,-0.0001242997872971216,-0.00013518364922119052,-0.0001370845552273019,-0.00015558761422151282,-0.00015149332728110185,-0.00016893603293340715,-0.0001678464461036497,-0.0001632117815627502,-0.00017379015068343223,-0.0001640866676626745,-0.00014940818075420977,-0.00012027600188401834,-0.00011421593216611335,-0.00010960266168854154,-0.0001144784928679514,-0.00011433870453052226,-0.00011260364103134861,-0.00010694440795552172,-9.297654306413034e-05,-9.022462867212697e-05,-0.00010706894522324618,-0.00011549308206401754,-0.00012316258965892015,-0.00012099187704439802,-0.00010838564216107685,-9.473652061051768e-05,-0.0001025312722293668,-9.522249318498783e-05,-8.68384523724316e-05,-8.442055884487163e-05,-6.856016646189002e-05,-6.997593129446488e-05,-8.199550661212583e-05,-9.804216204664506e-05,-0.00011027648063323289,-9.202456190355739e-05,-7.251541606421202e-05,-5.473745032009071e-05,-4.337536151661131e-05,-3.129849830696388e-05,2.36203189217403e-06,3.5975395727147035e-05,6.858179512193773e-05,9.259343528617889e-05,0.00010881438745677575,0.00014103777911826263,0.00017542619436783927,0.0002026357089344115,0.00023557512371012815,0.00025159865810377315,0.0002644390203553656,0.0002685789370333986,0.0002696995581108268,0.00027796893751601254,0.00029400322606797997,0.00031003751461994734,0.0003147971938542211,0.00031674962430139195,0.00054608343277983,-0.4700317341666666,-1.4221496504166666,3.849779991666667,101160.84125,3.274281822083333e-05,0.7225000262260437,211.03125,14.457500457763672,1.497811556673259,0.5220062878966338,-0.0859647987374467,0.9962981749346076,-2.4492935982947064e-16,1.0
2016-01-29,0.0002529030923003654,0.0003298543306930164,0.0003257948978549696,0.0003198117972098298,0.0003067333948914198,0.00027803063478362743,0.000237295140480373,0.00020768222309885013,0.00017346848672497207,0.000129144479163514,8.896401798179541e-05,4.854133535193734e-05,2.1135779345443086e-05,-8.718144258597108e-06,-2.266773762728128e-05,-3.44793491359005e-05,-3.833013240337657e-05,-4.398508719004224e-05,-6.473832489654878e-05,-8.741782399225216e-05,-8.355117946955807e-05,-5.927586045666944e-05,-4.209819963107686e-05,-3.214142277069865e-05,-4.509820337423345e-05,-3.3187820733719227e-05,-2.1406249497404343e-05,-1.7625984430689426e-05,-1.158150934470661e-05,-1.916394217024587e-05,-3.4643202337569565e-05,-4.170737572345533e-05,-5.4046477235241726e-05,-6.277216497161897e-05,-7.180673081382078e-05,-8.456508470272869e-05,-9.129278881302313e-05,-9.97227085014026e-05,-0.00010751200607255852,-0.00010647460235396576,-0.00011348548980095397,-0.00012089124850168428,-0.00013291975242697674,-0.0001461156205741497,-0.00016298524598334883,-0.00016262928853179754,-0.0001777424824678998,-0.00017939207177823904,-0.0001753547488423796,-0.0001669350298988927,-0.00015507837274869094,-0.00014359255102584177,-0.0001247104395905172,-0.00011480277916048983,-0.0001082483092798306,-0.00011310232486386308,-0.00011517906041534423,-0.00011668511143134236,-0.00011491131544520904,-0.0001063624013205873,-0.00010566810501968486,-0.0001188160881694201,-0.00012610605011406265,-0.000130366245131155,-0.00012750612875819833,-0.00011494573783710019,-0.0001078201743991426,-0.00010928187597305679,-0.00010371451184624238,-9.80344262051901e-05,-9.676035177092592e-05,-8.47362554938586e-05,-8.651804438814262e-05,-9.197614542139778e-05,-0.00010215959736905103,-0.00011076804191803192,-9.535230143081228e-05,-7.959369734786029e-05,-6.3745604371015e-05,-4.920021766117753e-05,-3.2070935507043694e-05,-2.5978427460209655e-06,2.719608465189554e-05,5.67718951934727e-05,8.680334713457521e-05,0.00011022284404858153,0.0001423125261189433,0.00017355666310284702,0.0001990536377654467,0.0002305251990026536,0.0002510363767777948,0.0002660683377450968,0.00027505581343308853,0.00028362426197953356,0.00029792918043451694,0.0003052128278550477,0.0003121322609447906,0.0003122563904269014,0.0003304917120953108,0.00047375740527630275,0.7564169572916667,-1.4521497116666666,4.7830258458333335,101224.23895833331,1.2457370786666668e-05,1.0774999856948853,199.7937469482422,14.71250057220459,1.6373470610630985,1.161006219172478,0.4787338401157884,0.8779600847008882,0.4999999999999999,0.8660254037844387
2016-03-03,0.0002492926422124674,0.00033081699569624534,0.00033051120868485246,0.00032214455162265983,0.00030878546815277155,0.0002845065538190057,0.00025105848198949104,0.00022332012576859774,0.0001939185375747091,0.00015325127230153478,0.00011387394721442788,6.878908797909158e-05,3.069470623440905e-05,-2.0539826912926805e-06,-1.935342331721032e-05,-2.7686186580580754e-05,-2.934240805751107e-05,-3.288144025918108e-05,-5.006779102104252e-05,-6.43743097668105e-05,-5.9129793782912755e-05,-3.5472829835466675e-05,-2.1394826199718543e-05,-2.1293977180327575e-05,-3.6269669156537426e-05,-2.1781937258619965e-05,-1.019649040961057e-05,-6.500885162223123e-06,3.190493144063923e-06,-1.0548727394889108e-05,-2.2608862941037378e-05,-2.0413759233502852e-05,-2.9363585409493806e-05,-4.251412297544613e-05,-5.399722247040551e-05,-6.580391797815052e-05,-7.603790494702154e-05,-8.955529922653624e-05,-9.875575908520424e-05,-0.00010046929527772,-0.00010715635431956559,-0.00011748270970624697,-0.00013065585563276297,-0.00015514668592099749,-0.0001703828777451848,-0.00017376524978249326,-0.00018654893200239247,-0.00019093769745282834,-0.000187497716122009,-0.00016007990911435317,-0.00014607007783470736,-0.0001377769212974738,-0.00012914487729701605,-0.00011538962615486634,-0.00010689395687111967,-0.00011172615685977476,-0.00011601941630016619,-0.00012076658183133611,-0.00012287822293489636,-0.00011974825957704425,-0.00012111158136724276,-0.00013056323111559402,-0.00013671901816410777,-0.00013756990060338983,-0.0001340203804719986,-0.00012150583351312352,-0.00012090382818776752,-0.00011603247971674677,-0.00011220653050749693,-0.00010923040003794859,-0.00010910014469698022,-0.00010091234452582718,-0.00010306015748182036,-0.00010195678423066974,-0.00010627703269145699,-0.00011125960320283095,-9.868004095806716e-05,-8.667197863150855e-05,-7.27537584219393e-05,-5.502507380574375e-05,-3.284337270712351e-05,-7.557717384215961e-06,1.8416773576644048e-05,4.4961995265007655e-05,8.101325898297152e-05,0.0001116313006403873,0.00014358727311962398,0.00017168713183785475,0.0001954715665964819,0.00022547527429517906,0.00025047409545181647,0.00026769765513482807,0.00028153268983277855,0.00029754896584824027,0.0003178894233530214,0.0003164224296421154,0.0003142270072696339,0.0003097155869995816,0.00034423379988922966,0.0004014313777727755,1.3206990575416666,0.54331080025,4.5753794291666665,101218.48479166666,6.556510975e-06,0.6949999928474426,213.5387420654297,12.073749542236328,1.4280870513591746,0.4830249900579453,0.8840675099433636,0.4673592171580022,1.0,6.123233995736766e-17
2016-04-07,0.00024568219212456945,0.00033177966069947433,0.00033522751951473533,0.0003244773060354898,0.00031083754141412334,0.00029098247285438397,0.0002648218234986091,0.00023895802843834537,0.00021436858842444615,0.00017735806543955557,0.00013878387644706034,8.903684060624582e-05,4.025363312337502e-05,4.610178876011747e-06,-1.6039109007139368e-05,-2.0893024025261006e-05,-2.0354683711645566e-05,-2.1777793328319912e-05,-3.539725714553625e-05,-4.133079554136885e-05,-3.4708408096267425e-05,-1.1669799214263894e-05,-6.91452768360218e-07,-1.04465315899565e-05,-2.7441134938841402e-05,-1.0376053783520701e-05,1.0132686781832007e-06,4.624214106243184e-06,1.796249563283446e-05,-1.933512619532346e-06,-1.0574523544505189e-05,8.798572564496201e-07,-4.680693583745891e-06,-2.225608097927329e-05,-3.6187714126990247e-05,-4.704275125357236e-05,-6.0783021081019956e-05,-7.938788995166987e-05,-8.999951209784995e-05,-9.446398820147423e-05,-0.00010082721883817721,-0.00011407417091080967,-0.0001283919588385492,-0.0001641777512678453,-0.00017778050950702082,-0.00018490121103318895,-0.00019535538153688512,-0.00020248332312741766,-0.0001996406834016384,-0.00015322478832981363,-0.0001370617829207238,-0.0001319612915691058,-0.0001335793150035149,-0.00011597647314924282,-0.00010553960446240874,-0.00011034998885568643,-0.00011685977218498815,-0.00012484805223132985,-0.0001308451304245837,-0.0001331341178335012,-0.00013655505771480067,-0.00014231037406176793,-0.00014733198621415288,-0.00014477355607562468,-0.0001405346321857989,-0.00012806592918914686,-0.00013398748197639243,-0.00012278308346043676,-0.00012069854916875149,-0.00012042637387070709,-0.00012143993762303451,-0.00011708843355779577,-0.0001196022705754981,-0.0001119374230399417,-0.00011039446801386296,-0.00011175116448762997,-0.00010200778048532206,-9.375025991515682e-05,-8.17619124728636e-05,-6.084992995030998e-05,-3.3615809907203324e-05,-1.2517592022410959e-05,9.637462501392554e-06,3.315209533654261e-05,7.522317083136785e-05,0.00011303975723219309,0.00014486202012030464,0.0001698176005728625,0.0001918894954275171,0.00022042534958770452,0.0002499118141258381,0.00026932697252455927,0.0002880095662324685,0.00031147366971694704,0.0003378496662715258,0.00032763203142918316,0.0003163217535944771,0.0003071747835722619,0.0003579758876831485,0.00032910535026924823,-0.4374313283333333,1.22921943625,4.6453958875,100996.359375,0.0001628200210083,0.7649999856948853,193.9850006103516,13.232500076293944,1.3047323823153285,0.5852249781131746,0.9932568492674144,-0.1159345995955004,0.8660254037844387,-0.4999999999999998
2016-05-07,0.00024481377802189493,0.0003224939602322265,0.0003233829848619169,0.00031107001457520036,0.00029752119708607644,0.0002775303879599469,0.0002513199129195214,0.00022814353761231934,0.00020630149234909047,0.00017051537085458824,0.00013149257012323948,8.328336028361671e-05,3.717106771014948e-05,3.948283275977232e-06,-1.772845279949466e-05,-2.6178759852733857e-05,-2.7514623007251722e-05,-2.8571889433272538e-05,-4.00859295858662e-05,-4.356971615355546e-05,-3.4940722904217133e-05,-1.1752629530123328e-05,6.492933663269614e-07,-7.304092837532594e-06,-2.178803266520874e-05,-6.018377956112768e-06,5.382105942910887e-06,1.0393992445988797e-05,2.130624606968602e-05,3.0618862289185148e-06,-5.637972690922853e-06,3.2456361494224747e-06,-2.5804007156871377e-06,-1.8778509758060296e-05,-3.2711812221095806e-05,-4.4669101364673e-05,-5.835619450922912e-05,-7.6074356891298e-05,-8.756240482456921e-05,-9.407042239056918e-05,-0.00010139308135391945,-0.00011451408813104708,-0.00012999213031937768,-0.00016462491806973527,-0.000177100631077459,-0.0001838834494037991,-0.0001934776900973468,-0.0002012273011991392,-0.00019926484209338284,-0.00015679885345494312,-0.00013926093146361324,-0.00013267398121220955,-0.00013323015427019763,-0.00011650687110806482,-0.00010896306767417945,-0.00011403512912461091,-0.00012063737449284214,-0.00012678220556310894,-0.00013029311738016613,-0.00013167532646445737,-0.00013542704067357212,-0.0001374854484722859,-0.00014421836856386253,-0.0001416997559531026,-0.0001392135058413825,-0.00012607985582474803,-0.0001301974402641059,-0.0001189985955119269,-0.00011972539474053182,-0.00011941396888517484,-0.00011943070166113341,-0.00011976771456257059,-0.00012101019911860749,-0.00011408850133313968,-0.0001118971856441864,-0.00010932494194566358,-0.00010220142670995893,-9.41703129279019e-05,-8.398981202768856e-05,-6.140776698335644e-05,-3.843283620000366e-05,-1.749650735538635e-05,6.177215313144098e-06,3.2022201950471346e-05,7.481365668681879e-05,0.0001119712852242993,0.00014354664683484863,0.00016768690760980186,0.00018784359891554952,0.00021563246328451874,0.00024486101654472585,0.00026382442778641926,0.0002827498567135374,0.0003053594105374032,0.0003288497459359486,0.00032407898079186694,0.00031326784612720784,0.00030265293293347807,0.0003454928334600838,0.00035662040172430273,0.2052478815416666,1.1312631054166666,3.689084625,100930.700625,0.0001468658430833,0.7950000166893005,192.2712554931641,13.796249389648438,1.1497316671964386,0.6320250265359881,0.8064799463209448,-0.5912614448635781,0.4999999999999999,-0.8660254037844387
2016-06-07,0.0002439453639192204,0.0003132082597649787,0.0003115384502090985,0.00029766272311491086,0.00028420485275802953,0.00026407830306550976,0.0002378180023404337,0.0002173290467862933,0.00019823439627373481,0.00016367267626962094,0.00012420126379941861,7.752987996098759e-05,3.408850229692394e-05,3.2863876759427166e-06,-1.941779659184995e-05,-3.146449568020671e-05,-3.467456230285788e-05,-3.5365985538225164e-05,-4.4774602026196156e-05,-4.580863676574207e-05,-3.517303771216684e-05,-1.1835459845982762e-05,1.990039501014141e-06,-4.161654085108688e-06,-1.6134930391576077e-05,-1.6607021287048349e-06,9.750943207638573e-06,1.616377078573441e-05,2.4649996506537576e-05,8.057285077369376e-06,-7.014218373405175e-07,5.611415042395329e-06,-4.801078476283842e-07,-1.5300938536847305e-05,-2.9235910315201363e-05,-4.229545147577363e-05,-5.5929367937438275e-05,-7.276082383092613e-05,-8.512529755128847e-05,-9.367685657966412e-05,-0.00010195894386966167,-0.00011495400535128448,-0.00013159230180020617,-0.0001650720848716252,-0.00017642075264789718,-0.0001828656877744092,-0.0001915999986578085,-0.00019997127927086074,-0.00019888900078512728,-0.00016037291858007262,-0.00014146008000650266,-0.00013338667085531332,-0.00013288099353688036,-0.00011703726906688681,-0.00011238653088595015,-0.00011772026939353537,-0.00012441497680069612,-0.00012871635889488806,-0.00012974110433574857,-0.00013021653509541356,-0.00013429902363234356,-0.00013266052288280386,-0.00014110475091357218,-0.0001386259558305805,-0.00013789237949696608,-0.00012409378246034923,-0.0001264073985518194,-0.00011521410756341702,-0.00011875224031231213,-0.00011840156389964259,-0.00011742146569923231,-0.0001224469955673454,-0.0001224181276617169,-0.00011623957962633767,-0.00011339990327450985,-0.0001068987194036972,-0.00010239507293459579,-9.459036594064698e-05,-8.621771158251354e-05,-6.196560401640289e-05,-4.3249862492804e-05,-2.2475422688361747e-05,2.716968124895642e-06,3.089230856440008e-05,7.440414254226972e-05,0.00011090281321640551,0.0001422312735493926,0.00016555621464674122,0.00018379770240358191,0.00021083957698133298,0.0002398102189636136,0.0002583218830482793,0.0002774901471946063,0.00029924515135785926,0.00031984982560037147,0.0003205259301545507,0.0003102139386599386,0.00029813108229469426,0.0003330097792370191,0.0003841354531793573,2.8875211291666667,4.077329620833333,9.596883854166666,101030.37291666667,0.0008222262096666,1.966249942779541,214.42124938964844,13.2212495803833,4.996238095638441,3.866138837480548,0.3935902766564667,-0.9192859697186104,1.2246467991473532e-16,-1.0
2016-07-07,0.00024307694981654592,0.0003039225592977309,0.00029969391555628006,0.0002842554316546214,0.00027088850842998263,0.0002506262181710727,0.00022431609176134598,0.00020651455596026728,0.00019016730019837916,0.0001568299816846536,0.00011690995747559776,7.177639963835847e-05,3.100593688369841e-05,2.6244920759082016e-06,-2.1107140384205244e-05,-3.675023150767956e-05,-4.183450159846404e-05,-4.21600816431778e-05,-4.946327446652611e-05,-4.804755737792868e-05,-3.540535252011654e-05,-1.1918290161842196e-05,3.33078563570132e-06,-1.0192153326847834e-06,-1.0481828117943414e-05,2.696973698703098e-06,1.411978047236626e-05,2.1933549125480023e-05,2.7993746943389134e-05,1.3052683925820237e-05,4.235129016241818e-06,7.977193935368183e-06,1.6201850204303694e-06,-1.1823367315634313e-05,-2.576000840930692e-05,-3.992180158687427e-05,-5.350254136564744e-05,-6.944729077055426e-05,-8.268819027800772e-05,-9.328329076875907e-05,-0.00010252480638540391,-0.00011539392257152189,-0.00013319247328103466,-0.00016551925167351518,-0.00017574087421833539,-0.00018184792614501933,-0.0001897223072182702,-0.0001987152573425823,-0.00019851315947687172,-0.0001639469837052021,-0.0001436592285493921,-0.00013409936049841708,-0.00013253183280356309,-0.00011756766702570882,-0.00011580999409772085,-0.00012140540966245985,-0.0001281925791085501,-0.00013065051222666717,-0.000129189091291331,-0.00012875774372636973,-0.000133171006591115,-0.00012783559729332182,-0.00013799113326328183,-0.00013555215570805845,-0.00013657125315254967,-0.0001221077090959504,-0.0001226173568395329,-0.00011142961961490716,-0.00011777908588409244,-0.00011738915891411034,-0.00011541222973733121,-0.00012512627657212022,-0.00012382605620482628,-0.00011839065791953567,-0.00011490262090483329,-0.00010447249686173082,-0.00010258871915923267,-9.501041895339205e-05,-8.84456111373385e-05,-6.252344104944933e-05,-4.806688878560435e-05,-2.7454338021337142e-05,-7.432790633528139e-07,2.9762415178328814e-05,7.399462839772067e-05,0.00010983434120851173,0.0001409159002639366,0.0001634255216836806,0.0001797518058916143,0.0002060466906781472,0.00023475942138250131,0.0002528193383101393,0.0002722304376756752,0.0002931308921783154,0.0003108499052647943,0.00031697287951723454,0.00030716003119266933,0.0002936092316559104,0.00032052672501395443,0.0004116505046344118,3.785248441666667,-0.23200035125,6.638610670833334,100957.45583333333,6.371736469416667e-05,1.918750047683716,253.7087554931641,12.426250457763672,3.792351503766503,3.6816017454862617,-0.1116590071216944,-0.993746580436178,-0.4999999999999997,-0.8660254037844388
2016-08-07,0.0002422085357138714,0.0002946368588304831,0.0002878493809034616,0.0002708481401943319,0.0002575721641019357,0.00023717413327663554,0.0002108141811822583,0.00019570006513424125,0.00018210020412302348,0.00014998728709968628,0.00010961865115177691,6.602291931572936e-05,2.7923371470472868e-05,1.962596475873686e-06,-2.2796484176560535e-05,-4.203596733515241e-05,-4.8994440894070194e-05,-4.895417774813042e-05,-5.415194690685607e-05,-5.028647799011529e-05,-3.563766732806625e-05,-1.200112047770163e-05,4.671531770388499e-06,2.1232234197391233e-06,-4.828725844310751e-06,7.054649526111031e-06,1.8488617737093943e-05,2.7703327465225636e-05,3.1337497380240694e-05,1.8048082774271098e-05,9.171679869824154e-06,1.0342972828341038e-05,3.720477888489123e-06,-8.34579609442132e-06,-2.228410650341248e-05,-3.75481516979749e-05,-5.10757147938566e-05,-6.613375771018237e-05,-8.025108300472697e-05,-9.2889724957854e-05,-0.00010309066890114613,-0.0001158338397917593,-0.00013479264476186316,-0.00016596641847540513,-0.00017506099578877356,-0.00018083016451562946,-0.00018784461577873188,-0.00019745923541430384,-0.00019813731816861616,-0.0001675210488303316,-0.0001458583770922815,-0.00013481205014152081,-0.0001321826720702458,-0.00011809806498453081,-0.00011923345730949156,-0.00012509054993138432,-0.0001319701814164041,-0.00013258466555844626,-0.00012863707824691342,-0.0001272989523573259,-0.00013204298954988644,-0.0001230106717038398,-0.00013487751561299147,-0.00013247835558553636,-0.00013525012680813326,-0.00012012163573155159,-0.00011882731512724638,-0.00010764513166639728,-0.00011680593145587276,-0.00011637675392857808,-0.00011340299377543011,-0.00012780555757689504,-0.0001252339847479357,-0.00012054173621273366,-0.00011640533853515673,-0.00010204627431976443,-0.00010278236538386953,-9.543047196613712e-05,-9.067351069216346e-05,-6.308127808249579e-05,-5.288391507840469e-05,-3.243325335431254e-05,-4.20352625160127e-06,2.8632521792257547e-05,7.35851142531716e-05,0.00010876586920061794,0.00013960052697848058,0.00016129482872061996,0.00017570590937964674,0.00020125380437496142,0.00022970862380138906,0.00024731679357199927,0.00026697072815674416,0.00028701663299877153,0.00030184998492921715,0.0003134198288799183,0.0003041061237254001,0.0002890873810171266,0.0003080436707908897,0.0004391655560894663,4.0681730875,-1.333330145833333,7.582061612499999,101022.11666666664,7.538000729166666e-05,1.6662499904632568,248.82249450683597,11.801250457763672,4.281098170755633,2.7763890307188035,-0.6016240632249227,-0.7987793728863648,-0.8660254037844385,-0.5000000000000004
2016-09-07,0.00024134012161119688,0.00028535115836323527,0.00027600484625064323,0.00025744084873404247,0.00024425581977388877,0.00022372204838219846,0.00019731227060317062,0.00018488557430821522,0.0001740331080476678,0.00014314459251471895,0.00010232734482795605,6.026943899310025e-05,2.484080605724733e-05,1.3007008758391708e-06,-2.4485827968915827e-05,-4.732170316262526e-05,-5.615438018967635e-05,-5.574827385308305e-05,-5.884061934718602e-05,-5.25253986023019e-05,-3.586998213601596e-05,-1.2083950793561065e-05,6.012277905075679e-06,5.26566217216303e-06,8.243764293219115e-07,1.1412325353518963e-05,2.285745500182163e-05,3.347310580497125e-05,3.4681247817092255e-05,2.304348162272196e-05,1.4108230723406488e-05,1.2708751721313893e-05,5.820770756547877e-06,-4.86822487320833e-06,-1.880820459751804e-05,-3.517450180907554e-05,-4.8648888222065755e-05,-6.28202246498105e-05,-7.781397573144622e-05,-9.249615914694895e-05,-0.00010365653141688837,-0.0001162737570119967,-0.00013639281624269162,-0.0001664135852772951,-0.00017438111735921174,-0.00017981240288623957,-0.0001859669243391936,-0.00019620321348602537,-0.0001977614768603606,-0.0001710951139554611,-0.00014805752563517094,-0.00013552473978462458,-0.0001318335113369285,-0.0001186284629433528,-0.00012265692052126226,-0.00012877569020030877,-0.00013574778372425807,-0.00013451881889022535,-0.00012808506520249586,-0.00012584016098828206,-0.0001309149725086579,-0.00011818574611435776,-0.00013176389796270115,-0.00012940455546301427,-0.00013392900046371684,-0.00011813556236715277,-0.00011503727341495987,-0.00010386064371788742,-0.00011583277702765309,-0.00011536434894304583,-0.00011139375781352899,-0.00013048483858166986,-0.00012664191329104507,-0.00012269281450593165,-0.00011790805616548018,-9.962005177779804e-05,-0.0001029760116085064,-9.58505249788822e-05,-9.290141024698842e-05,-6.363911511554225e-05,-5.770094137120503e-05,-3.7412168687287934e-05,-7.663773439849727e-06,2.750262840618628e-05,7.317560010862255e-05,0.00010769739719272415,0.00013828515369302454,0.00015916413575755932,0.00017166001286767916,0.00019646091807177567,0.0002246578262202768,0.00024181424883385925,0.00026171101863781306,0.00028090237381922766,0.00029285006459364,0.0003098667782426021,0.0003010522162581308,0.0002845655303783428,0.000295560616567825,0.00046668060754452085,3.6934515541666655,0.1662851924833333,6.359746016666667,101159.46854166668,4.33723131275e-05,1.5,243.7762451171875,11.302499771118164,3.697192874089122,2.25,-0.9242907221930934,-0.3816892202666586,-1.0,-1.8369701987210294e-16
2016-10-07,0.00024047170750852239,0.00027606545789598744,0.0002641603115978248,0.000244033557273753,0.00023093947544584187,0.00021026996348776135,0.0001838103600240829,0.00017407108348218916,0.00016596601197231214,0.00013630189792975163,9.503603850413519e-05,5.4515958670471135e-05,2.175824064402179e-05,6.388052758046562e-07,-2.617517176127112e-05,-5.260743899009811e-05,-6.33143194852825e-05,-6.254236995803568e-05,-6.352929178751598e-05,-5.476431921448851e-05,-3.610229694396566e-05,-1.2166781109420499e-05,7.353024039762858e-06,8.408100924586933e-06,6.477478702954574e-06,1.5770001180926897e-05,2.722629226654932e-05,3.924288414471686e-05,3.802499825394381e-05,2.803888047117282e-05,1.9044781576988827e-05,1.5074530614286747e-05,7.92106362460663e-06,-1.3906536519953355e-06,-1.5332302691623595e-05,-3.280085192017618e-05,-4.622206165027492e-05,-5.9506691589438626e-05,-7.537686845816548e-05,-9.210259333604389e-05,-0.00010422239393263061,-0.00011671367423223411,-0.0001379929877235201,-0.00016686075207918507,-0.00017370123892964995,-0.0001787946412568497,-0.00018408923289965528,-0.00019494719155774693,-0.00019738563555210504,-0.0001746691790805906,-0.00015025667417806036,-0.00013623742942772834,-0.00013148435060361124,-0.00011915886090217481,-0.00012608038373303296,-0.00013246083046923325,-0.00013952538603211205,-0.00013645297222200447,-0.0001275330521580783,-0.00012438136961923823,-0.00012978695546742936,-0.00011336082052487573,-0.0001286502803124108,-0.00012633075534049218,-0.00013260787411930043,-0.00011614948900275394,-0.00011124723170267335,-0.00010007615576937756,-0.0001148596225994334,-0.00011435194395751359,-0.00010938452185162789,-0.00013316411958644468,-0.00012804984183415448,-0.00012484389279912965,-0.00011941077379580362,-9.719382923583167e-05,-0.00010316965783314328,-9.627057799162727e-05,-9.512930980181338e-05,-6.41969521485887e-05,-6.251796766400537e-05,-4.239108402026332e-05,-1.1124020628098182e-05,2.6372735020115015e-05,7.27660859640735e-05,0.00010662892518483037,0.00013696978040756853,0.0001570334427944987,0.00016761411635571156,0.00019166803176858988,0.00021960702863916453,0.00023631170409571926,0.00025645130911888196,0.0002747881146396838,0.00028385014425806284,0.0003063137276052859,0.00029799830879086154,0.0002800436797395589,0.00028307756234476034,0.0004941956589995754,3.766035070833333,0.0491574654166666,6.4601648208333335,101124.35125,1.5695889816666663e-06,1.482500076293945,242.77874755859372,8.484999656677246,3.766355879514417,2.1978064762115537,-0.9922222094179324,0.1244792638867886,-0.8660254037844386,0.5000000000000001
2016-11-07,0.00023960329340584787,0.0002667797574287396,0.0002523157769450064,0.00023062626581346352,0.00021762313111779497,0.00019681787859332424,0.0001703084494449952,0.00016325659265616313,0.0001578989158969565,0.00012945920334478432,8.774473218031432e-05,4.876247834784202e-05,1.8675675230796254e-05,-2.3090324229859213e-08,-2.786451555362641e-05,-5.7893174817570965e-05,-7.047425878088866e-05,-6.933646606298831e-05,-6.821796422784592e-05,-5.700323982667512e-05,-3.633461175191537e-05,-1.2249611425279932e-05,8.693770174450038e-06,1.155053967701084e-05,1.213058097658724e-05,2.0127677008334832e-05,3.1595129531277006e-05,4.501266248446248e-05,4.136874869079537e-05,3.3034279319623674e-05,2.398133243057116e-05,1.7440309507259603e-05,1.0021356492665384e-05,2.0869175692176586e-06,-1.1856400785729152e-05,-3.0427202031276815e-05,-4.379523507848407e-05,-5.6193158529066755e-05,-7.293976118488474e-05,-9.170902752513884e-05,-0.00010478825644837283,-0.00011715359145247151,-0.0001395931592043486,-0.00016730791888107502,-0.00017302136050008812,-0.0001777768796274598,-0.00018221154146011697,-0.00019369116962946847,-0.00019700979424384948,-0.0001782432442057201,-0.0001524558227209498,-0.0001369501190708321,-0.00013113518987029396,-0.0001196892588609968,-0.00012950384694480367,-0.00013614597073815772,-0.00014330298833996604,-0.00013838712555378359,-0.00012698103911366074,-0.00012292257825019442,-0.0001286589384262008,-0.0001085358949353937,-0.00012553666266212045,-0.0001232569552179701,-0.00013128674777488402,-0.00011416341563835513,-0.00010745718999038684,-9.62916678208677e-05,-0.00011388646817121371,-0.00011333953897198134,-0.00010737528588972679,-0.0001358434005912195,-0.00012945777037726386,-0.00012699497109232763,-0.00012091349142612707,-9.476760669386528e-05,-0.00010336330405778014,-9.669063100437235e-05,-9.735720935663836e-05,-6.475478918163515e-05,-6.733499395680571e-05,-4.736999935323871e-05,-1.4584267816346636e-05,2.524284163404375e-05,7.235657181952443e-05,0.00010556045317693658,0.0001356544071221125,0.00015490274983143807,0.00016356821984374396,0.00018687514546540413,0.00021455623105805227,0.00023080915935757928,0.00025119159959995085,0.0002686738554601399,0.0002748502239224857,0.0003027606769679697,0.0002949444013235923,0.0002755218291007751,0.00027059450812169563,0.0005217107104546299,1.4581177827083334,-1.3384278554166666,4.983234245833334,101123.71083333332,6.743272155416666e-05,1.649999976158142,214.4499969482422,17.60124969482422,1.979266680466663,2.722499921321869,-0.7909456567567774,0.6118864012687242,-0.5000000000000004,0.8660254037844384
2016-12-08,0.00023873487930317335,0.0002574940569614918,0.00024047124229218796,0.00021721897435317405,0.00020430678678974804,0.00018336579369888714,0.00015680653886590752,0.0001524421018301371,0.0001498318198216008,0.000122616508759817,8.045342585649347e-05,4.300899802521291e-05,1.5593109817570715e-05,-6.849859242643746e-07,-2.9553859345981703e-05,-6.317891064504381e-05,-7.763419807649482e-05,-7.613056216794093e-05,-7.290663666817589e-05,-5.9242160438861726e-05,-3.6566926559865076e-05,-1.2332441741139366e-05,1.0034516309137218e-05,1.4692978429434747e-05,1.77836832502199e-05,2.448535283574276e-05,3.596396679600469e-05,5.0782440824208086e-05,4.471249912764693e-05,3.802967816807454e-05,2.8917883284153496e-05,1.9806088400232457e-05,1.2121649360724136e-05,5.564488790430648e-06,-8.38049887983471e-06,-2.805355214237745e-05,-4.1368408506693236e-05,-5.287962546869488e-05,-7.0502653911604e-05,-9.131546171423378e-05,-0.00010535411896411507,-0.00011759350867270892,-0.0001411933306851771,-0.000167755085682965,-0.0001723414820705263,-0.00017675911799806994,-0.00018033385002057866,-0.00019243514770119,-0.00019663395293559392,-0.0001818173093308496,-0.0001546549712638392,-0.00013766280871393586,-0.0001307860291369767,-0.0001202196568198188,-0.00013292731015657438,-0.0001398311110070822,-0.00014708059064782002,-0.00014032127888556267,-0.00012642902606924318,-0.00012146378688115058,-0.00012753092138497225,-0.00010371096934591167,-0.0001224230450118301,-0.00012018315509544802,-0.0001299656214304676,-0.00011217734227395631,-0.00010366714827810032,-9.250717987235783e-05,-0.00011291331374299404,-0.00011232713398644909,-0.00010536604992782569,-0.00013852268159599433,-0.00013086569892037327,-0.00012914604938552563,-0.0001224162090564505,-9.234138415189889e-05,-0.00010355695028241702,-9.711068401711743e-05,-9.958510891146332e-05,-6.53126262146816e-05,-7.215202024960605e-05,-5.2348914686214114e-05,-1.8044515004595094e-05,2.4112948247972482e-05,7.194705767497537e-05,0.0001044919811690428,0.0001343390338366565,0.00015277205686837743,0.0001595223233317764,0.00018208225916221835,0.00020950543347694002,0.00022530661461943926,0.00024593189008101975,0.000262559596280596,0.0002658503035869085,0.0002992076263306535,0.000291890493856323,0.0002709999784619913,0.0002581114538986309,0.0005492257619096844,2.09334754875,-3.6795908625,7.034057037499999,101093.24729166667,0.0004094243093091,0.5487499833106995,256.364990234375,8.65999984741211,4.23337842334596,0.3011265441834929,-0.3697245428906732,0.9291414114031744,-2.4492935982947064e-16,1.0
2017-01-07,0.00023871237931750866,0.00025543129326092474,0.00024021044434939986,0.00021851680992030715,0.00020445841436292573,0.0001832961249151257,0.00015684649211041512,0.00015072970748268414,0.00014722645666576394,0.00012277491642775278,8.467107447022796e-05,4.634797045179888e-05,1.978242198367068e-05,1.741155931117042e-06,-2.6582218420658005e-05,-5.9623400987918395e-05,-7.49121653442251e-05,-7.398679839998898e-05,-7.18458500232488e-05,-5.7914772479113934e-05,-3.664368599895111e-05,-1.5023140047967043e-05,7.142601172885484e-06,1.1900768474942736e-05,1.6425768623127682e-05,2.3846900727301815e-05,3.4862097583603815e-05,4.8277304792512876e-05,4.291378539640394e-05,3.5439686933178015e-05,2.733102695872427e-05,1.61607698754937e-05,7.0881730762685115e-06,-4.73729272424115e-07,-1.4644760598134648e-05,-3.363169592701112e-05,-4.7506485411857135e-05,-6.173925073253569e-05,-7.854078279124634e-05,-9.487073359718314e-05,-0.00010880737571429356,-0.00011993073610328037,-0.0001416078721894498,-0.00016470287412012564,-0.00016785645175645454,-0.00017355463773234377,-0.00017664179370130637,-0.00018690728556144324,-0.00018924597342186942,-0.0001754348546852188,-0.00015076640528972391,-0.0001353913294917456,-0.00013004536828436315,-0.00011935749669598541,-0.00012894844911466116,-0.00013389223629145356,-0.00014093746244603055,-0.00013847368105905075,-0.00012799684064648047,-0.00012346727562267558,-0.00012942628802480402,-0.00010817160286751976,-0.00012682496079893327,-0.00012568393373770605,-0.0001344551746274935,-0.00011745213232044018,-0.00010960489898624633,-9.94085308288225e-05,-0.00011832165160641551,-0.0001180615239796916,-0.00011142653618937305,-0.0001414370125103591,-0.00013335639888073321,-0.00013182088775056918,-0.00012658513809737156,-9.909327695929634e-05,-0.00010597424375427288,-9.565847312959278e-05,-9.488741428831247e-05,-6.236999640361211e-05,-6.902889807321245e-05,-5.014911651669775e-05,-1.6899117158617747e-05,2.1611597620506688e-05,6.652629941288063e-05,9.814620970270513e-05,0.00012676652336172253,0.0001434546798578798,0.00014972762202283924,0.00017082690805346479,0.00019629941942830902,0.00021346090821347443,0.00023481392865535214,0.00025141134347859577,0.0002536081021249925,0.0002850977202437859,0.0002810975553813469,0.00026427463737515824,0.0002555252946998338,0.0005474499744646961,0.2544899045833333,-2.956868479166667,5.928405283333333,100901.35145833332,2.3841857333333335e-07,0.7300000190734863,224.22250366210935,15.978750228881836,2.9677999114873344,0.5329000278472904,0.1202080448993527,0.9927487224577402,0.4999999999999999,0.8660254037844387
2017-02-07,0.00023868987933184396,0.0002533685295603576,0.00023994964640661174,0.00021981464548744022,0.00020461004193610344,0.00018322645613136422,0.0001568864453549227,0.0001490173131352312,0.0001446210935099271,0.00012293332409568856,8.888872308396244e-05,4.968694287838485e-05,2.397173414977065e-05,4.167297786498459e-06,-2.3610577495334308e-05,-5.606789133079298e-05,-7.219013261195539e-05,-7.184303463203702e-05,-7.078506337832171e-05,-5.658738451936614e-05,-3.672044543803714e-05,-1.7713838354794722e-05,4.250686036633749e-06,9.108558520450726e-06,1.5067853996035467e-05,2.320844861886087e-05,3.376022837120293e-05,4.577216876081767e-05,4.111507166516094e-05,3.2849695698281484e-05,2.5744170633295047e-05,1.2515451350754944e-05,2.0546967918128873e-06,-6.511947335278878e-06,-2.0909022316434588e-05,-3.9209839711644785e-05,-5.364456231702103e-05,-7.059887599637649e-05,-8.657891167088868e-05,-9.84260054801325e-05,-0.00011226063246447206,-0.0001222679635338518,-0.00014202241369372246,-0.0001616506625572863,-0.00016337142144238275,-0.0001703501574666176,-0.00017294973738203405,-0.00018137942342169648,-0.0001818579939081449,-0.00016905240003958806,-0.00014687783931560861,-0.00013311985026955532,-0.0001293047074317496,-0.00011849533657215202,-0.00012496958807274797,-0.00012795336157582496,-0.00013479433424424107,-0.00013662608323253882,-0.00012956465522371777,-0.00012547076436420054,-0.00013132165466463576,-0.00011263223638912784,-0.00013122687658603642,-0.00013118471237996408,-0.00013894472782451938,-0.00012272692236692405,-0.00011554264969439232,-0.00010630988178528716,-0.00012372998946983698,-0.00012379591397293412,-0.0001174870224509204,-0.00014435134342472388,-0.00013584709884109316,-0.0001344957261156127,-0.00013075406713829258,-0.00010584516976669377,-0.00010839153722612874,-9.420626224206815e-05,-9.018971966516161e-05,-5.942736659254261e-05,-6.590577589681885e-05,-4.794931834718138e-05,-1.57537193126404e-05,1.9110246993040893e-05,6.110554115078589e-05,9.180043823636746e-05,0.0001191940128867886,0.00013413730284738212,0.0001399329207139021,0.00015957155694471122,0.000183093405379678,0.00020161520180750963,0.00022369596722968452,0.00024026309067659552,0.00024136590066307643,0.00027098781415691825,0.0002703046169063707,0.00025754929628832513,0.0002529391355010367,0.0005456741870197077,0.63377508125,0.0182997417916666,3.751465679166667,101206.59645833333,2.3841858333333333e-07,0.6100000143051147,209.31124877929688,12.997499465942385,0.6340392213129136,0.3721000174522402,0.6084768701151261,0.7935716089521474,0.8660254037844386,0.5000000000000001
2017-03-10,0.00023866737934617928,0.00025130576585979047,0.00023968884846382364,0.00022111248105457333,0.00020476166950928113,0.00018315678734760277,0.00015692639859943029,0.00014730491878777824,0.00014201573035409022,0.00012309173176362434,9.310637169769693e-05,5.3025915304970815e-05,2.8161046315870617e-05,6.593439641879875e-06,-2.0638936570010607e-05,-5.251238167366756e-05,-6.946809987968568e-05,-6.969927086408507e-05,-6.972427673339462e-05,-5.525999655961835e-05,-3.679720487712317e-05,-2.04045366616224e-05,1.3587709003820139e-06,6.316348565958715e-06,1.370993936894325e-05,2.256999651041992e-05,3.2658359158802056e-05,4.326703272912246e-05,3.931635793391795e-05,3.025970446338496e-05,2.4157314307865822e-05,8.870132826016187e-06,-2.978779492642738e-06,-1.255016539813364e-05,-2.7173284034734526e-05,-4.478798349627845e-05,-5.978263922218493e-05,-7.945850126021729e-05,-9.461704055053102e-05,-0.00010198127736308187,-0.00011571388921465054,-0.00012460519096442325,-0.00014243695519799515,-0.00015859845099444695,-0.00015888639112831098,-0.0001671456772008914,-0.00016925768106276177,-0.0001758515612819497,-0.0001744700143944204,-0.0001626699453939573,-0.00014298927334149332,-0.00013084837104736507,-0.00012856404657913607,-0.00011763317644831863,-0.00012099072703083475,-0.00012201448686019632,-0.0001286512060424516,-0.0001347784854060269,-0.00013113246980095503,-0.00012747425310572554,-0.00013321702130446753,-0.00011709286991073593,-0.0001356287923731396,-0.0001366854910222221,-0.00014343428102154526,-0.00012800171241340793,-0.00012148040040253831,-0.00011321123274175184,-0.00012913832733325845,-0.00012953030396617665,-0.00012354750871246777,-0.00014726567433908863,-0.0001383377988014531,-0.00013717056448065622,-0.0001349229961792136,-0.0001125970625740912,-0.0001108088306979846,-9.275405135454352e-05,-8.549202504201076e-05,-5.648473678147311e-05,-6.278265372042525e-05,-4.5749520177665006e-05,-1.460832146666305e-05,1.6608896365575095e-05,5.568478288869114e-05,8.54546667700298e-05,0.00011162150241185465,0.00012481992583688445,0.00013013821940496492,0.00014831620583595766,0.00016988739133104696,0.0001897694954015448,0.00021257800580401693,0.00022911483787459527,0.0002291236992011604,0.00025687790807005066,0.00025951167843139453,0.0002508239552014921,0.00025035297630223954,0.0005438983995747194,-0.6784572624999999,1.6397018354166668,4.0624443,100924.27375,0.0002695918066541,0.6449999809265137,198.8062438964844,12.551250457763672,1.774521447068978,0.416024975395203,0.9275416835791966,0.373719714790469,1.0,6.123233995736766e-17
2017-04-10,0.0002386448793605146,0.0002492430021592234,0.00023942805052103554,0.00022241031662170643,0.00020491329708245882,0.00018308711856384133,0.00015696635184393788,0.00014559252444032528,0.00013941036719825335,0.00012325013943156014,9.73240203114314e-05,5.636488773155679e-05,3.235035848197058e-05,9.019581497261292e-06,-1.766729564468691e-05,-4.895687201654214e-05,-6.674606714741595e-05,-6.755550709613311e-05,-6.866349008846753e-05,-5.393260859987056e-05,-3.6873964316209205e-05,-2.309523496845008e-05,-1.5331442358697201e-06,3.5241386114667044e-06,1.2352024741851034e-05,2.1931544401978976e-05,3.155648994640118e-05,4.076189669742726e-05,3.7517644202674955e-05,2.7669713228488438e-05,2.2570457982436598e-05,5.224814301277432e-06,-8.012255777098361e-06,-1.8588383460988405e-05,-3.3437545753034465e-05,-5.036612728091212e-05,-6.592071612734882e-05,-8.83181265240581e-05,-0.00010265516943017337,-0.00010553654924603123,-0.00011916714596482903,-0.00012694241839499468,-0.00014285149670226785,-0.00015554623943160757,-0.00015440136081423922,-0.00016394119693516522,-0.00016556562474348945,-0.00017032369914220293,-0.00016708203488069586,-0.00015628749074832654,-0.00013910070736737802,-0.00012857689182517478,-0.00012782338572652253,-0.00011677101632448524,-0.00011701186598892154,-0.00011607561214456772,-0.00012250807784066215,-0.00013293088757951497,-0.00013270028437819233,-0.0001294777418472505,-0.0001351123879442993,-0.00012155350343234401,-0.00014003070816024274,-0.00014218626966448013,-0.00014792383421857115,-0.0001332765024598918,-0.00012741815111068431,-0.00012011258369821652,-0.00013454666519667992,-0.00013526469395941916,-0.00012960799497401513,-0.0001501800052534534,-0.00014082849876181306,-0.00013984540284569976,-0.00013909192522013465,-0.00011934895538148865,-0.00011322612416984046,-9.130184046701887e-05,-8.07943304188599e-05,-5.3542106970403614e-05,-5.965953154403167e-05,-4.354972200814864e-05,-1.3462923620685702e-05,1.41075457381093e-05,5.02640246265964e-05,7.910889530369213e-05,0.00010404899193692071,0.00011550254882638681,0.00012034351809602777,0.0001370608547272041,0.00015668137728241596,0.00017792378899558,0.00020146004437834932,0.00021796658507259502,0.00021688149773924436,0.00024276800198318304,0.00024871873995641834,0.000244098614114659,0.00024776681710344243,0.000542122612129731,2.0091934220833334,0.8390102367916666,4.528739254166667,100899.84104166667,7.359186825000001e-05,0.7174999713897705,197.53250122070312,12.551249504089355,2.177336993849171,0.5148062089443215,0.9886775902323404,-0.1500553983446526,0.8660254037844387,-0.4999999999999998
2017-05-11,0.0002386223793748499,0.0002471802384586563,0.00023916725257824742,0.0002237081521888395,0.00020506492465563654,0.00018301744978007988,0.00015700630508844545,0.00014388013009287233,0.00013680500404241648,0.00012340854709949592,0.00010154166892516589,5.970386015814276e-05,3.653967064807055e-05,1.1445723352642709e-05,-1.4695654719363208e-05,-4.5401362359416725e-05,-6.402403441514624e-05,-6.541174332818115e-05,-6.760270344354044e-05,-5.2605220640122765e-05,-3.6950723755295235e-05,-2.578593327527776e-05,-4.425059372121456e-06,7.319286569746938e-07,1.0994110114758817e-05,2.129309229353803e-05,3.0454620734000296e-05,3.825676066573205e-05,3.5718930471431965e-05,2.5079721993591908e-05,2.0983601657007373e-05,1.5794957765386746e-06,-1.3045732061553986e-05,-2.4626601523843164e-05,-3.97018074713344e-05,-5.594427106554579e-05,-7.205879303251273e-05,-9.71777517878989e-05,-0.00011069329830981571,-0.00010909182112898058,-0.00012262040271500752,-0.00012927964582556614,-0.00014326603820654052,-0.00015249402786876823,-0.00014991633050016743,-0.00016073671666943904,-0.00016187356842421716,-0.00016479583700245616,-0.00015969405536697136,-0.00014990503610269577,-0.00013521214139326272,-0.00012630541260298453,-0.00012708272487390899,-0.00011590885620065186,-0.00011303300494700834,-0.00011013673742893908,-0.00011636494963887266,-0.00013108328975300305,-0.00013426809895542962,-0.0001314812305887755,-0.00013700775458413104,-0.00012601413695395212,-0.00014443262394734591,-0.00014768704830673816,-0.00015241338741559703,-0.00013855129250637567,-0.00013335590181883032,-0.0001270139346546812,-0.00013995500306010142,-0.00014099908395266169,-0.0001356684812355625,-0.0001530943361678182,-0.000143319198722173,-0.0001425202412107433,-0.0001432608542610557,-0.0001261008481888861,-0.00011564341764169632,-8.984962957949422e-05,-7.609663579570905e-05,-5.059947715933412e-05,-5.653640936763807e-05,-4.1349923838632276e-05,-1.2317525774708355e-05,1.1606195110643503e-05,4.4843266364501654e-05,7.276312383735445e-05,9.647648146198675e-05,0.00010618517181588915,0.00011054881678709063,0.00012580550361845054,0.00014347536323378496,0.00016607808258961516,0.0001903420829526817,0.00020681833227059477,0.0002046392962773283,0.00022865809589631543,0.00023792580148144216,0.0002373732730278259,0.0002451806579046453,0.0005403468246847426,1.0379549766666667,1.04460588075,4.440937745833334,100972.13479166666,0.0004399418814958,1.5175000429153442,196.57000732421875,18.70249938964844,1.4726004141261757,2.302806380248072,0.7748840413670407,-0.6321034111873487,0.4999999999999999,-0.8660254037844387
2017-06-11,0.0002385998793891852,0.00024511747475808917,0.00023890645463545932,0.0002250059877559726,0.00020521655222881423,0.00018294778099631843,0.00015704625833295305,0.00014216773574541938,0.00013419964088657964,0.0001235669547674317,0.00010575931753890037,6.304283258472872e-05,4.072898281417052e-05,1.3871865208024125e-05,-1.172401379403951e-05,-4.184585270229131e-05,-6.130200168287653e-05,-6.32679795602292e-05,-6.654191679861336e-05,-5.127783268037497e-05,-3.7027483194381265e-05,-2.847663158210544e-05,-7.31697450837319e-06,-2.0602812975173167e-06,9.6361954876666e-06,2.0654640185097082e-05,2.935275152159942e-05,3.575162463403684e-05,3.3920216740188975e-05,2.2489730758695384e-05,1.939674533157815e-05,-2.0658227482000824e-06,-1.807920834600961e-05,-3.066481958669793e-05,-4.596606918963434e-05,-6.152241485017946e-05,-7.819686993767662e-05,-0.0001060373770517397,-0.00011873142718945805,-0.00011264709301192994,-0.000126073659465186,-0.00013161687325613758,-0.00014368057971081321,-0.00014944181630592888,-0.00014543130018609566,-0.00015753223640371287,-0.00015818151210494484,-0.00015926797486270937,-0.00015230607585324686,-0.000143522581457065,-0.00013132357541914742,-0.00012403393338079427,-0.00012634206402129542,-0.00011504669607681847,-0.00010905414390509512,-0.00010419786271331046,-0.0001102218214370832,-0.00012923569192649115,-0.0001358359135326669,-0.00013348471933030047,-0.00013890312122396282,-0.0001304747704755602,-0.00014883453973444906,-0.00015318782694899617,-0.0001569029406126229,-0.00014382608255285952,-0.00013929365252697632,-0.00013391528561114587,-0.0001453633409235229,-0.0001467334739459042,-0.00014172896749710986,-0.00015600866708218296,-0.00014580989868253296,-0.00014519507957578683,-0.00014742978330197672,-0.00013285274099628352,-0.00011806071111355218,-8.839741869196959e-05,-7.139894117255819e-05,-4.765684734826462e-05,-5.341328719124447e-05,-3.9150125669115904e-05,-1.1172127928731008e-05,9.104844483177709e-06,3.942250810240691e-05,6.641735237101679e-05,8.890397098705282e-05,9.68677948053915e-05,0.00010075411547815348,0.00011455015250969699,0.00013026934918515393,0.00015423237618365033,0.0001792241215270141,0.00019567007946859452,0.00019239709481541227,0.00021454818980944782,0.000227132863006466,0.00023064793194099286,0.0002425944987058482,0.0005385710372397543,3.851890558333333,1.4605553935416669,7.437090379166666,100947.05666666666,0.0001720984767916,1.7862499952316284,234.69125366210935,19.116249084472656,4.1195003254012645,3.1906890454649925,0.3456123126707335,-0.938377391740864,1.2246467991473532e-16,-1.0
2017-07-11,0.00023857737940352053,0.00024305471105752206,0.00023864565669267122,0.0002263038233231057,0.00020536817980199192,0.00018287811221255696,0.00015708621157746065,0.00014045534139796643,0.00013159427773074277,0.00012372536243536748,0.00010997696615263486,6.63818050113147e-05,4.491829498027049e-05,1.6298007063405544e-05,-8.75237286871581e-06,-3.829034304516589e-05,-5.857996895060681e-05,-6.112421579227723e-05,-6.548113015368627e-05,-4.995044472062718e-05,-3.7104242633467296e-05,-3.1167329888933114e-05,-1.0208889644624927e-05,-4.852491252009327e-06,8.278280860574382e-06,2.0016188076656137e-05,2.8250882309198537e-05,3.324648860234164e-05,3.212150300894598e-05,1.9899739523798858e-05,1.7809889006148924e-05,-5.7111412729388395e-06,-2.311268463046524e-05,-3.6703037649552696e-05,-5.223033090793428e-05,-6.710055863481312e-05,-8.433494684284052e-05,-0.0001148970023155805,-0.0001267695560691004,-0.0001162023648948793,-0.0001295269162153645,-0.000133954100686709,-0.0001440951212150859,-0.00014638960474308953,-0.0001409462698720239,-0.0001543277561379867,-0.00015448945578567255,-0.0001537401127229626,-0.00014491809633952234,-0.00013714012681143424,-0.00012743500944503212,-0.00012176245415860398,-0.00012560140316868188,-0.00011418453595298507,-0.00010507528286318191,-9.825898799768184e-05,-0.00010407869323529373,-0.00012738809409997923,-0.00013740372810990418,-0.00013548820807182546,-0.00014079848786379459,-0.00013493540399716827,-0.00015323645552155224,-0.0001586886055912542,-0.00016139249380964877,-0.00014910087259934341,-0.0001452314032351223,-0.00014081663656761054,-0.00015077167878694436,-0.00015246786393914672,-0.00014778945375865723,-0.00015892299799654774,-0.0001483005986428929,-0.00014786991794083035,-0.00015159871234289777,-0.00013960463380368097,-0.00012047800458540804,-8.694520780444496e-05,-6.670124654940734e-05,-4.471421753719512e-05,-5.029016501485087e-05,-3.695032749959953e-05,-1.0026730082753659e-05,6.603493855711911e-06,3.4001749840312165e-05,6.0071580904679124e-05,8.133146051211886e-05,8.755041779489384e-05,9.095941416921632e-05,0.00010329480140094343,0.00011706333513652292,0.0001423866697776855,0.00016810616010134647,0.00018452182666659427,0.00018015489335349624,0.0002004382837225802,0.00021633992453148985,0.00022392259085415978,0.00024000833950705108,0.000536795249794766,4.789567329166666,-1.5195344233333332,8.652288579166667,100998.80979166667,0.0001015067091791,1.8662500381469729,258.3099975585937,7.591249942779541,5.024832341911089,3.482889204883577,-0.1628070129385164,-0.9866579328916572,-0.4999999999999997,-0.8660254037844388
2017-08-11,0.00023855487941785582,0.00024099194735695495,0.0002383848587498831,0.00022760165889023877,0.00020551980737516963,0.00018280844342879552,0.00015712616482196822,0.00013874294705051347,0.0001289889145749059,0.00012388377010330326,0.00011419461476636935,6.972077743790067e-05,4.9107607146370454e-05,1.872414891878696e-05,-5.780731943392115e-06,-3.473483338804047e-05,-5.58579362183371e-05,-5.898045202432528e-05,-6.442034350875918e-05,-4.862305676087939e-05,-3.7181002072553326e-05,-3.385802819576079e-05,-1.3100804780876658e-05,-7.644701206501338e-06,6.920366233482166e-06,1.937773596821519e-05,2.714901309679766e-05,3.0741352570646434e-05,3.0322789277702988e-05,1.7309748288902334e-05,1.62230326807197e-05,-9.356459797677593e-06,-2.8146160914920858e-05,-4.2741255712407456e-05,-5.849459262623422e-05,-7.267870241944678e-05,-9.047302374800442e-05,-0.0001237566275794213,-0.00013480768494874274,-0.00011975763677782865,-0.00013298017296554297,-0.00013629132811728047,-0.00014450966271935858,-0.00014333739318025019,-0.00013646123955795214,-0.00015112327587226052,-0.00015079739946640027,-0.00014821225058321585,-0.00013753011682579783,-0.0001307576721658035,-0.00012354644347091685,-0.00011949097493641373,-0.00012486074231606834,-0.00011332237582915168,-0.0001010964218212687,-9.232011328205322e-05,-9.793556503350425e-05,-0.0001255404962734673,-0.00013897154268714148,-0.00013749169681335046,-0.00014269385450362633,-0.00013939603751877635,-0.0001576383713086554,-0.00016418938423351222,-0.00016588204700667466,-0.00015437566264582726,-0.0001511691539432683,-0.00014771798752407522,-0.00015618001665036583,-0.00015820225393238925,-0.0001538499400202046,-0.00016183732891091252,-0.00015079129860325286,-0.0001505447563058739,-0.0001557676413838188,-0.0001463565266110784,-0.0001228952980572639,-8.549299691692031e-05,-6.200355192625648e-05,-4.1771587726125624e-05,-4.716704283845728e-05,-3.475052933008317e-05,-8.881332236776312e-06,4.10214322824612e-06,2.858099157821743e-05,5.3725809438341466e-05,7.375895003718493e-05,7.823304078439619e-05,8.116471286027917e-05,9.203945029218988e-05,0.0001038573210878919,0.00013054096337172073,0.00015698819867567888,0.00017337357386459405,0.0001679126918915802,0.0001863283776357126,0.00020554698605651368,0.00021719724976732672,0.00023742218030825397,0.0005350194623497776,5.457853954166667,-1.4995581375,8.968759208333333,101014.661875,7.210175242916667e-05,2.212500095367432,255.95249938964844,7.912499904632568,5.660109927621122,4.895156672000894,-0.6420547132365636,-0.7666588193001592,-0.8660254037844385,-0.5000000000000004
2017-09-11,0.00023853237943219114,0.00023892918365638784,0.000238124060807095,0.00022889949445737188,0.00020567143494834732,0.00018273877464503407,0.00015716611806647582,0.00013703055270306052,0.00012638355141906906,0.00012404217777123907,0.00011841226338010382,7.305974986448665e-05,5.3296919312470413e-05,2.1150290774168377e-05,-2.809091018068414e-06,-3.1179323730915055e-05,-5.313590348606738e-05,-5.683668825637332e-05,-6.335955686383209e-05,-4.7295668801131596e-05,-3.725776151163936e-05,-3.654872650258847e-05,-1.5992719917128395e-05,-1.0436911160993348e-05,5.562451606389949e-06,1.8739283859774246e-05,2.604714388439678e-05,2.8236216538951224e-05,2.852407554645999e-05,1.4719757054005808e-05,1.4636176355290475e-05,-1.3001778322416354e-05,-3.317963719937648e-05,-4.8779473775262215e-05,-6.475885434453416e-05,-7.825684620408046e-05,-9.661110065316831e-05,-0.00013261625284326212,-0.00014284581382838509,-0.000123312908660778,-0.0001364334297157215,-0.0001386285555478519,-0.00014492420422363128,-0.0001402851816174108,-0.00013197620924388037,-0.00014791879560653435,-0.00014710534314712795,-0.00014268438844346909,-0.0001301421373120733,-0.00012437521752017272,-0.00011965787749680155,-0.00011721949571422344,-0.0001241200814634548,-0.00011246021570531829,-9.71175607793555e-05,-8.63812385664246e-05,-9.179243683171478e-05,-0.00012369289844695538,-0.00014053935726437877,-0.00013949518555487543,-0.0001445892211434581,-0.00014385667104038446,-0.00016204028709575856,-0.00016969016287577025,-0.00017037160020370054,-0.00015965045269231113,-0.0001571069046514143,-0.00015461933848053987,-0.0001615883545137873,-0.00016393664392563175,-0.00015991042628175195,-0.0001647516598252773,-0.0001532819985636128,-0.00015321959467091745,-0.00015993657042473984,-0.00015310841941847586,-0.00012531259152911978,-8.404078602939567e-05,-5.730585730310563e-05,-3.882895791505613e-05,-4.404392066206368e-05,-3.25507311605668e-05,-7.735934390798963e-06,1.6007926007803217e-06,2.3160233316122683e-05,4.7380037972003793e-05,6.618643956225097e-05,6.891566377389853e-05,7.137001155134201e-05,8.078409918343632e-05,9.065130703926089e-05,0.0001186952569657559,0.00014587023725001126,0.0001622253210625938,0.00015567049042966414,0.00017221847154884497,0.0001947540475815375,0.00021047190868049364,0.00023483602110945683,0.0005332436749047893,0.3298543320833333,3.2050482500000004,5.706026641666667,100880.72083333333,0.0003554026283333,1.5912500619888306,215.3037567138672,13.897500038146973,3.2219773688252693,2.532076759779457,-0.9427611433904206,-0.333468778918187,-1.0,-1.8369701987210294e-16
2017-10-12,0.00023850987944652646,0.00023686641995582073,0.0002378632628643069,0.00023019733002450498,0.000205823062521525,0.0001826691058612726,0.00015720607131098342,0.00013531815835560757,0.00012377818826323219,0.00012420058543917485,0.00012262991199383833,7.639872229107261e-05,5.7486231478570386e-05,2.3576432629549792e-05,1.6254990725528685e-07,-2.7623814073789637e-05,-5.041387075379766e-05,-5.469292448842136e-05,-6.2298770218905e-05,-4.5968280841383804e-05,-3.7334520950725394e-05,-3.9239424809416155e-05,-1.888463505338013e-05,-1.3229121115485359e-05,4.204536979297732e-06,1.81008317513333e-05,2.49452746719959e-05,2.5731080507256015e-05,2.6725361815216997e-05,1.2129765819109281e-05,1.304932002986125e-05,-1.6647096847155107e-05,-3.821311348383211e-05,-5.481769183811698e-05,-7.10231160628341e-05,-8.383498998871413e-05,-0.00010274917755833222,-0.0001414758781071029,-0.00015088394270802743,-0.00012686818054372738,-0.00013988668646589997,-0.00014096578297842334,-0.00014533874572790397,-0.00013723297005457146,-0.00012749117892980858,-0.00014471431534080815,-0.00014341328682785566,-0.00013715652630372232,-0.0001227541577983488,-0.00011799276287454194,-0.00011576931152268625,-0.00011494801649203319,-0.00012337942061084125,-0.0001115980555814849,-9.31386997374423e-05,-8.044236385079597e-05,-8.56493086299253e-05,-0.00012184530062044345,-0.00014210717184161606,-0.00014149867429640042,-0.00014648458778328987,-0.00014831730456199257,-0.00016644220288286173,-0.0001751909415180283,-0.00017486115340072643,-0.000164925242738795,-0.0001630446553595603,-0.00016152068943700457,-0.00016699669237720877,-0.00016967103391887428,-0.0001659709125432993,-0.00016766599073964205,-0.00015577269852397275,-0.00015589443303596097,-0.00016410549946566086,-0.0001598603122258733,-0.00012772988500097564,-8.258857514187103e-05,-5.2608162679954775e-05,-3.588632810398663e-05,-4.092079848567008e-05,-3.035093299105043e-05,-6.590536544821616e-06,-9.005580266854761e-07,1.7739475054027936e-05,4.103426650566613e-05,5.8613929087317026e-05,5.9598286763400875e-05,6.157531024240487e-05,6.952874807468274e-05,7.744529299062987e-05,0.00010684955055979107,0.00013475227582434364,0.00015107706826059352,0.00014342828896774808,0.00015810856546197736,0.0001839611091065613,0.00020374656759366056,0.00023224986191065972,0.0005314678874598009,2.25199572375,0.3909079233083333,7.458139854166666,100844.47875,0.0005240837745833,1.2074999809265137,227.52874755859372,6.677499771118164,2.28567139901901,1.4580562039375309,-0.9813064702716092,0.1924515819708299,-0.8660254037844386,0.5000000000000001
2017-11-12,0.00023848737946086175,0.00023480365625525363,0.00023760246492151877,0.00023149516559163805,0.00020597469009470273,0.00018259943707751115,0.000157246024555491,0.0001336057640081546,0.00012117282510739532,0.00012435899310711063,0.0001268475606075728,7.973769471765859e-05,6.167554364467036e-05,2.6002574484931207e-05,3.134190832578981e-06,-2.406830441666422e-05,-4.7691838021527946e-05,-5.2549160720469405e-05,-6.123798357397792e-05,-4.464089288163601e-05,-3.7411280389811424e-05,-4.193012311624383e-05,-2.1776550189631863e-05,-1.6021331069977366e-05,2.846622352205516e-06,1.7462379642892352e-05,2.3843405459595025e-05,2.3225944475560808e-05,2.4926648083974007e-05,9.539774584212758e-06,1.1462463704432026e-05,-2.029241537189386e-05,-4.324658976828773e-05,-6.085590990097175e-05,-7.728737778113403e-05,-8.941313377334778e-05,-0.0001088872544634961,-0.0001503355033709437,-0.00015892207158766977,-0.00013042345242667672,-0.00014333994321607846,-0.0001433030104089948,-0.00014575328723217664,-0.00013418075849173212,-0.00012300614861573682,-0.00014150983507508198,-0.00013972123050858334,-0.00013162866416397553,-0.0001153661782846243,-0.00011161030822891118,-0.00011188074554857095,-0.00011267653726984292,-0.0001226387597582277,-0.00011073589545765151,-8.915983869552907e-05,-7.450348913516735e-05,-7.950618042813585e-05,-0.00011999770279393153,-0.00014367498641885333,-0.0001435021630379254,-0.00014837995442312161,-0.00015277793808360064,-0.00017084411866996488,-0.0001806917201602863,-0.0001793507065977523,-0.00017020003278527888,-0.0001689824060677063,-0.00016842204039346922,-0.00017240503024063024,-0.00017540542391211679,-0.00017203139880484666,-0.00017058032165400683,-0.0001582633984843327,-0.0001585692714010045,-0.00016827442850658188,-0.00016661220503327073,-0.00013014717847283148,-8.11363642543464e-05,-4.791046805680392e-05,-3.2943698292917135e-05,-3.779767630927649e-05,-2.8151134821534062e-05,-5.445138698844269e-06,-3.401908654151267e-06,1.2318716791933202e-05,3.468849503932846e-05,5.104141861238308e-05,5.028090975290322e-05,5.178060893346772e-05,5.827339696592919e-05,6.423927894199887e-05,9.500384415382627e-05,0.00012363431439867605,0.0001399288154585933,0.00013118608750583208,0.00014399865937510977,0.00017316817063158516,0.0001970212265068275,0.00022966370271186262,0.0005296921000148125,2.51301258375,-2.97785886875,7.0957882125,100798.083125,8.857250234583333e-05,0.8399999737739563,206.771240234375,11.857500076293944,3.896520972390483,0.7055999559402473,-0.7469720876965551,0.6648553979642866,-0.5000000000000004,0.8660254037844384
2017-12-13,0.00023846487947519707,0.00023274089255468652,0.00023734166697873067,0.00023279300115877115,0.00020612631766788042,0.0001825297682937497,0.00015728597779999859,0.00013189336966070166,0.00011856746195155846,0.0001245174007750464,0.00013106520922130728,8.307666714424455e-05,6.586485581077032e-05,2.8428716340312625e-05,6.10583175790268e-06,-2.0512794759538802e-05,-4.496980528925823e-05,-5.040539695251745e-05,-6.0177196929050835e-05,-4.331350492188822e-05,-3.7488039828897454e-05,-4.4620821423071506e-05,-2.4668465325883597e-05,-1.8813541024469383e-05,1.4887077251132987e-06,1.6823927534451407e-05,2.2741536247194146e-05,2.0720808443865602e-05,2.3127934352731013e-05,6.949783349316233e-06,9.875607379002803e-06,-2.393773389663262e-05,-4.828006605274336e-05,-6.68941279638265e-05,-8.355163949943397e-05,-9.499127755798145e-05,-0.00011502533136866,-0.00015919512863478452,-0.00016696020046731212,-0.0001339787243096261,-0.00014679319996625695,-0.00014564023783956623,-0.00014616782873644934,-0.00013112854692889277,-0.00011852111830166504,-0.0001383053548093558,-0.00013602917418931105,-0.00012610080202422877,-0.00010797819877089978,-0.00010522785358328042,-0.00010799217957445565,-0.00011040505804765265,-0.00012189809890561417,-0.00010987373533381812,-8.518097765361587e-05,-6.856461441953873e-05,-7.336305222634637e-05,-0.0001181501049674196,-0.00014524280099609063,-0.00014550565177945038,-0.00015027532106295338,-0.00015723857160520872,-0.00017524603445706805,-0.00018619249880254434,-0.0001838402597947782,-0.00017547482283176275,-0.0001749201567758523,-0.0001753233913499339,-0.00017781336810405172,-0.00018113981390535932,-0.00017809188506639402,-0.0001734946525683716,-0.00016075409844469265,-0.00016124410976604803,-0.00017244335754750293,-0.00017336409784066817,-0.00013256447194468735,-7.968415336682176e-05,-4.3212773433653066e-05,-3.0001068481847634e-05,-3.467455413288289e-05,-2.5951336652017694e-05,-4.2997408528669205e-06,-5.903259281617065e-06,6.897958529838454e-06,2.8342723572990794e-05,4.3468908137449136e-05,4.0963532742405556e-05,4.198590762453056e-05,4.7018045857175624e-05,5.1033264893367845e-05,8.315813774786144e-05,0.00011251635297300844,0.00012878056265659305,0.00011894388604391603,0.00012988875328824215,0.000162375232156609,0.00019029588541999442,0.00022707754351306548,0.0005279163125698242,0.001257574,-0.5471839921666667,4.184291483333333,101247.78458333334,0.0002673268356625,0.643750011920929,198.1125030517578,14.381250381469728,0.5471854372841224,0.4144140778481961,-0.3049212246562894,0.9523775757303972,-2.4492935982947064e-16,1.0
2018-01-13,0.00023789775639270814,0.00023314441917565045,0.00023788391776912164,0.00023268717538884717,0.00020653769348812057,0.0001839827988266271,0.00015727448690839254,0.00013146136899436502,0.00011572762571888558,0.0001193717050391191,0.00012334233213984433,7.735748068873561e-05,6.202672340511566e-05,2.472656113705676e-05,3.107455687580512e-06,-2.374315668757384e-05,-4.6479627072859547e-05,-5.335421314564012e-05,-6.59515138085146e-05,-5.145923642282046e-05,-4.681441455473145e-05,-5.047543300170352e-05,-2.9974296680281302e-05,-2.33399975136942e-05,-3.380749913798215e-06,1.1575779085635684e-05,1.801922734059565e-05,1.667932174315107e-05,1.8226683885215315e-05,3.659418670847032e-06,6.704860795841473e-06,-2.342436475563434e-05,-4.692584099976323e-05,-6.322829813112662e-05,-8.05624674170594e-05,-9.192510906148571e-05,-0.0001118099537043,-0.00015394717403109044,-0.00016194103908017104,-0.00013272208289386733,-0.0001449403462449361,-0.0001448690533870544,-0.00014590705672943864,-0.00013189092789937638,-0.00012190615110828437,-0.00014074303925642773,-0.00013913931625976245,-0.0001313402151279283,-0.00011458606765044799,-0.00011222309346428571,-0.00011458628955324265,-0.0001167967053069014,-0.00012913312965628167,-0.00011762031911283956,-9.40982518160575e-05,-7.717348869052379e-05,-7.99969716985577e-05,-0.00012262230024738063,-0.00014877394279211192,-0.00014907193417241994,-0.00015336158114356477,-0.00015888522034081444,-0.00017551032957562328,-0.00018521930088440962,-0.0001827260091673346,-0.00017475522171341728,-0.00017513484140963903,-0.00017499133471878236,-0.00017610512260987394,-0.0001791867022457469,-0.00017655496573066952,-0.0001730006088971964,-0.000161565159279547,-0.00016208418565689107,-0.00017126756431244298,-0.00017314129645589548,-0.00013566187056978434,-8.636162932005106e-05,-5.046533400617824e-05,-3.748229650508936e-05,-4.11955908602874e-05,-3.0623606649297394e-05,-6.753744775540364e-06,-3.678714927464631e-06,1.0240477896185654e-05,2.9508090998524497e-05,4.571979501828288e-05,4.4437011886689016e-05,4.774469242618926e-05,5.431329188565669e-05,5.8971746160125455e-05,9.072574245734056e-05,0.00012051757762032828,0.00013721927778305099,0.00012798831735615193,0.00013798178950875115,0.00016813678259794388,0.00019319984528231413,0.00022600783427462106,0.0005029309502348447,0.1802495350416666,0.554084778375,3.117276195833333,101122.624375,0.0001972317695316,0.6175000071525574,184.4312438964844,10.896249771118164,0.5826661449832227,0.3813062588334084,0.2219215130041655,0.9750645322571948,0.4999999999999999,0.8660254037844387
2018-02-13,0.00023733063331021924,0.00023354794579661436,0.00023842616855951262,0.00023258134961892316,0.0002069490693083607,0.0001854358293595045,0.00015726299601678646,0.00013102936832802835,0.00011288778948621271,0.0001142260093031918,0.00011561945505838136,7.163829423322666e-05,5.818859099946099e-05,2.102440593380089e-05,1.0907961725834379e-07,-2.697351861560888e-05,-4.7989448856460854e-05,-5.6303029338762796e-05,-7.172583068797836e-05,-5.96049679237527e-05,-5.614078928056545e-05,-5.633004458033553e-05,-3.5280128034679004e-05,-2.7866454002919017e-05,-8.250207552709729e-06,6.327630636819962e-06,1.3296918433997153e-05,1.263783504243654e-05,1.3325433417699617e-05,3.6905399237783044e-07,3.534114212680143e-06,-2.2910995614636056e-05,-4.5571615946783115e-05,-5.956246829842675e-05,-7.757329533468483e-05,-8.885894056498997e-05,-0.00010859457603994,-0.00014869921942739636,-0.00015692187769303,-0.00013146544147810856,-0.00014308749252361526,-0.00014409786893454258,-0.00014564628472242793,-0.00013265330886985996,-0.00012529118391490368,-0.00014318072370349968,-0.00014224945833021384,-0.0001365796282316278,-0.0001211939365299962,-0.000119218333345291,-0.00012118039953202965,-0.00012318835256615014,-0.00013636816040694916,-0.00012536690289186099,-0.00010301552597849913,-8.578236296150884e-05,-8.663089117076903e-05,-0.00012709449552734167,-0.00015230508458813322,-0.00015263821656538948,-0.0001564478412241762,-0.00016053186907642015,-0.00017577462469417854,-0.00018424610296627494,-0.000181611758539891,-0.00017403562059507182,-0.00017534952604342577,-0.0001746592780876308,-0.00017439687711569613,-0.0001772335905861345,-0.00017501804639494503,-0.00017250656522602116,-0.00016237622011440133,-0.0001629242615477341,-0.000170091771077383,-0.00017291849507112278,-0.00013875926919488133,-9.303910527328037e-05,-5.771789457870341e-05,-4.4963524528331085e-05,-4.771662758769192e-05,-3.529587664657709e-05,-9.207748698213808e-06,-1.4541705733121971e-06,1.3582997262532855e-05,3.06734584240582e-05,4.797068189911663e-05,4.7910491030972475e-05,5.3503477227847964e-05,6.160853791413775e-05,6.691022742688307e-05,9.829334716681968e-05,0.00012851880226764809,0.00014565799290950894,0.00013703274866838782,0.00014607482572926014,0.0001738983330392788,0.00019610380514463387,0.00022493812503617666,0.0004779455878998652,0.2554874425,0.69561067875,4.0681221875,101414.34875,4.631280975083333e-05,0.7337499856948853,213.083740234375,11.7212495803833,0.7410452413086711,0.5383890415072443,0.6870527672236669,0.7266075247685656,0.8660254037844386,0.5000000000000001
2018-03-17,0.00023676351022773032,0.0002339514724175783,0.00023896841934990362,0.00023247552384899917,0.00020736044512860086,0.0001868888598923819,0.00015725150512518041,0.0001305973676616917,0.00011004795325353984,0.0001090803135672645,0.0001078965779769184,6.591910777771772e-05,5.435045859380633e-05,1.7322250730545024e-05,-2.889296453063824e-06,-3.0203880543643915e-05,-4.949927064006217e-05,-5.9251845531885466e-05,-7.750014756744211e-05,-6.775069942468494e-05,-6.546716400639943e-05,-6.218465615896753e-05,-4.0585959389076705e-05,-3.2392910492143835e-05,-1.3119665191621241e-05,1.0794821880042409e-06,8.57460952739866e-06,8.596348341722011e-06,8.42418295018392e-06,-2.9213106860913698e-06,3.633676295188136e-07,-2.2397626473637776e-05,-4.421739089380299e-05,-5.589663846572688e-05,-7.458412325231026e-05,-8.579277206849423e-05,-0.00010537919837558,-0.00014345126482370228,-0.0001519027163058889,-0.00013020880006234982,-0.0001412346388022944,-0.00014332668448203078,-0.00014538551271541726,-0.00013341568984034358,-0.000128676216721523,-0.0001456184081505716,-0.00014535960040066524,-0.00014181904133532734,-0.00012780180540954443,-0.00012621357322629628,-0.00012777450951081666,-0.0001295799998253989,-0.00014360319115761663,-0.00013311348667088244,-0.00011193280014094077,-9.439123723249389e-05,-9.326481064298036e-05,-0.00013156669080730267,-0.0001558362263841545,-0.00015620449895835904,-0.00015953410130478758,-0.00016217851781202583,-0.00017603891981273376,-0.00018327290504814022,-0.0001804975079124474,-0.00017331601947672638,-0.0001755642106772125,-0.00017432722145647927,-0.00017268863162151835,-0.00017528047892652207,-0.00017348112705922053,-0.00017201252155484595,-0.0001631872809492557,-0.0001637643374385771,-0.00016891597784232304,-0.0001726956936863501,-0.00014185666781997835,-9.971658122650968e-05,-6.497045515122858e-05,-5.2444752551572804e-05,-5.423766431509643e-05,-3.996814664385679e-05,-1.1661752620887252e-05,7.703737808402368e-07,1.6925516628880052e-05,3.18388258495919e-05,5.022156877995037e-05,5.138397017525593e-05,5.926226202950666e-05,6.890378394261882e-05,7.484870869364066e-05,0.0001058609518762988,0.00013652002691496792,0.00015409670803596688,0.0001460771799806237,0.00015416786194976913,0.00017965988348061368,0.00019900776500695358,0.00022386841579773224,0.0004529602255648857,-0.0886478401666666,0.1043497747083333,3.4557309333333333,100933.01833333333,0.0001648465781249,0.6837500333786011,192.80999755859372,13.5,0.1369208349663951,0.4675141081452381,0.9657399376548548,0.2595117970697999,1.0,6.123233995736766e-17
2018-04-17,0.0002361963871452414,0.00023435499903854223,0.0002395106701402946,0.0002323696980790752,0.00020777182094884098,0.0001883418904252593,0.00015724001423357437,0.00013016536699535507,0.00010720811702086696,0.0001039346178313372,0.00010017370089545545,6.019992132220877e-05,5.0512326188151664e-05,1.3620095527289158e-05,-5.887672523385993e-06,-3.343424247167896e-05,-5.1009092423663475e-05,-6.220066172500814e-05,-8.327446444690589e-05,-7.589643092561718e-05,-7.479353873223344e-05,-6.803926773759955e-05,-4.5891790743474414e-05,-3.691936698136865e-05,-1.7989122830532756e-05,-4.168666260811483e-06,3.852300620800161e-06,4.55486164100748e-06,3.5229324826682205e-06,-6.2116753645605725e-06,-2.8073789536425175e-06,-2.1884257332639493e-05,-4.2863165840822865e-05,-5.2230808633027e-05,-7.15949511699357e-05,-8.272660357199849e-05,-0.00010216382071121999,-0.0001382033102200082,-0.00014688355491874783,-0.00012895215864659106,-0.00013938178508097356,-0.00014255550002951895,-0.00014512474070840656,-0.0001341780708108272,-0.00013206124952814234,-0.00014805609259764354,-0.00014846974247111663,-0.00014705845443902684,-0.00013440967428909263,-0.00013320881310730157,-0.00013436861948960366,-0.00013597164708464767,-0.00015083822190828413,-0.00014086007044990386,-0.00012085007430338241,-0.00010300011150347895,-9.989873011519169e-05,-0.0001360388860872637,-0.0001593673681801758,-0.0001597707813513286,-0.00016262036138539897,-0.00016382516654763155,-0.000176303214931289,-0.0001822997071300055,-0.0001793832572850038,-0.0001725964183583809,-0.00017577889531099924,-0.0001739951648253277,-0.00017098038612734057,-0.00017332736726690965,-0.00017194420772349603,-0.00017151847788367074,-0.00016399834178411004,-0.00016460441332942014,-0.0001677401846072631,-0.0001724728923015774,-0.00014495406644507533,-0.00010639405717973898,-7.222301572375375e-05,-5.9925980574814536e-05,-6.075870104250095e-05,-4.464041664113649e-05,-1.4115756543560696e-05,2.9949181349926708e-06,2.0268035995227256e-05,3.3004193275125604e-05,5.247245566078412e-05,5.4857449319539386e-05,6.502104683116537e-05,7.619902997109988e-05,8.278718996039827e-05,0.00011342855658577794,0.00014452125156228776,0.00016253542316242483,0.00015512161129285963,0.00016226089817027815,0.00018542143392194857,0.0002019117248692733,0.00022279870655928782,0.0004279748632299062,-0.83793768,-0.5888455728750001,3.8276981291666665,101036.46645833332,0.0001776615772583,0.7475000023841858,185.49749755859372,14.77375030517578,1.0241477746195953,0.5587562535643578,0.9634705485641488,-0.2678143051621742,0.8660254037844387,-0.4999999999999998
2018-05-18,0.0002356292640627525,0.00023475852565950616,0.00024005292093068556,0.0002322638723091512,0.00020818319676908114,0.0001897949209581367,0.0001572285233419683,0.0001297333663290184,0.00010436828078819409,9.878892209540989e-05,9.24508238139925e-05,5.448073486669982e-05,4.6674193782497e-05,9.917940324033292e-06,-8.88604859370816e-06,-3.666460439971399e-05,-5.251891420726479e-05,-6.514947791813082e-05,-8.904878132636964e-05,-8.404216242654942e-05,-8.411991345806743e-05,-7.389387931623155e-05,-5.119762209787211e-05,-4.1445823470593465e-05,-2.2858580469444267e-05,-9.416814709627204e-06,-8.700082857983341e-07,5.133749402929482e-07,-1.3783179848474777e-06,-9.502040043029773e-06,-5.978125536803847e-06,-2.137088819164121e-05,-4.150894078784275e-05,-4.856497880032712e-05,-6.860577908756112e-05,-7.966043507550274e-05,-9.894844304685998e-05,-0.00013295535561631412,-0.00014186439353160678,-0.0001276955172308323,-0.00013752893135965272,-0.00014178431557700712,-0.00014486396870139586,-0.00013494045178131077,-0.00013544628233476167,-0.0001504937770447155,-0.00015157988454156802,-0.00015229786754272637,-0.00014101754316864085,-0.00014020405298830683,-0.00014096272946839065,-0.0001423632943438964,-0.00015807325265895162,-0.00014860665422892529,-0.00012976734846582405,-0.000111608985774464,-0.00010653264958740302,-0.00014051108136722474,-0.0001628985099761971,-0.00016333706374429814,-0.00016570662146601036,-0.00016547181528323726,-0.00017656751004984424,-0.00018132650921187082,-0.00017826900665756022,-0.00017187681724003544,-0.00017599357994478598,-0.00017366310819417617,-0.0001692721406331628,-0.00017137425560729725,-0.00017040728838777153,-0.00017102443421249553,-0.0001648094026189644,-0.00016544448922026317,-0.0001665643913722031,-0.0001722500909168047,-0.00014805146507017232,-0.00011307153313296829,-7.947557629627892e-05,-6.740720859805625e-05,-6.727973776990546e-05,-4.931268663841619e-05,-1.6569760466234137e-05,5.219462489145106e-06,2.3610555361574453e-05,3.416956070065931e-05,5.4723342541617864e-05,5.8330928463822846e-05,7.077983163282407e-05,8.349427599958095e-05,9.072567122715588e-05,0.00012099616129525706,0.0001525224762096076,0.00017097413828888277,0.0001641660426050955,0.00017035393439078714,0.00019118298436328346,0.00020481568473159302,0.0002217289973208434,0.00040298950089492664,1.82267761,0.4405899125416666,5.5893119125,100855.8025,0.0006468296016666,1.0262500047683716,216.1437530517578,6.46875,1.87517282964232,1.0531890722870827,0.6932812268869777,-0.7206671495538609,0.4999999999999999,-0.8660254037844387
2018-06-19,0.00023506214098026356,0.00023516205228047007,0.00024059517172107654,0.0002321580465392272,0.00020859457258932127,0.0001912479514910141,0.00015721703245036224,0.00012930136566268176,0.0001015284445555212,9.364322635948259e-05,8.472794673252953e-05,4.876154841119088e-05,4.283606137684234e-05,6.215785120777426e-06,-1.1884424664030329e-05,-3.989496632774903e-05,-5.4028735990866097e-05,-6.809829411125348e-05,-9.48230982058334e-05,-9.218789392748166e-05,-9.344628818390142e-05,-7.974849089486356e-05,-5.650345345226982e-05,-4.597227995981828e-05,-2.7728038108355782e-05,-1.4664963158442925e-05,-5.592317192396826e-06,-3.5281117604215798e-06,-6.2795684523631725e-06,-1.2792404721498972e-05,-9.148872119965176e-06,-2.0857519050642928e-05,-4.015471573486262e-05,-4.489914896762725e-05,-6.561660700518656e-05,-7.6594266579007e-05,-9.573306538249999e-05,-0.00012770740101262004,-0.0001368452321444657,-0.00012643887581507352,-0.00013567607763833187,-0.0001410131311244953,-0.00014460319669438516,-0.00013570283275179438,-0.000138831315141381,-0.00015293146149178741,-0.00015469002661201942,-0.00015753728064642588,-0.00014762541204818905,-0.00014719929286931212,-0.00014755683944717764,-0.00014875494160314517,-0.00016530828340961912,-0.00015635323800794674,-0.00013868462262826568,-0.00012021786004544905,-0.00011316656905961435,-0.00014498327664718577,-0.0001664296517722184,-0.0001669033461372677,-0.00016879288154662177,-0.00016711846401884297,-0.00017683180516839947,-0.0001803533112937361,-0.0001771547560301166,-0.00017115721612168998,-0.00017620826457857275,-0.0001733310515630246,-0.00016756389513898498,-0.00016942114394768483,-0.000168870369052047,-0.0001705303905413203,-0.00016562046345381873,-0.0001662845651111062,-0.00016538859813714315,-0.00017202728953203197,-0.0001511488636952693,-0.0001197490090861976,-8.672813686880409e-05,-7.488843662129799e-05,-7.380077449730997e-05,-5.398495663569588e-05,-1.9023764388907582e-05,7.444006843297539e-06,2.695307472792165e-05,3.533492812619301e-05,5.697422942245161e-05,6.18044076081063e-05,7.653861643448277e-05,9.0789522028062e-05,9.866415249391348e-05,0.0001285637660047362,0.0001605237008569274,0.00017941285341534072,0.0001732104739173314,0.00017844697061129613,0.00019694453480461835,0.00020771964459391273,0.000220659288082399,0.0003780041385599472,3.13622985,2.8643837,8.592952341666667,101026.65854166668,0.0001538197210833,1.6549999713897705,224.7562561035156,14.7787504196167,4.247426474096604,2.739024905300141,0.2135209154397961,-0.9769384927771816,1.2246467991473532e-16,-1.0
2018-07-20,0.00023449501789777466,0.000235565578901434,0.0002411374225114675,0.0002320522207693032,0.00020900594840956142,0.0001927009820238915,0.00015720554155875617,0.0001288693649963451,9.868860832284833e-05,8.849753062355528e-05,7.700506965106657e-05,4.304236195568193e-05,3.8997928971187674e-05,2.5136299175215605e-06,-1.4882800734352497e-05,-4.3125328255784064e-05,-5.553855777446741e-05,-7.104711030437616e-05,-0.00010059741508529717,-0.0001003336254284139,-0.00010277266290973542,-8.560310247349558e-05,-6.180928480666753e-05,-5.04987364490431e-05,-3.259749574726729e-05,-1.9913111607258653e-05,-1.0314626098995328e-05,-7.5695984611361145e-06,-1.1180818919878874e-05,-1.6082769399968175e-05,-1.2319618703126509e-05,-2.0344149909644645e-05,-3.8800490681882503e-05,-4.1233319134927364e-05,-6.262743492281198e-05,-7.352809808251126e-05,-9.251768771813999e-05,-0.00012245944640892597,-0.00013182607075732462,-0.00012518223439931476,-0.00013382322391701103,-0.00014024194667198347,-0.00014434242468737445,-0.00013646521372227797,-0.0001422163479480003,-0.00015536914593885934,-0.00015780016868247084,-0.0001627766937501254,-0.00015423328092773728,-0.0001541945327503174,-0.00015415094942596464,-0.0001551465888623939,-0.00017254331416028662,-0.00016409982178696816,-0.0001476018967907073,-0.00012882673431643412,-0.00011980048853182568,-0.0001494554719271468,-0.0001699607935682397,-0.00017046962853023727,-0.00017187914162723316,-0.00016876511275444868,-0.00017709610028695473,-0.00017938011337560142,-0.00017604050540267303,-0.0001704376150033445,-0.00017642294921235948,-0.00017299899493187308,-0.0001658556496448072,-0.00016746803228807243,-0.0001673334497163225,-0.00017003634687014508,-0.00016643152428867308,-0.00016712464100194924,-0.00016421280490208317,-0.00017180448814725928,-0.0001542462623203663,-0.0001264264850394269,-9.398069744132926e-05,-8.23696646445397e-05,-8.032181122471448e-05,-5.865722663297558e-05,-2.1477768311581028e-05,9.668551197449973e-06,3.0295594094268853e-05,3.650029555172671e-05,5.922511630328535e-05,6.527788675238976e-05,8.229740123614147e-05,9.808476805654308e-05,0.00010660263376067109,0.0001361313707142153,0.00016852492550424724,0.00018785156854179866,0.0001822549052295673,0.00018654000683180513,0.00020270608524595326,0.00021062360445623247,0.00021958957884395458,0.00035301877622496763,3.0702788,-0.943646112,6.659886370833333,101028.86666666664,7.454554274166667e-05,1.9537500143051147,253.9812469482422,12.255000114440918,3.2120211541056447,3.817139118397236,-0.3131070409358267,-0.9497178427914316,-0.4999999999999997,-0.8660254037844388
2018-08-20,0.00023392789481528574,0.00023596910552239794,0.00024167967330185848,0.00023194639499937923,0.00020941732422980155,0.0001941540125567689,0.00015719405066715012,0.00012843736433000845,9.584877209017545e-05,8.335183488762798e-05,6.928219256960362e-05,3.732317550017298e-05,3.515979656553301e-05,-1.1885252857343088e-06,-1.7881176804674668e-05,-4.6355690183819106e-05,-5.704837955806872e-05,-7.399592649749884e-05,-0.00010637173196476093,-0.00010847935692934614,-0.00011209903763556942,-9.14577140521276e-05,-6.711511616106522e-05,-5.502519293826792e-05,-3.746695338617881e-05,-2.5161260056074374e-05,-1.5036935005593823e-05,-1.1611085161850643e-05,-1.6082069387394572e-05,-1.9373134078437378e-05,-1.549036528628784e-05,-1.9830780768646362e-05,-3.744626562890238e-05,-3.756748930222749e-05,-5.963826284043741e-05,-7.046192958601552e-05,-8.930231005377998e-05,-0.00011721149180523187,-0.00012680690937018357,-0.000123925592983556,-0.00013197037019569018,-0.00013947076221947164,-0.00014408165268036375,-0.00013722759469276158,-0.00014560138075461962,-0.0001578068303859313,-0.00016091031075292223,-0.00016801610685382494,-0.0001608411498072855,-0.0001611897726313227,-0.00016074505940475163,-0.00016153823612164266,-0.00017977834491095409,-0.0001718464055659896,-0.00015651917095314895,-0.00013743560858741916,-0.000126434408004037,-0.0001539276672071078,-0.000173491935364261,-0.0001740359109232068,-0.00017496540170784455,-0.0001704117614900544,-0.00017736039540550995,-0.0001784069154574667,-0.00017492625477522942,-0.00016971801388499904,-0.00017663763384614622,-0.00017266693830072152,-0.00016414740415062942,-0.00016551492062846,-0.000165796530380598,-0.00016954230319896988,-0.00016724258512352744,-0.00016796471689279227,-0.00016303701166702321,-0.00017158168676248658,-0.0001573436609454633,-0.0001331039609926562,-0.00010123325801385443,-8.985089266778144e-05,-8.684284795211901e-05,-6.332949663025527e-05,-2.3931772234254473e-05,1.1893095551602407e-05,3.363811346061606e-05,3.766566297726041e-05,6.14760031841191e-05,6.875136589667322e-05,8.805618603780017e-05,0.00010538001408502415,0.0001145411150274287,0.00014369897542369444,0.00017652615015156708,0.0001962902836682566,0.0001912993365418032,0.00019463304305231415,0.00020846763568728815,0.00021352756431855218,0.00021851986960551016,0.00032803341388998813,4.173330945833333,-1.5953623458333333,8.735689933333333,101008.736875,0.0002025167164166,1.9275000095367432,251.4562530517578,8.501250267028809,4.4678711035517775,3.715256286764145,-0.7526668275320083,-0.6584015846980489,-0.8660254037844385,-0.5000000000000004
2018-09-21,0.0002333607717327968,0.00023637263214336187,0.00024222192409224948,0.00023184056922945524,0.0002098287000500417,0.00019560704308964628,0.00015718255977554407,0.0001280053636636718,9.300893585750258e-05,7.820613915170068e-05,6.155931548814066e-05,3.1603989044664035e-05,3.1321664159878346e-05,-4.890680488990175e-06,-2.0879552874996837e-05,-4.958605211185415e-05,-5.855820134167003e-05,-7.694474269062151e-05,-0.0001121460488442247,-0.00011662508843027837,-0.00012142541236140342,-9.731232563075961e-05,-7.242094751546293e-05,-5.955164942749274e-05,-4.233641102509033e-05,-3.04094085048901e-05,-1.975924391219232e-05,-1.565257186256518e-05,-2.098331985491027e-05,-2.266349875690658e-05,-1.8661111869449173e-05,-1.9317411627648083e-05,-3.6092040575922253e-05,-3.390165946952761e-05,-5.664909075806284e-05,-6.739576108951978e-05,-8.608693238941997e-05,-0.0001119635372015378,-0.00012178774798304249,-0.00012266895156779725,-0.00013011751647436934,-0.00013869957776695984,-0.00014382088067335308,-0.0001379899756632452,-0.00014898641356123895,-0.00016024451483300322,-0.00016402045282337362,-0.00017325551995752444,-0.0001674490186868337,-0.00016818501251232798,-0.00016733916938353865,-0.00016792988338089142,-0.00018701337566162158,-0.00017959298934501104,-0.00016543644511559058,-0.0001460444828584042,-0.00013306832747624834,-0.00015839986248706884,-0.0001770230771602823,-0.00017760219331617637,-0.00017805166178845594,-0.00017205841022566008,-0.00017762469052406518,-0.000177433717539332,-0.00017381200414778582,-0.0001689984127666536,-0.00017685231847993296,-0.00017233488166957,-0.00016243915865645165,-0.00016356180896884759,-0.00016425961104487351,-0.00016904825952779467,-0.0001680536459583818,-0.00016880479278363528,-0.00016186121843196326,-0.0001713588853777139,-0.0001604410595705603,-0.00013978143694588552,-0.0001084858185863796,-9.733212069102316e-05,-9.336388467952352e-05,-6.800176662753499e-05,-2.6385776156927912e-05,1.4117639905754843e-05,3.698063282696325e-05,3.8831030402794114e-05,6.372689006495285e-05,7.222484504095669e-05,9.381497083945888e-05,0.00011267526011350521,0.00012247959629418633,0.00015126658013317357,0.0001845273747988869,0.00020472899879471457,0.0002003437678540391,0.00020272607927282314,0.00021422918612862306,0.0002164315241808719,0.00021745016036706574,0.0003030480515550086,2.96616235,2.301883055833333,7.515072791666667,100994.73125,0.0004622538808333,1.4149999618530271,225.52874755859372,6.208750247955322,3.754568509068669,2.002224892044069,-0.9859481499638304,-0.1670516255021195,-1.0,-1.8369701987210294e-16
2018-10-22,0.0002327936486503079,0.00023677615876432578,0.00024276417488264046,0.00023173474345953123,0.00021024007587028184,0.0001970600736225237,0.000157171068883938,0.00012757336299733515,9.01690996248297e-05,7.306044341577337e-05,5.3836438406677705e-05,2.5884802589155093e-05,2.7483531754223683e-05,-8.59283569224604e-06,-2.3877928945319e-05,-5.2816414039889177e-05,-6.0068023125271346e-05,-7.989355888374418e-05,-0.00011792036572368846,-0.00012477081993121061,-0.00013075178708723742,-0.0001031669372093916,-7.772677886986062e-05,-6.407810591671755e-05,-4.7205868664001833e-05,-3.565755695370581e-05,-2.4481552818790814e-05,-1.9694058563279705e-05,-2.588457032242597e-05,-2.595386343537578e-05,-2.18318584526105e-05,-1.88040424866498e-05,-3.4737815522942135e-05,-3.0235829636827734e-05,-5.365991867568827e-05,-6.432959259302404e-05,-8.287155472505998e-05,-0.00010671558259784372,-0.00011676858659590141,-0.00012141231015203849,-0.0001282646627530485,-0.000137928393314448,-0.00014356010866634238,-0.00013875235663372878,-0.00015237144636785828,-0.00016268219928007517,-0.00016713059489382502,-0.00017849493306122395,-0.0001740568875663819,-0.00017518025239333327,-0.00017393327936232562,-0.00017432153064014019,-0.00019424840641228908,-0.00018733957312403246,-0.0001743537192780322,-0.00015465335712938925,-0.00013970224694845969,-0.00016287205776702987,-0.00018055421895630356,-0.0001811684757091459,-0.00018113792186906735,-0.0001737050589612658,-0.00017788898564262043,-0.0001764605196211973,-0.00017269775352034224,-0.00016827881164830814,-0.0001770670031137197,-0.00017200282503841843,-0.00016073091316227384,-0.0001616086973092352,-0.00016272269170914902,-0.00016855421585661943,-0.00016886470679323612,-0.00016964486867447831,-0.00016068542519690328,-0.0001711360839929412,-0.0001635384581956573,-0.00014645891289911484,-0.00011573837915890478,-0.00010481334871426488,-9.988492140692803e-05,-7.267403662481467e-05,-2.8839780079601358e-05,1.6342184259907276e-05,4.032315219331045e-05,3.999639782832782e-05,6.597777694578659e-05,7.569832418524014e-05,9.957375564111757e-05,0.00011997050614198627,0.00013041807756094392,0.0001588341848426527,0.00019252859944620673,0.0002131677139211725,0.00020938819916627497,0.00021081911549333213,0.00021999073656995795,0.00021933548404319162,0.00021638045112862134,0.0002780626892200291,2.531553897083333,-1.277383805,5.7577833,101204.059375,0.0008384784069999,0.8949999809265137,192.27749633789065,11.883749961853027,2.835573049511172,0.8010249658584598,-0.9338372288229252,0.3576982388331254,-0.8660254037844386,0.5000000000000001
2018-11-23,0.00023222652556781898,0.00023717968538528971,0.00024330642567303143,0.00023162891768960725,0.000210651451690522,0.0001985131041554011,0.00015715957799233195,0.0001271413623309985,8.732926339215683e-05,6.791474767984607e-05,4.611356132521475e-05,2.016561613364614e-05,2.364539934856902e-05,-1.2294990895501905e-05,-2.6876305015641167e-05,-5.604677596792422e-05,-6.157784490887265e-05,-8.284237507686685e-05,-0.0001236946826031522,-0.00013291655143214285,-0.0001400781618130714,-0.00010902154878802362,-8.303261022425833e-05,-6.860456240594237e-05,-5.207532630291335e-05,-4.0905705402521546e-05,-2.9203861725389312e-05,-2.3735545263994237e-05,-3.078582078994167e-05,-2.9244228113844986e-05,-2.5002605035771828e-05,-1.8290673345651517e-05,-3.338359046996201e-05,-2.6569999804127854e-05,-5.06707465933137e-05,-6.12634240965283e-05,-7.965617706069998e-05,-0.00010146762799414964,-0.00011174942520876035,-0.00012015566873627972,-0.00012641180903172764,-0.00013715720886193618,-0.00014329933665933168,-0.0001395147376042124,-0.0001557564791744776,-0.0001651198837271471,-0.0001702407369642764,-0.00018373434616492348,-0.00018066475644593012,-0.00018217549227433856,-0.00018052738934111264,-0.00018071317789938892,-0.00020148343716295657,-0.0001950861569030539,-0.00018327099344047384,-0.00016326223140037432,-0.000146336166420671,-0.0001673442530469909,-0.00018408536075232486,-0.00018473475810211546,-0.00018422418194967874,-0.0001753517076968715,-0.00017815328076117566,-0.0001754873217030626,-0.00017158350289289863,-0.00016755921052996267,-0.00017728168774750643,-0.0001716707684072669,-0.00015902266766809606,-0.00015965558564962277,-0.00016118577237342452,-0.00016806017218544422,-0.00016967576762809048,-0.00017048494456532135,-0.00015950963196184332,-0.0001709132826081685,-0.0001666358568207543,-0.00015313638885234413,-0.00012299093973142995,-0.00011229457673750661,-0.00010640595813433254,-7.734630662209437e-05,-3.12937840022748e-05,1.856672861405971e-05,4.366567155965765e-05,4.116176525386152e-05,6.822866382662034e-05,7.91718033295236e-05,0.00010533254044277628,0.00012726575217046734,0.00013835655882770152,0.0001664017895521318,0.00020052982409352656,0.00022160642904763044,0.00021843263047851088,0.00021891215171384112,0.00022575228701129284,0.00022223944390551133,0.00021531074189017692,0.0002530773268850496,-0.8437531760833333,0.81813875875,3.9373036375,101319.73979166668,0.0002274314519999,0.6462500095367432,189.49874877929688,12.255000114440918,1.1752746277869284,0.4176390748262406,-0.6084768701151264,0.7935716089521472,-0.5000000000000004,0.8660254037844384
2018-12-28,0.00023495241809077258,0.0002380102617138581,0.00024230742494578988,0.0002322930937990064,0.00021425048742416473,0.00020084049448009157,0.00016282027010908816,0.00013107818716146544,9.151845092012726e-05,7.515939144322284e-05,4.8748211597254815e-05,2.1771807056477914e-05,2.2468988380955526e-05,-1.4031721811292101e-05,-2.864691758215007e-05,-5.726750032995859e-05,-6.0593297796274464e-05,-7.907028704797767e-05,-0.00011421249265035992,-0.0001236561570779684,-0.00012722213809040857,-9.698526156917982e-05,-7.12949376208929e-05,-5.7267662231504476e-05,-4.110852054436804e-05,-2.96529704245504e-05,-1.8778213281294707e-05,-1.3554362214229236e-05,-1.7887114022894472e-05,-1.6050228223477274e-05,-1.6002468109299675e-05,-1.302127382133948e-05,-2.6055877094108985e-05,-2.1612240104718242e-05,-4.2894177150298296e-05,-5.457333905477253e-05,-7.228984487295373e-05,-9.242826931622094e-05,-0.00010447079221792738,-0.00011301618921095912,-0.00011786717445660205,-0.0001273877191217194,-0.00013407528027760816,-0.00013339326617773474,-0.00014923653685827425,-0.00015931047389889042,-0.00016512631794488445,-0.0001760441688601167,-0.00017326753130974108,-0.00017502300126458746,-0.00017386463523495999,-0.00017366894218344395,-0.00019021450111941104,-0.00018509598227779838,-0.00017548051322688836,-0.00015935922192701532,-0.00014696954013201355,-0.0001645883104276329,-0.0001774820754894576,-0.00017842102712762865,-0.00017834697438281103,-0.00017043670214306842,-0.00017257872103464264,-0.00016935077977958172,-0.00016457493788684174,-0.00016185937977947925,-0.00017146920828004395,-0.0001658983863849267,-0.00015422081365843834,-0.0001520053701882784,-0.00015399299639069148,-0.0001600042197909026,-0.00015949382761105174,-0.00016027583446127038,-0.00014817099477048895,-0.00015665632369541436,-0.00015164943697774537,-0.00013636812002040916,-0.00010976478433925851,-9.728170619770985e-05,-9.08244787789608e-05,-6.009246755450116e-05,-1.5015429367540072e-05,3.251972534218103e-05,5.6376251191363605e-05,5.865673176546654e-05,8.200146774503479e-05,9.755057516462441e-05,0.00012231344040289856,0.00014427116455548386,0.0001556753626368385,0.00018204310848662849,0.0002145319379854473,0.0002348051516343466,0.0002334130473430872,0.00023327944659562542,0.00023998910568005845,0.00023590028055641628,0.00022919799901671668,0.00031298746996987316,0.5056025258333333,0.3438720718999999,3.714424358333333,101101.38875,5.966424919166667e-05,0.606249988079071,201.66749572753903,13.326250076293944,0.6114588424103827,0.3675390480458738,-0.0516196672232541,0.998666816288476,-2.4492935982947064e-16,1.0
2019-02-01,0.0002376783106137262,0.0002388408380424265,0.00024130842421854834,0.00023295726990840557,0.0002178495231578075,0.00020316788480478207,0.0001684809622258444,0.00013501501199193237,9.57076384480977e-05,8.240403520659959e-05,5.138286186929489e-05,2.3377997979309685e-05,2.1292577413342033e-05,-1.57684527270823e-05,-3.041753014865897e-05,-5.848822469199296e-05,-5.960875068367627e-05,-7.529819901908849e-05,-0.00010473030269756764,-0.00011439576272379392,-0.00011436611436774574,-8.4948974350336e-05,-5.955726501752747e-05,-4.5930762057066575e-05,-3.0141714785822736e-05,-1.8400235446579252e-05,-8.352564837200098e-06,-3.3731791644642363e-06,-4.988407255847278e-06,-2.856228333109562e-06,-7.0023311828275255e-06,-7.751874297027443e-06,-1.8728163718255957e-05,-1.6654480405308633e-05,-3.511760770728289e-05,-4.788325401301677e-05,-6.492351268520747e-05,-8.338891063829224e-05,-9.719215922709441e-05,-0.00010587670968563852,-0.00010932253988147646,-0.00011761822938150264,-0.00012485122389588465,-0.00012727179475125708,-0.00014271659454207086,-0.00015350106407063376,-0.00016001189892549252,-0.0001683539915553099,-0.00016587030617355207,-0.00016787051025483635,-0.0001672018811288073,-0.00016662470646749899,-0.0001789455650758655,-0.00017510580765254282,-0.00016769003301330288,-0.00015545621245365628,-0.0001476029138433561,-0.00016183236780827485,-0.00017087879022659037,-0.00017210729615314184,-0.0001724697668159433,-0.00016552169658926532,-0.0001670041613081096,-0.00016321423785610088,-0.00015756637288078486,-0.00015615954902899583,-0.00016565672881258147,-0.00016012600436258648,-0.00014941895964878062,-0.00014435515472693402,-0.00014680022040795845,-0.00015194826739636097,-0.000149311887594013,-0.0001500667243572194,-0.00013683235757913458,-0.00014239936478266022,-0.00013666301713473648,-0.00011959985118847419,-9.65386289470871e-05,-8.226883565791311e-05,-7.524299942358905e-05,-4.283862848690795e-05,1.2629252671946588e-06,4.647272207030235e-05,6.908683082306956e-05,7.615169827707158e-05,9.577427166344924e-05,0.00011592934699972524,0.00013929434036302085,0.0001612765769405004,0.00017299416644597546,0.00019768442742112516,0.00022853405187736803,0.0002480038742210628,0.00024839346420766354,0.0002476467414774097,0.00025422592434882406,0.00024956111720732125,0.00024308525614325646,0.00037289761305469665,0.7583185808333334,-0.418642685875,5.0250118666666665,101169.84958333334,6.695588395833333e-06,0.6962500214576721,251.68374633789065,15.039999961853027,0.86620365300183,0.4847640923798089,0.5234156073655503,0.8520775211013093,0.8660254037844386,0.5000000000000001
2019-03-08,0.0002404042031366798,0.0002396714143709949,0.0002403094234913068,0.0002336214460178047,0.00022144855889145022,0.00020549527512947255,0.0001741416543426006,0.00013895183682239933,9.989682597606813e-05,8.964867896997636e-05,5.401751214133495e-05,2.498418890214146e-05,2.011616644572854e-05,-1.7505183642872494e-05,-3.2188142715167874e-05,-5.970894905402733e-05,-5.862420357107808e-05,-7.15261109901993e-05,-9.524811274477536e-05,-0.00010513536836961946,-0.0001015100906450829,-7.291268713149219e-05,-4.781959241416204e-05,-3.459386188262868e-05,-1.9174909027277432e-05,-7.147500468608109e-06,2.0730836068945046e-06,6.808003885300759e-06,7.91029951119991e-06,1.0337771557258146e-05,1.997805743644624e-06,-2.482474772715409e-06,-1.1400450342402932e-05,-1.1696720705899024e-05,-2.7341038264267485e-05,-4.119316897126101e-05,-5.755718049746122e-05,-7.434955196036354e-05,-8.991352623626144e-05,-9.873723016031792e-05,-0.00010077790530635087,-0.00010784873964128587,-0.00011562716751416113,-0.00012115032332477943,-0.0001361966522258675,-0.00014769165424237708,-0.00015489747990610057,-0.00016066381425050314,-0.00015847308103736303,-0.00016071801924508525,-0.00016053912702265464,-0.00015958047075155404,-0.00016767662903232,-0.0001651156330272873,-0.0001598995527997174,-0.00015155320298029727,-0.0001482362875546986,-0.00015907642518891684,-0.00016427550496372312,-0.000165793565178655,-0.00016659255924907562,-0.00016060669103546224,-0.00016142960158157662,-0.00015707769593262,-0.00015055780787472797,-0.0001504597182785124,-0.00015984424934511898,-0.0001543536223402463,-0.0001446171056391229,-0.00013670493926558965,-0.00013960744442522541,-0.00014389231500181932,-0.00013912994757697429,-0.00013985761425316847,-0.0001254937203877802,-0.00012814240586990608,-0.00012167659729172756,-0.00010283158235653922,-8.331247355491568e-05,-6.725596511811637e-05,-5.966152006821732e-05,-2.5584789419314732e-05,1.7541279901929386e-05,6.042571879842367e-05,8.17974104547755e-05,9.36466647886766e-05,0.0001095470755818637,0.00013430811883482607,0.00015627524032314316,0.00017828198932551693,0.00019031297025511244,0.00021332574635562183,0.00024253616576928877,0.000261202596807779,0.00026337388107223987,0.00026201403635919406,0.00026846274301758964,0.0002632219538582262,0.00025697251326979625,0.00043280775613952014,1.3523248079166663,1.46594429,4.584610958333333,101155.421875,3.339846931083333e-05,0.7074999809265137,188.56375122070312,10.903749465942385,1.9944360224109603,0.5005562230110172,0.9141279881853336,0.4054257283599973,1.0,6.123233995736766e-17
2019-04-12,0.00024313009565963344,0.0002405019906995633,0.00023931042276406525,0.00023428562212720388,0.00022504759462509298,0.00020782266545416305,0.00017980234645935685,0.00014288866165286626,0.00010408601350403858,9.689332273335311e-05,5.6652162413375025e-05,2.6590379824973232e-05,1.8939755478115047e-05,-1.924191455866269e-05,-3.3958755281676776e-05,-6.09296734160617e-05,-5.763965645847988e-05,-6.775402296131012e-05,-8.576592279198306e-05,-9.587497401544498e-05,-8.865406692242006e-05,-6.087639991264837e-05,-3.608191981079661e-05,-2.325696170819078e-05,-8.208103268732121e-06,4.1052345093630415e-06,1.2498732050989117e-05,1.6989186935065764e-05,2.080900627824711e-05,2.353177144762586e-05,1.0997942670116777e-05,2.7869247515966314e-06,-4.0727369665499036e-06,-6.738961006489412e-06,-1.956446882125208e-05,-3.4503083929505244e-05,-5.019084830971496e-05,-6.531019328243485e-05,-8.263489324542847e-05,-9.159775063499731e-05,-9.223327073122528e-05,-9.80792499010691e-05,-0.00010640311113243761,-0.00011502885189830178,-0.0001296767099096641,-0.00014188224441412042,-0.0001497830608867086,-0.00015297363694569634,-0.00015107585590117402,-0.00015356552823533415,-0.00015387637291650196,-0.00015253623503560908,-0.00015640769298877447,-0.00015512545840203176,-0.00015210907258613192,-0.00014765019350693824,-0.00014886966126604115,-0.0001563204825695588,-0.00015767221970085587,-0.0001594798342041682,-0.0001607153516822079,-0.00015569168548165913,-0.0001558550418550436,-0.00015094115400913913,-0.0001435492428686711,-0.000144759887528029,-0.0001540317698776565,-0.00014858124031790607,-0.00013981525162946518,-0.00012905472380424525,-0.00013241466844249238,-0.0001358363626072777,-0.00012894800755993555,-0.0001296485041491175,-0.00011415508319642583,-0.00011388544695715194,-0.00010669017744871864,-8.606331352460426e-05,-7.008631816274424e-05,-5.224309457831961e-05,-4.408004071284557e-05,-8.330950351721523e-06,3.381963453666412e-05,7.4378715526545e-05,9.450799008648146e-05,0.00011114163130028162,0.00012331987950027815,0.00015268689066992689,0.00017325614028326544,0.00019528740171053348,0.0002076317740642494,0.0002289670652901185,0.0002565382796612095,0.0002744013193944952,0.0002783542979368162,0.00027638133124097835,0.0002826995616863553,0.00027688279050913113,0.000270859770396336,0.0004927178992243437,0.98983701925,0.621462495,3.9011893291666655,100949.83854166669,5.875031175916666e-05,0.6399999856948853,189.81124877929688,13.998749732971191,1.1687570138268049,0.4095999816894533,0.9829265519799822,-0.18399835165768,0.8660254037844387,-0.4999999999999998
2019-05-18,0.00024585598818258704,0.0002413325670281317,0.0002383114220368237,0.00023494979823660304,0.00022864663035873571,0.00021015005577885353,0.00018546303857611306,0.0001468254864833332,0.00010827520103200901,0.00010413796649672988,5.928681268541509e-05,2.8196570747805008e-05,1.7763344510501553e-05,-2.0978645474452887e-05,-3.572936784818568e-05,-6.215039777809607e-05,-5.665510934588169e-05,-6.398193493242093e-05,-7.628373283919078e-05,-8.661457966127053e-05,-7.579804319975723e-05,-4.8840112693804565e-05,-2.434424720743118e-05,-1.1920061533752883e-05,2.758702489813185e-06,1.5357969487334185e-05,2.2924380495083723e-05,2.717036998483076e-05,3.370771304529429e-05,3.672577133799357e-05,1.9998079596588927e-05,8.056324275908665e-06,3.2549764093031226e-06,-1.781201307079803e-06,-1.1787899378236674e-05,-2.7812998887749483e-05,-4.282451612196871e-05,-5.627083460450615e-05,-7.53562602545955e-05,-8.445827110967671e-05,-8.368863615609968e-05,-8.830976016085233e-05,-9.71790547507141e-05,-0.00010890738047182412,-0.00012315676759346074,-0.00013607283458586374,-0.00014466864186731668,-0.00014528345964088957,-0.00014367863076498498,-0.00014641303722558304,-0.0001472136188103493,-0.0001454919993196641,-0.00014513875694522894,-0.00014513528377677623,-0.00014431859237254644,-0.00014374718403357923,-0.0001495030349773837,-0.00015356453995020078,-0.00015106893443798863,-0.00015316610322968138,-0.00015483814411534018,-0.00015077667992785605,-0.00015028048212851057,-0.00014480461208565829,-0.0001365406778626142,-0.00013906005677754557,-0.00014821929041019402,-0.00014280885829556588,-0.00013501339761980746,-0.00012140450834290089,-0.00012522189245975935,-0.00012778041021273607,-0.00011876606754289682,-0.00011943939404506653,-0.00010281644600507147,-9.96284880443978e-05,-9.170375760570973e-05,-6.929504469266929e-05,-5.6860162770572805e-05,-3.723022403852287e-05,-2.8498561357473835e-05,8.922888715871697e-06,5.009798917139885e-05,8.83317122546663e-05,0.00010721856971818741,0.00012863659781188664,0.0001370926834186926,0.0001710656625050277,0.00019023704024338773,0.00021229281409555,0.00022495057787338637,0.0002446083842246152,0.00027054039355313024,0.00028760004198121137,0.0002933347148013925,0.00029074862612276265,0.00029693638035512086,0.0002905436271600361,0.00028474702752287576,0.0005526280423091672,1.4579264283333335,2.543361025,5.8898041375000005,100991.47125,0.00021753708725,0.949999988079071,220.77999877929688,17.612499237060547,2.9315925320415595,0.9024999773502352,0.6932812268869777,-0.7206671495538609,0.4999999999999999,-0.8660254037844387
2019-06-17,0.00024521627499547315,0.00024118098306689275,0.0002371991505328631,0.0002336596641805323,0.00022691530501836894,0.00020786363111546146,0.00018236669691722247,0.0001447108640963777,0.000107500414850203,0.00010349026494510607,6.295379835802034e-05,3.347358702658925e-05,2.1819143040606614e-05,-1.7857527238345263e-05,-3.395634364441205e-05,-5.928657111614285e-05,-5.454032088871025e-05,-6.067058289505128e-05,-7.223839291157549e-05,-8.175369566886667e-05,-7.100754078537406e-05,-4.4963147988357737e-05,-2.092259048950203e-05,-7.67762668250084e-06,6.212160844113565e-06,1.791249630541857e-05,2.478748831919551e-05,2.8664357894779346e-05,3.483743527147377e-05,3.8589432008568254e-05,2.3305681589174598e-05,1.1807727544639355e-05,6.547186278553341e-06,9.328576102834e-07,-9.637752675321147e-06,-2.5312192503925036e-05,-3.917303745540177e-05,-5.2184481857549e-05,-7.163854371910551e-05,-8.174034777469483e-05,-8.246695279534512e-05,-8.850260526189142e-05,-9.805936245469524e-05,-0.00010761858666615366,-0.00012095028230963133,-0.00013298605485727354,-0.00014018463413567245,-0.00014251568203581846,-0.00014051549803707324,-0.00014329975186717602,-0.00014468549806672824,-0.00014375483207189124,-0.00014402753105303664,-0.00014365017807336922,-0.00014232131217098478,-0.00014106620834022083,-0.0001456702684054775,-0.0001491903750433996,-0.00014596270042959174,-0.00014696350338684567,-0.00014877144075093945,-0.00014569301827819898,-0.00014571904788447673,-0.00014220523602012335,-0.00013355483423425026,-0.00013788400732478106,-0.0001464745444654673,-0.00014114765736391802,-0.00013314820083478596,-0.00012058793708380135,-0.00012281454783989002,-0.00012452259845752327,-0.00011605158855229944,-0.00011528026101108596,-9.854861714361992e-05,-9.578885506417059e-05,-8.956433825900303e-05,-6.86132193212824e-05,-5.613500709362927e-05,-3.68815428366077e-05,-2.7565909564620993e-05,8.477380392758405e-06,4.8249109711959175e-05,8.541959459579761e-05,0.00010468273563646225,0.00012748599065920437,0.00013800245946523636,0.00017186131943912756,0.00019175080047737297,0.00021417277959095098,0.0002278425622854999,0.0002474375335035096,0.0002728703191485022,0.00029011827017663027,0.0002970228772748481,0.00029614854532295865,0.00030355617974902596,0.00029972704219130266,0.00029517468362648375,0.0005516500508515074,4.2850214583333335,0.4639231313333333,7.659204795833333,101026.60354166666,0.00044912099925,1.7587499618530271,251.2050018310547,12.311249732971191,4.3100618986463815,3.093201428318025,0.2470221804809355,-0.9690098257244062,1.2246467991473532e-16,-1.0
2019-07-17,0.0002445765618083592,0.0002410293991056538,0.00023608687902890247,0.00023236953012446154,0.0002251839796780022,0.0002055772064520694,0.00017927035525833185,0.00014259624170942216,0.00010672562866839701,0.00010284256339348225,6.662078403062557e-05,3.8750603305373487e-05,2.5874941570711675e-05,-1.4736409002237639e-05,-3.218331944063843e-05,-5.642274445418963e-05,-5.242553243153882e-05,-5.735923085768162e-05,-6.81930529839602e-05,-7.689281167646283e-05,-6.62170383709909e-05,-4.108618328291091e-05,-1.750093377157288e-05,-3.435191831248794e-06,9.665619198413944e-06,2.0467023123502952e-05,2.6650596143307296e-05,3.0158345804727933e-05,3.5967157497653255e-05,4.0453092679142945e-05,2.6613283581760268e-05,1.5559130813370046e-05,9.83939614780356e-06,3.646916527646603e-06,-7.48760597240562e-06,-2.2811386120100593e-05,-3.552155878883483e-05,-4.809812911059186e-05,-6.792082718361552e-05,-7.902242443971294e-05,-8.124526943459056e-05,-8.869545036293052e-05,-9.893967015867638e-05,-0.00010632979286048319,-0.00011874379702580191,-0.00012989927512868332,-0.0001357006264040282,-0.00013974790443074732,-0.00013735236530916154,-0.000140186466508769,-0.00014215737732310718,-0.00014201766482411837,-0.0001429163051608443,-0.00014216507236996221,-0.00014032403196942314,-0.00013838523264686242,-0.00014183750183357132,-0.0001448162101365984,-0.00014085646642119485,-0.00014076090354400993,-0.0001427047373865387,-0.00014060935662854192,-0.0001411576136404429,-0.0001396058599545884,-0.0001305689906058863,-0.00013670795787201656,-0.00014472979852074057,-0.00013948645643227018,-0.00013128300404976445,-0.00011977136582470182,-0.00012040720322002069,-0.00012126478670231044,-0.00011333710956170208,-0.00011112112797710538,-9.428078828216837e-05,-9.194922208394338e-05,-8.742491891229632e-05,-6.793139394989552e-05,-5.5409851416685734e-05,-3.653286163469252e-05,-2.663325777176815e-05,8.03187206964511e-06,4.640023025251951e-05,8.25074769369289e-05,0.0001021469015547371,0.0001263353835065221,0.00013891223551178012,0.00017265697637322742,0.00019326456071135824,0.00021605274508635196,0.0002307345466976134,0.000250266682782404,0.0002752002447438741,0.0002926364983720492,0.0003007110397483037,0.00030154846452315465,0.00031017597914293106,0.0003089104572225692,0.00030560233973009175,0.0005506720593938474,6.540451720833333,0.4799779240833333,10.913135945833332,100820.783125,0.0015617013026666,2.4725000858306885,248.4737548828125,12.411250114440918,6.558039914498771,6.113256674432762,-0.2636654927280072,-0.9646141756912436,-0.4999999999999997,-0.8660254037844388
2019-08-17,0.0002439368486212453,0.00024087781514441482,0.00023497460752494186,0.00023107939606839079,0.00022345265433763541,0.00020329078178867732,0.00017617401359944126,0.00014048161932246665,0.000105950842486591,0.00010219486184185844,7.028776970323083e-05,4.4027619584157726e-05,2.993074010081674e-05,-1.1615290766130013e-05,-3.0410295236864807e-05,-5.355891779223641e-05,-5.031074397436738e-05,-5.4047878820311966e-05,-6.414771305634491e-05,-7.203192768405897e-05,-6.142653595660774e-05,-3.7209218577464073e-05,-1.4079277053643726e-05,8.072430200032495e-07,1.3119077552714324e-05,2.3021549941587337e-05,2.8513703967419086e-05,3.165233371467652e-05,3.709687972383273e-05,4.231675334971763e-05,2.992088557434594e-05,1.9310534082100736e-05,1.3131606017053778e-05,6.3609754450098065e-06,-5.337459269490093e-06,-2.0310579736276146e-05,-3.187008012226789e-05,-4.401177636363471e-05,-6.420311064812553e-05,-7.630450110473105e-05,-8.002358607383599e-05,-8.888829546396961e-05,-9.981997786265752e-05,-0.00010504099905481271,-0.0001165373117419725,-0.00012681249540009312,-0.00013121661867238397,-0.00013698012682567622,-0.0001341892325812498,-0.00013707318115036197,-0.0001396292565794861,-0.00014028049757634547,-0.000141805079268652,-0.0001406799666665552,-0.00013832675176786148,-0.00013570425695350402,-0.00013800473526166514,-0.0001404420452297972,-0.00013575023241279796,-0.00013455830370117422,-0.00013663803402213796,-0.00013552569497888485,-0.00013659617939640906,-0.00013700648388905346,-0.00012758314697752234,-0.00013553190841925203,-0.00014298505257601387,-0.00013782525550062232,-0.00012941780726474295,-0.00011895479456560228,-0.00011799985860015136,-0.00011800697494709764,-0.0001106226305711047,-0.0001069619949431248,-9.001295942071683e-05,-8.810958910371616e-05,-8.52854995655896e-05,-6.724956857850862e-05,-5.46846957397422e-05,-3.6184180432777346e-05,-2.570060597891531e-05,7.5863637465318184e-06,4.4551350793079833e-05,7.959535927806021e-05,9.961106747301194e-05,0.00012518477635383983,0.00013982201155832388,0.00017345263330732728,0.0001947783209453435,0.00021793271058175297,0.00023362653110972693,0.0002530958320612984,0.0002775301703392461,0.00029515472656746803,0.0003043992022217593,0.00030694838372335065,0.0003167957785368362,0.00031809387225383576,0.0003160299958336997,0.0005496940679361875,2.969668739583333,0.7562662716541667,7.009542470833334,100965.1275,0.000556468964,1.6200000047683716,245.4587554931641,11.625,3.064452821712248,2.624400015449524,-0.7176769136759615,-0.6963762255968726,-0.8660254037844385,-0.5000000000000004
2019-09-16,0.0002432971354341314,0.00024072623118317587,0.00023386233602098124,0.00022978926201232003,0.00022172132899726864,0.00020100435712528525,0.00017307767194055067,0.00013836699693551115,0.00010517605630478501,0.00010154716029023461,7.395475537583606e-05,4.9304635862941965e-05,3.39865386309218e-05,-8.494172530022389e-06,-2.8637271033091184e-05,-5.0695091130283185e-05,-4.819595551719595e-05,-5.073652678294232e-05,-6.0102373128729616e-05,-6.717104369165511e-05,-5.663603354222457e-05,-3.3332253872017245e-05,-1.0657620335714576e-05,5.049677871255295e-06,1.6572535907014705e-05,2.557607675967172e-05,3.0376811791530873e-05,3.314632162462511e-05,3.822660195001222e-05,4.4180414020292314e-05,3.322848756693161e-05,2.3061937350831426e-05,1.6423815886303995e-05,9.075034362373009e-06,-3.1873125665745653e-06,-1.7809773352451703e-05,-2.8218601455700948e-05,-3.9925423616677565e-05,-6.048539411263555e-05,-7.358657776974918e-05,-7.880190271308143e-05,-8.908114056500871e-05,-0.00010070028556663866,-0.00010375220524914225,-0.00011433082645814308,-0.0001237257156715029,-0.00012673261094073974,-0.00013421234922060508,-0.0001310260998533381,-0.00013395989579195495,-0.00013710113583586503,-0.0001385433303285726,-0.0001406938533764597,-0.00013919486096314817,-0.00013632947156629985,-0.00013302328126014562,-0.00013417196868975895,-0.00013606788032299603,-0.00013064399840440107,-0.00012835570385833848,-0.00013057133065773723,-0.0001304420333292278,-0.00013203474515237522,-0.00013440710782351852,-0.0001245973033491584,-0.00013435585896648752,-0.00014124030663128714,-0.00013616405456897445,-0.00012755261047972142,-0.00011813822330650274,-0.00011559251398028204,-0.00011474916319188483,-0.00010790815158050733,-0.00010280286190914423,-8.574513055926528e-05,-8.426995612348895e-05,-8.31460802188829e-05,-6.656774320712173e-05,-5.3959540062798664e-05,-3.5835499230862174e-05,-2.476795418606247e-05,7.140855423418526e-06,4.270247133364016e-05,7.668324161919152e-05,9.707523339128678e-05,0.00012403416920115756,0.00014073178760486761,0.0001742482902414271,0.00019629208117932876,0.00021981267607715395,0.00023651851552184048,0.00025592498134019274,0.00027986009593461804,0.00029767295476288693,0.0003080873646952149,0.0003123483029235466,0.0003234155779307413,0.00032727728728510234,0.0003264576519373077,0.0005487160764785276,2.8599084166666664,1.5775973008333333,6.891824262499999,101061.955625,0.001037995023125,1.496250033378601,209.03250122070312,17.08625030517578,3.266173509677258,2.238764162385465,-0.9679377830240642,-0.2511900638848195,-1.0,-1.8369701987210294e-16
2019-10-16,0.00024265742224701748,0.00024057464722193692,0.00023275006451702062,0.00022849912795624928,0.0002199900036569019,0.00019871793246189318,0.00016998133028166005,0.00013625237454855565,0.000104401270122979,0.0001008994587386108,7.76217410484413e-05,5.4581652141726205e-05,3.8042337161026867e-05,-5.373054293914763e-06,-2.6864246829317557e-05,-4.783126446832996e-05,-4.608116706002451e-05,-4.7425174745572654e-05,-5.6057033201114325e-05,-6.231015969925126e-05,-5.1845531127841404e-05,-2.9455289166570414e-05,-7.2359636177854235e-06,9.292112722507342e-06,2.0025994261315083e-05,2.8130603577756104e-05,3.223991961564266e-05,3.464030953457369e-05,3.9356324176191696e-05,4.6044074690867e-05,3.653608955951728e-05,2.6813340619562116e-05,1.9716025755554213e-05,1.1789093279736213e-05,-1.0371658636590369e-06,-1.5308966968627257e-05,-2.4567122789134004e-05,-3.583907086972042e-05,-5.676767757714555e-05,-7.08686544347673e-05,-7.758021935232687e-05,-8.92739856660478e-05,-0.0001015805932706198,-0.00010246341144347178,-0.00011212434117431367,-0.0001206389359429127,-0.00012224860320909548,-0.00013144457161553397,-0.00012786296712542636,-0.00013084661043354792,-0.00013457301509224397,-0.00013680616308079974,-0.0001395826274842674,-0.00013770975525974116,-0.00013433219136473818,-0.00013034230556678724,-0.00013033920211785277,-0.00013169371541619482,-0.00012553776439600418,-0.00012215310401550276,-0.00012450462729333647,-0.00012535837167957072,-0.00012747331090834138,-0.00013180773175798356,-0.00012161145972079443,-0.00013317980951372302,-0.00013949556068656042,-0.0001345028536373266,-0.00012568741369469992,-0.00011732165204740321,-0.0001131851693604127,-0.00011149135143667202,-0.00010519367258990995,-9.864372887516365e-05,-8.147730169781372e-05,-8.043032314326173e-05,-8.100666087217619e-05,-6.588591783573483e-05,-5.323438438585513e-05,-3.5486818028946995e-05,-2.383530239320963e-05,6.695347100305233e-06,4.0853591874200486e-05,7.377112396032281e-05,9.453939930956161e-05,0.0001228835620484753,0.00014164156365141137,0.00017504394717552697,0.000197805841413314,0.00022169264157255493,0.000239410499933954,0.00025875413061908714,0.00028219002152998996,0.00030019118295830584,0.0003117755271686705,0.0003177482221237426,0.0003300353773246464,0.0003364607023163689,0.0003368853080409157,0.0005477380850208676,-1.0662790939166666,2.956031808333333,5.863707641666667,101041.375,0.0007351438175,0.8799999952316284,187.15750122070312,12.977499961853027,3.1424632309706,0.774399991607666,-0.965739937654855,0.2595117970697994,-0.8660254037844386,0.5000000000000001
2019-11-16,0.00024201770905990356,0.00024042306326069798,0.00023163779301306,0.00022720899390017853,0.0002182586783165351,0.00019643150779850111,0.00016688498862276946,0.00013413775216160014,0.00010362648394117301,0.00010025175718698698,8.128872672104655e-05,5.9858668420510444e-05,4.209813569113192e-05,-2.2519360578071388e-06,-2.5091222625543936e-05,-4.496743780637674e-05,-4.396637860285307e-05,-4.4113822708203005e-05,-5.2011693273499034e-05,-5.7449275706847406e-05,-4.7055028713458236e-05,-2.5578324461123586e-05,-3.8143068998562713e-06,1.3534547573759382e-05,2.3479452615615462e-05,3.068513039584049e-05,3.410302743975445e-05,3.613429744452228e-05,4.048604640237118e-05,4.790773536144169e-05,3.9843691552102954e-05,3.05647438882928e-05,2.300823562480443e-05,1.4503152197099416e-05,1.1129808392564882e-06,-1.280816058480281e-05,-2.0915644122567067e-05,-3.175271812276328e-05,-5.3049961041655564e-05,-6.815073109978541e-05,-7.635853599157231e-05,-8.94668307670869e-05,-0.00010246090097460095,-0.00010117461763780131,-0.00010991785589048426,-0.00011755215621432249,-0.00011776459547745125,-0.00012867679401046283,-0.00012469983439751466,-0.0001277333250751409,-0.00013204489434862288,-0.00013506899583302684,-0.00013847140159207506,-0.00013622464955633415,-0.00013233491116317655,-0.00012766132987342883,-0.00012650643554594658,-0.00012731955050939364,-0.00012043153038760727,-0.00011595050417266702,-0.00011843792392893574,-0.00012027471002991366,-0.00012291187666430754,-0.00012920835569244863,-0.00011862561609243049,-0.0001320037600609585,-0.0001377508147418337,-0.00013284165270567876,-0.00012382221690967842,-0.00011650508078830367,-0.00011077782474054338,-0.00010823353968145921,-0.00010247919359931259,-9.448459584118307e-05,-7.720947283636217e-05,-7.659069016303452e-05,-7.886724152546948e-05,-6.520409246434794e-05,-5.250922870891159e-05,-3.513813682703182e-05,-2.2902650600356787e-05,6.24983877719194e-06,3.900471241476082e-05,7.085900630145412e-05,9.200356522783645e-05,0.00012173295489579303,0.00014255133969795513,0.00017583960410962683,0.00019931960164729928,0.00022357260706795592,0.00024230248434606752,0.00026158327989798155,0.0002845199471253619,0.00030270941115372475,0.0003154636896421261,0.0003231481413239386,0.0003366551767185515,0.00034564411734763545,0.00034731296414452367,0.0005467600935632077,-0.3036734291666667,-0.4240938845833333,4.213524208333333,101116.00520833331,0.0002559423456316,0.7462499737739563,190.84625244140625,15.885000228881836,0.5216063405699974,0.5568890233576305,-0.6994583270516471,0.7146733860429608,-0.5000000000000004,0.8660254037844384
2019-12-16,0.00024137799587278965,0.00024027147929945903,0.0002305255215090994,0.00022591885984410778,0.00021652735297616836,0.00019414508313510905,0.00016378864696387884,0.0001320231297746446,0.000102851697759367,9.960405563536317e-05,8.495571239365179e-05,6.513568469929468e-05,4.615393422123698e-05,8.691821783004854e-07,-2.331819842177031e-05,-4.210361114442351e-05,-4.1851590145681634e-05,-4.080247067083335e-05,-4.796635334588374e-05,-5.258839171444355e-05,-4.226452629907507e-05,-2.1701359755676754e-05,-3.9265018192711915e-07,1.777698242501143e-05,2.6932910969915847e-05,3.3239657213924875e-05,3.596613526386624e-05,3.7628285354470873e-05,4.161576862855066e-05,4.977139603201637e-05,4.315129354468862e-05,3.431614715702349e-05,2.630044549405465e-05,1.721721111446262e-05,3.2631275421720166e-06,-1.0307354200978363e-05,-1.7264165456000124e-05,-2.766636537580613e-05,-4.933224450616557e-05,-6.543280776480352e-05,-7.513685263081774e-05,-8.9659675868126e-05,-0.00010334120867858209,-9.988582383213085e-05,-0.00010771137060665483,-0.00011446537648573227,-0.000113280587745807,-0.00012590901640539172,-0.00012153670166960292,-0.0001246200397167339,-0.00012951677360500182,-0.00013333182858525397,-0.00013736017569988276,-0.00013473954385292714,-0.0001303376309616149,-0.00012498035418007043,-0.0001226736689740404,-0.00012294538560259246,-0.00011532529637921037,-0.00010974790432983131,-0.000112371220564535,-0.00011519104838025659,-0.0001183504424202737,-0.00012660897962691366,-0.00011563977246406653,-0.000130827710608194,-0.000136006068797107,-0.0001311804517740309,-0.00012195702012465692,-0.00011568850952920414,-0.00010837048012067406,-0.0001049757279262464,-9.976471460871521e-05,-9.032546280720249e-05,-7.294164397491062e-05,-7.275105718280731e-05,-7.672782217876277e-05,-6.452226709296106e-05,-5.178407303196805e-05,-3.478945562511665e-05,-2.1969998807503945e-05,5.804330454078647e-06,3.7155832955321144e-05,6.794688864258542e-05,8.94677311461113e-05,0.00012058234774311076,0.0001434611157444989,0.0001766352610437267,0.00020083336188128452,0.00022545257256335692,0.00024519446875818105,0.00026441242917687595,0.00028684987272073383,0.00030522763934914365,0.0003191518521155817,0.0003285480605241346,0.00034327497611245667,0.000354827532378902,0.00035774062024813166,0.0005457821021055478,0.0515759812499999,0.2271665016666666,3.133395329166667,101048.1975,1.6093253958333336e-06,0.7362499833106995,193.0787506103516,13.649999618530272,0.2329478510769567,0.5420640379250052,-0.2553532951161881,0.9668478136052772,-2.4492935982947064e-16,1.0
2020-01-15,0.00024073828268567573,0.00024011989533822005,0.00022941325000513878,0.000224628725788037,0.0002147960276358016,0.00019185865847171698,0.00016069230530498825,0.0001299085073876891,0.000102076911577561,9.895635408373936e-05,8.862269806625704e-05,7.041270097807892e-05,5.0209732751342045e-05,3.9903004144081095e-06,-2.1545174217996686e-05,-3.923978448247029e-05,-3.9736801688510194e-05,-3.74911186334637e-05,-4.392101341826845e-05,-4.7727507722039696e-05,-3.747402388469191e-05,-1.7824395050229926e-05,3.0290065360020296e-06,2.2019417276263473e-05,3.0386369324216226e-05,3.579418403200925e-05,3.7829243087978024e-05,3.912227326441946e-05,4.274549085473014e-05,5.163505670259106e-05,4.6458895537274296e-05,3.806755042575418e-05,2.9592655363304868e-05,1.993127003182582e-05,5.413274245087543e-06,-7.80654781715392e-06,-1.3612686789433183e-05,-2.358001262884899e-05,-4.561452797067559e-05,-6.271488442982164e-05,-7.391516927006318e-05,-8.985252096916509e-05,-0.00010422151638256323,-9.859703002646037e-05,-0.00010550488532282542,-0.00011137859675714206,-0.00010879658001416276,-0.00012314123880032061,-0.0001183735689416912,-0.00012150675435832686,-0.00012698865286138076,-0.0001315946613374811,-0.00013624894980769045,-0.00013325443814952013,-0.00012834035076005323,-0.00012229937848671203,-0.0001188409024021342,-0.00011857122069579127,-0.00011021906237081348,-0.00010354530448699558,-0.00010630451720013427,-0.00011010738673059952,-0.00011378900817623987,-0.00012400960356137873,-0.00011265392883570257,-0.00012965166115542947,-0.00013426132285238027,-0.00012951925084238303,-0.00012009182333963541,-0.0001148719382701046,-0.00010596313550080472,-0.0001017179161710336,-9.705023561811783e-05,-8.616632977322193e-05,-6.867381511345907e-05,-6.89114242025801e-05,-7.458840283205605e-05,-6.384044172157417e-05,-5.1058917355024515e-05,-3.444077442320147e-05,-2.1037347014651103e-05,5.358822130965355e-06,3.530695349588148e-05,6.503477098371672e-05,8.693189706438614e-05,0.00011943174059042849,0.00014437089179104265,0.00017743091797782655,0.00020234712211526977,0.0002273325380587579,0.0002480864531702946,0.00026724157845577036,0.0002891797983161058,0.0003077458675445625,0.00032284001458903725,0.0003339479797243306,0.00034989477550636177,0.0003640109474101686,0.0003681682763517396,0.0005448041106478878,0.6058819985416667,-0.4424069674999999,4.731569495833333,101075.88791666667,7.947285833333335e-08,0.731249988079071,209.0262451171875,14.998749732971191,0.7502112509482848,0.5347265450656415,0.255353295116187,0.9668478136052776,0.4999999999999999,0.8660254037844387
2020-02-15,0.0002400985694985618,0.0002399683113769811,0.00022830097850117816,0.00022333859173196625,0.0002130647022954348,0.00018957223380832488,0.00015759596364609766,0.0001277938850007336,0.000101302125395755,9.830865253211553e-05,9.228968373886228e-05,7.568971725686317e-05,5.426553128144711e-05,7.111418650515737e-06,-1.977215001422306e-05,-3.637595782051706e-05,-3.7622013231338754e-05,-3.417976659609404e-05,-3.987567349065316e-05,-4.286662372963584e-05,-3.268352147030873e-05,-1.3947430344783091e-05,6.450663253931185e-06,2.6261852127515523e-05,3.3839827678516604e-05,3.8348710850093645e-05,3.969235091208982e-05,4.061626117436805e-05,4.387521308090962e-05,5.349871737316575e-05,4.9766497529859966e-05,4.1818953694484874e-05,3.288486523255509e-05,2.264532894918903e-05,7.5634209480030735e-06,-5.30574143332947e-06,-9.96120812286624e-06,-1.9493659881891837e-05,-4.189681143518559e-05,-5.999696109483975e-05,-7.269348590930862e-05,-9.004536607020419e-05,-0.00010510182408654437,-9.73082362207899e-05,-0.000103298400038996,-0.00010829181702855185,-0.00010431257228251853,-0.00012037346119524948,-0.00011521043621377948,-0.00011839346899991984,-0.0001244605321177597,-0.00012985749408970823,-0.00013513772391549812,-0.00013176933244611312,-0.0001263430705584916,-0.00011961840279335362,-0.000115008135830228,-0.00011419705578899006,-0.00010511282836241659,-9.734270464415985e-05,-0.00010023781383573351,-0.00010502372508094245,-0.00010922757393220603,-0.0001214102274958438,-0.00010966808520733863,-0.00012847561170266497,-0.00013251657690765354,-0.00012785804991073517,-0.0001182266265546139,-0.00011405536701100506,-0.0001035557908809354,-9.846010441582079e-05,-9.433575662752045e-05,-8.200719673924134e-05,-6.440598625200752e-05,-6.507179122235288e-05,-7.244898348534935e-05,-6.315861635018727e-05,-5.033376167808098e-05,-3.40920932212863e-05,-2.010469522179826e-05,4.913313807852062e-06,3.34580740364418e-05,6.212265332484802e-05,8.439606298266098e-05,0.00011828113343774622,0.0001452806678375864,0.0001782265749119264,0.00020386088234925504,0.0002292125035541589,0.0002509784375824081,0.00027007072773466476,0.00029150972391147776,0.0003102640957399814,0.00032652817706249284,0.0003393478989245266,0.0003565145749002669,0.00037319436244143513,0.0003785959324553476,0.000543826119190228,0.3353646629166666,0.8731250802083333,3.944047308333333,101162.60979166666,0.0001670916872633,0.6162499785423279,193.51499938964844,13.72249984741211,0.9353164506315592,0.3797640360534196,0.7116566222817746,0.7025274741691571,0.8660254037844386,0.5000000000000001
2020-03-16,0.0002394588563114479,0.00023981672741574215,0.00022718870699721755,0.0002220484576758955,0.00021133337695506803,0.0001872858091449328,0.00015449962198720707,0.00012567926261377807,0.000100527339213949,9.766095098049172e-05,9.595666941146752e-05,8.09667335356474e-05,5.832132981155217e-05,1.0232536886623361e-05,-1.7999125810449435e-05,-3.351213115856384e-05,-3.550722477416732e-05,-3.086841455872438e-05,-3.583033356303787e-05,-3.8005739737231986e-05,-2.789301905592557e-05,-1.0070465639336263e-05,9.872319971860334e-06,3.0504286978767567e-05,3.729328603281698e-05,4.090323766817802e-05,4.1555458736201604e-05,4.211024908431664e-05,4.50049353070891e-05,5.536237804374043e-05,5.307409952244564e-05,4.5570356963215564e-05,3.6177075101805305e-05,2.535938786655223e-05,9.7135676509186e-06,-2.804935049505027e-06,-6.309729456299296e-06,-1.5407307134934696e-05,-3.81790948996956e-05,-5.7279037759857874e-05,-7.147180254855406e-05,-9.023821117124328e-05,-0.00010598213179052552,-9.601944241511944e-05,-0.00010109191475516659,-0.00010520503729996166,-9.982856455087429e-05,-0.00011760568359017837,-0.00011204730348586775,-0.00011528018364151282,-0.00012193241137413862,-0.00012812032684193537,-0.00013402649802330582,-0.00013028422674270611,-0.00012434579035692993,-0.00011693742709999522,-0.00011117536925832181,-0.00010982289088218888,-0.0001000065943540197,-9.114010480132412e-05,-9.417111047133278e-05,-9.994006343128538e-05,-0.00010466613968817219,-0.00011881085143030885,-0.00010668224157897467,-0.00012729956224990046,-0.00013077183096292682,-0.00012619684897908733,-0.0001163614297695924,-0.00011323879575190552,-0.00010114844626106607,-9.520229266060797e-05,-9.162127763692309e-05,-7.784806370526076e-05,-6.013815739055597e-05,-6.123215824212567e-05,-7.030956413864264e-05,-6.247679097880039e-05,-4.9608606001137444e-05,-3.374341201937112e-05,-1.9172043428945423e-05,4.467805484738768e-06,3.160919457700213e-05,5.9210535665979324e-05,8.186022890093581e-05,0.00011713052628506395,0.00014619044388413017,0.00017902223184602627,0.00020537464258324028,0.00023109246904955987,0.00025387042199452164,0.00027289987701355916,0.0002938396495068497,0.0003127823239354003,0.00033021633953594844,0.0003447478181247226,0.000363134374294172,0.0003823777774727017,0.0003890235885589556,0.000542848127732568,0.6280504895291666,0.4386870025,4.751698054166667,101092.10666666667,0.0001142819729125,0.7287499904632568,198.41000366210935,15.0649995803833,0.7660898795573929,0.5310765486001969,0.9657399376548548,0.2595117970697999,1.0,6.123233995736766e-17
2020-04-15,0.000238819143124334,0.0002396651434545032,0.00022607643549325693,0.00022075832361982475,0.00020960205161470129,0.00018499938448154074,0.00015140328032831645,0.00012356464022682256,9.9752553032143e-05,9.70132494288679e-05,9.962365508407277e-05,8.624374981443163e-05,6.237712834165722e-05,1.3353655122730985e-05,-1.6226101606675815e-05,-3.0648304496610626e-05,-3.339243631699588e-05,-2.7557062521354732e-05,-3.178499363542258e-05,-3.314485574482813e-05,-2.3102516641542403e-05,-6.1935009338894345e-06,1.329397668978949e-05,3.474672183001961e-05,4.074674438711736e-05,4.345776448626241e-05,4.341856656031339e-05,4.360423699426522e-05,4.6134657533268585e-05,5.722603871431512e-05,5.63817015150313e-05,4.9321760231946254e-05,3.946928497105552e-05,2.8073446783915434e-05,1.1863714353834124e-05,-3.0412866568058026e-07,-2.658250789732359e-06,-1.132095438797755e-05,-3.4461378364205616e-05,-5.456111442487599e-05,-7.02501191877995e-05,-9.043105627228238e-05,-0.00010686243949450666,-9.473064860944897e-05,-9.888542947133717e-05,-0.00010211825757137143,-9.534455681923005e-05,-0.00011483790598510723,-0.00010888417075795604,-0.0001121668982831058,-0.00011940429063051755,-0.00012638315959416247,-0.0001329152721311135,-0.0001287991210392991,-0.0001223485101553683,-0.00011425645140663681,-0.00010734260268641563,-0.0001054487259753877,-9.490036034562281e-05,-8.49375049584884e-05,-8.810440710693205e-05,-9.485640178162833e-05,-0.00010010470544413836,-0.0001162114753647739,-0.00010369639795061071,-0.00012612351279713596,-0.0001290270850182001,-0.00012453564804743947,-0.0001144962329845709,-0.00011242222449280599,-9.874110164119674e-05,-9.194448090539518e-05,-8.890679864632571e-05,-7.368893067128018e-05,-5.587032852910442e-05,-5.7392525261898465e-05,-6.817014479193593e-05,-6.17949656074135e-05,-4.888345032419391e-05,-3.339473081745595e-05,-1.823939163609258e-05,4.022297161625476e-06,2.976031511756246e-05,5.6298418007110624e-05,7.932439481921067e-05,0.00011597991913238169,0.0001471002199306739,0.0001798178887801261,0.00020688840281722555,0.00023297243454496085,0.00025676240640663513,0.0002757290262924535,0.00029616957510222164,0.0003153005521308192,0.00033390450200940404,0.00035014773732491855,0.0003697541736880771,0.0003915611925039683,0.00039945124466256353,0.0005418701362749081,-0.5887501991666667,0.82930692625,4.036997854166667,101128.3125,0.0001491904260525,1.0212500095367432,184.4537506103516,13.008749961853027,1.017043152941414,1.042951581978798,0.9679377830240642,-0.2511900638848193,0.8660254037844387,-0.4999999999999998
2020-05-16,0.0002381794299372201,0.00023951355949326423,0.00022496416398929631,0.000219468189563754,0.0002078707262743345,0.00018271295981814867,0.00014830693866942586,0.00012145001783986706,9.8977766850337e-05,9.636554787724409e-05,0.000103290640756678,9.152076609321587e-05,6.643292687176229e-05,1.647477335883861e-05,-1.4453077402902191e-05,-2.7784477834657405e-05,-3.127764785982444e-05,-2.4245710483985076e-05,-2.7739653707807286e-05,-2.8283971752424276e-05,-1.8312014227159242e-05,-2.3165362284426064e-06,1.6715633407718638e-05,3.898915668127165e-05,4.420020274141774e-05,4.6012291304346794e-05,4.528167438442518e-05,4.5098224904213804e-05,4.7264379759448064e-05,5.90896993848898e-05,5.968930350761698e-05,5.3073163500676944e-05,4.276149484030574e-05,3.078750570127864e-05,1.401386105674965e-05,2.196677718143863e-06,9.932278768345782e-07,-7.234601641020409e-06,-3.0743661828715624e-05,-5.184319108989411e-05,-6.902843582704492e-05,-9.062390137332147e-05,-0.0001077427471984878,-9.34418548037785e-05,-9.667894418750776e-05,-9.903147784278123e-05,-9.086054908758582e-05,-0.00011207012838003612,-0.00010572103803004431,-0.00010905361292469878,-0.00011687616988689649,-0.0001246459923463896,-0.0001318040462389212,-0.00012731401533589207,-0.00012035122995380663,-0.00011157547571327841,-0.00010350983611450944,-0.00010107456106858652,-8.979412633722592e-05,-7.873490511565267e-05,-8.20377037425313e-05,-8.977274013197126e-05,-9.554327120010452e-05,-0.00011361209929923897,-0.00010071055432224677,-0.00012494746334437142,-0.0001272823390734734,-0.00012287444711579163,-0.0001126310361995494,-0.00011160565323370645,-9.633375702132742e-05,-8.868666915018235e-05,-8.619231965572834e-05,-6.952979763729961e-05,-5.1602499667652873e-05,-5.355289228167126e-05,-6.603072544522921e-05,-6.11131402360266e-05,-4.8158294647250374e-05,-3.3046049615540776e-05,-1.730673984323974e-05,3.5767888385121828e-06,2.7911435658122788e-05,5.338630034824193e-05,7.67885607374855e-05,0.00011482931197969942,0.00014800999597721766,0.00018061354571422596,0.0002084021630512108,0.00023485240004036186,0.0002596543908187487,0.0002785581755713479,0.0002984995006975936,0.00031781878032623807,0.00033759266448285963,0.00035554765652511455,0.00037637397308198223,0.00040074460753523487,0.0004098789007661715,0.0005408921448172482,4.315041858333333,-1.4678128579166667,7.9530456875,100552.69291666668,0.0003101428379999,2.161249876022339,238.24874877929688,8.586250305175781,4.557857043066871,4.671001026606575,0.705583610107178,-0.7086266782644596,0.4999999999999999,-0.8660254037844387
2020-06-15,0.00023753971675010617,0.00023936197553202528,0.0002238518924853357,0.00021817805550768325,0.00020613940093396776,0.0001804265351547566,0.00014521059701053525,0.00011933539545291155,9.8202980668531e-05,9.571784632562027e-05,0.00010695762642928326,9.679778237200011e-05,7.048872540186735e-05,1.9595891594946234e-05,-1.2680053199128564e-05,-2.4920651172704176e-05,-2.9162859402653005e-05,-2.093435844661542e-05,-2.3694313780191995e-05,-2.3423087760020424e-05,-1.3521511812776075e-05,1.5604284770042286e-06,2.0137290125647794e-05,4.3231591532523695e-05,4.7653661095718126e-05,4.856681812243118e-05,4.7144782208536964e-05,4.65922128141624e-05,4.839410198562755e-05,6.095336005546449e-05,6.299690550020264e-05,5.6824566769407634e-05,4.605370470955596e-05,3.350156461864184e-05,1.616400775966518e-05,4.69748410196831e-06,4.644706543401529e-06,-3.148248894063255e-06,-2.7025945293225633e-05,-4.9125267754912224e-05,-6.780675246629036e-05,-9.081674647436057e-05,-0.00010862305490246894,-9.215306099810802e-05,-9.447245890367834e-05,-9.594469811419102e-05,-8.637654135594156e-05,-0.000109302350774965,-0.00010255790530213259,-0.00010594032756629175,-0.00011434804914327542,-0.00012290882509861673,-0.00013069282034672888,-0.00012582890963248506,-0.00011835394975224499,-0.00010889450001992,-9.967706954260326e-05,-9.670039616178531e-05,-8.468789232882902e-05,-7.253230527281694e-05,-7.597100037813056e-05,-8.468907848231418e-05,-9.098183695607068e-05,-0.000111012723233704,-9.77247106938828e-05,-0.00012377141389160692,-0.00012553759312874667,-0.00012121324618414376,-0.00011076583941452788,-0.00011078908197460692,-9.39264124014581e-05,-8.542885739496955e-05,-8.347784066513097e-05,-6.537066460331903e-05,-4.7334670806201315e-05,-4.9713259301444035e-05,-6.389130609852251e-05,-6.043131486463971e-05,-4.743313897030684e-05,-3.26973684136256e-05,-1.6374088050386897e-05,3.1312805153988896e-06,2.6062556198683114e-05,5.047418268937323e-05,7.425272665576034e-05,0.00011367870482701715,0.00014891977202376142,0.00018140920264832582,0.00020991592328519607,0.00023673236553576284,0.00026254637523086223,0.0002813873248502423,0.0003008294262929655,0.000320337008521657,0.00034128082695631523,0.00036094757572531055,0.00038299377247588733,0.0004099280225665014,0.0004203065568697795,0.0005399141533595882,4.141684841666667,-0.0344308206666666,8.287934316666666,100833.87229166667,0.0002737641330416,1.8287500143051147,259.2512512207031,10.630000114440918,4.141827955034253,3.3443266148209574,0.263665492728007,-0.9646141756912436,1.2246467991473532e-16,-1.0
2020-07-16,0.00023690000356299225,0.00023921039157078633,0.00022273962098137508,0.0002168879214516125,0.00020440807559360098,0.00017814011049136454,0.00014211425535164466,0.00011722077306595604,9.7428194486725e-05,9.507014477399646e-05,0.00011062461210188849,0.00010207479865078435,7.454452393197242e-05,2.2717009831053858e-05,-1.0907028995354943e-05,-2.205682451075095e-05,-2.7048070945481568e-05,-1.7623006409245768e-05,-1.96489738525767e-05,-1.8562203767616573e-05,-8.7310093983929e-06,5.437393182451057e-06,2.3558946843576946e-05,4.7474026383775745e-05,5.1107119450018504e-05,5.1121344940515564e-05,4.900789003264875e-05,4.8086200724110984e-05,4.952382421180703e-05,6.281702072603918e-05,6.630450749278832e-05,6.057597003813833e-05,4.934591457880618e-05,3.621562353600505e-05,1.8314154462580707e-05,7.19829048579276e-06,8.296185209968467e-06,9.381038528938853e-07,-2.330822875773564e-05,-4.640734441993034e-05,-6.65850691055358e-05,-9.100959157539966e-05,-0.00010950336260645009,-9.086426719243756e-05,-9.226597361984893e-05,-9.285791838560081e-05,-8.189253362429733e-05,-0.00010653457316989388,-9.939477257422087e-05,-0.00010282704220788473,-0.00011181992839965435,-0.00012117165785084385,-0.00012958159445453657,-0.00012434380392907805,-0.00011635666955068334,-0.00010621352432656161,-9.584430297069707e-05,-9.232623125498413e-05,-7.958165832043213e-05,-6.632970542998122e-05,-6.990429701372983e-05,-7.960541683265712e-05,-8.642040271203684e-05,-0.00010841334716816907,-9.473886706551886e-05,-0.0001225953644388424,-0.00012379284718401994,-0.0001195520452524959,-0.00010890064262950638,-0.00010997251071550738,-9.151906778158876e-05,-8.217104563975674e-05,-8.07633616745336e-05,-6.121153156933845e-05,-4.306684194474977e-05,-4.587362632121683e-05,-6.17518867518158e-05,-5.974948949325282e-05,-4.67079832933633e-05,-3.2348687211710425e-05,-1.5441436257534055e-05,2.685772192285597e-06,2.4213676739243444e-05,4.756206503050453e-05,7.171689257403518e-05,0.00011252809767433488,0.00014982954807030518,0.00018220485958242568,0.00021142968351918132,0.00023861233103116382,0.0002654383596429757,0.0002842164741291367,0.0003031593518883375,0.0003228552367170759,0.00034496898942977083,0.00036634749492550655,0.00038961357186979243,0.000419111437597768,0.0004307342129733875,0.0005389361619019283,3.6976528375,-0.4643274962499999,8.222086304166668,100769.421875,0.000901222229125,1.7300000190734863,231.99749755859372,11.881250381469728,3.726692438402396,2.992900065994263,-0.2636654927280072,-0.9646141756912436,-0.4999999999999997,-0.8660254037844388
2020-08-16,0.00023563927978867362,0.00023569194168524704,0.00022312480755753088,0.00021597424530741047,0.00020306910889861254,0.00018027716922046968,0.00014816159175930552,0.0001247888526757411,0.00010634539358612258,9.779322363907246e-05,0.00010468534722410597,9.291142659555038e-05,6.528022342167313e-05,1.824648986271749e-05,-1.0254190503570484e-05,-1.729478652762216e-05,-2.1303739407784955e-05,-1.2135304445146375e-05,-1.3806736834946461e-05,-1.329498229365247e-05,-4.35947066416205e-06,1.0735355542316203e-05,2.4918919366468823e-05,4.517432997676946e-05,4.989033879172656e-05,4.858597050193146e-05,4.807790742511738e-05,4.8963574106457305e-05,5.097646810910655e-05,6.204185612691862e-05,6.454277853607214e-05,5.863988747485777e-05,4.719797020690548e-05,3.413026058723737e-05,1.793114276109899e-05,7.386695848824277e-06,3.5420989512741266e-06,-6.211033091391551e-06,-2.9797037944009452e-05,-4.4767987059431904e-05,-6.31218183781894e-05,-8.60391765235881e-05,-0.00010455706314798023,-9.169282792567015e-05,-9.613479770539764e-05,-0.00010032088731501018,-9.157218585350758e-05,-0.00011680731845819668,-0.0001116003425729547,-0.00011471625255201078,-0.00012164743396395598,-0.00012897474486287983,-0.00013624478078656208,-0.0001347735368126148,-0.00013118714435853357,-0.0001246889926278162,-0.00011571278076698453,-0.00011274447857234936,-0.00010043151049255822,-8.48751660033676e-05,-8.630355196806983e-05,-9.411824062449157e-05,-9.720019531414014e-05,-0.00011719130183575878,-0.00010348705868007994,-0.00012449397417904417,-0.00012058981186140867,-0.00012337325762649045,-0.00011115584985770116,-0.00011023415728596321,-9.279673039829951e-05,-8.431176230573713e-05,-8.173235896105004e-05,-6.259035107804463e-05,-4.528704187691715e-05,-4.657490560169323e-05,-6.068509089598136e-05,-6.123201769247203e-05,-4.844060157767286e-05,-3.2749808544610626e-05,-1.6456217951309723e-05,4.67678667738661e-07,2.2372021506728715e-05,4.6859699035158486e-05,7.7416435908001e-05,0.0001161071912011955,0.00015289553476482268,0.00018483575093940783,0.00021417285166402928,0.00023793365932082603,0.00025995519687069957,0.0002747533289938223,0.0002901017327721988,0.0003067366971041426,0.00032648530770178593,0.0003497353084973217,0.0003720495731124097,0.0003943061773069349,0.0003995469908239124,0.0005401784025784357,2.111433654166667,-0.1161282887499999,4.5554268,100909.67479166666,1.3947486704166666e-05,1.1762499809265137,238.08999633789065,11.563750267028809,2.1146247552215045,1.3835640176296238,-0.7176769136759615,-0.6963762255968726,-0.8660254037844385,-0.5000000000000004
2020-09-16,0.00023437855601435498,0.00023217349179970774,0.00022350999413368668,0.00021506056916320844,0.0002017301422036241,0.0001824142279495748,0.0001542089281669664,0.00013235693228552615,0.00011526259268552016,0.00010051630250414846,9.874608234632344e-05,8.37480545403164e-05,5.601592291137384e-05,1.3775969894381117e-05,-9.601352011786024e-06,-1.2532748544493367e-05,-1.555940787008834e-05,-6.6476024810469795e-06,-7.96449981731622e-06,-8.027760819688367e-06,1.2068070068800107e-08,1.603331790218135e-05,2.6278891889360704e-05,4.2874633569763164e-05,4.8673558133434604e-05,4.605059606334735e-05,4.714792481758602e-05,4.984094748880363e-05,5.242911200640608e-05,6.126669152779806e-05,6.278104957935595e-05,5.670380491157721e-05,4.5050025835004773e-05,3.204489763846969e-05,1.754813105961728e-05,7.575101211855793e-06,-1.2119873074202141e-06,-1.3360170035676988e-05,-3.628584713028327e-05,-4.312862969893347e-05,-5.965856765084301e-05,-8.106876147177653e-05,-9.961076368951038e-05,-9.252138865890273e-05,-0.00010000362179094637,-0.00010778385624441955,-0.00010125183808271782,-0.0001270800637464995,-0.00012380591257168854,-0.00012660546289613682,-0.0001314749395282576,-0.0001367778318749158,-0.0001429079671185876,-0.0001452032696961515,-0.00014601761916638377,-0.0001431644609290708,-0.000135581258563272,-0.00013316272588971459,-0.00012128136266468433,-0.00010342062657675398,-0.00010270280692240982,-0.00010863106441632602,-0.00010797998791624343,-0.00012596925650334848,-0.00011223525029464102,-0.00012639258391924593,-0.00011738677653879741,-0.000127194470000485,-0.00011341105708589594,-0.00011049580385641903,-9.407439301501025e-05,-8.645247897171753e-05,-8.270135624756647e-05,-6.396917058675082e-05,-4.750724180908453e-05,-4.7276184882169625e-05,-5.961829504014691e-05,-6.271454589169124e-05,-5.0173219861982416e-05,-3.3150929877510826e-05,-1.747099964508539e-05,-1.7504148568082752e-06,2.0530366274213984e-05,4.615733303981245e-05,8.311597924196683e-05,0.00011968628472805613,0.0001559615214593402,0.00018746664229638994,0.00021691601980887724,0.00023725498761048824,0.00025447203409842347,0.00026529018385850785,0.0002770441136560601,0.0002906181574912093,0.000308001625973801,0.00033312312206913686,0.000354485574355027,0.0003695009170161018,0.0003683597686744373,0.000541420643254943,3.5883986,0.8656927770833334,7.743098454166667,101006.150625,0.0001970132192083,1.566249966621399,229.9750061035156,19.022499084472656,3.691345079612067,2.453138957941533,-0.9721181966290612,-0.2344913895704105,-1.0,-1.8369701987210294e-16
2020-10-17,0.00023311783224003635,0.00022865504191416845,0.00022389518070984249,0.00021414689301900642,0.00020039117550863563,0.0001845512866786799,0.00016025626457462727,0.0001399250118953112,0.00012417979178491775,0.00010323938136922448,9.280681746854092e-05,7.458468248508241e-05,4.6751622401074554e-05,9.305449926044744e-06,-8.948513520001566e-06,-7.770710561364574e-06,-9.815076332391722e-06,-1.1599005169475845e-06,-2.1222627996859784e-06,-2.760539345724265e-06,4.383606804299652e-06,2.1331280262046497e-05,2.763886441225258e-05,4.057493716275687e-05,4.745677747514266e-05,4.351522162476324e-05,4.621794221005465e-05,5.0718320871149954e-05,5.3881755903705604e-05,6.0491526928677504e-05,6.1019320622639766e-05,5.4767722348296656e-05,4.2902081463104075e-05,2.995953468970202e-05,1.7165119358135567e-05,7.76350657488731e-06,-5.9660735661145565e-06,-2.0509306979962425e-05,-4.2774656316557085e-05,-4.1489272338435036e-05,-5.6195316923496615e-05,-7.609834641996498e-05,-9.466446423104052e-05,-9.33499493921353e-05,-0.00010387244587649508,-0.00011524682517382891,-0.00011093149031192806,-0.0001373528090348023,-0.00013601148257042238,-0.00013849467324026287,-0.00014130244509255921,-0.00014458091888695177,-0.00014957115345061312,-0.00015563300257968825,-0.000160848093974234,-0.0001616399292303254,-0.00015544973635955948,-0.00015358097320707984,-0.00014213121483681044,-0.00012196608715014037,-0.00011910206187674983,-0.00012314388820816046,-0.00011875978051834674,-0.00013474721117093816,-0.0001209834419092021,-0.00012829119365944769,-0.00011418374121618615,-0.00013101568237447952,-0.00011566626431409072,-0.00011075745042687486,-9.5352055631721e-05,-8.859319563769792e-05,-8.367035353408291e-05,-6.534799009545699e-05,-4.9727441741251915e-05,-4.797746416264603e-05,-5.855149918431247e-05,-6.419707409091043e-05,-5.190583814629198e-05,-3.355205121041103e-05,-1.848578133886106e-05,-3.968508381355212e-06,1.8688711041699255e-05,4.545496704446641e-05,8.881552257593265e-05,0.00012326537825491676,0.0001590275081538577,0.00019009753365337205,0.0002196591879537252,0.00023657631590015045,0.0002489888713261473,0.0002558270387231934,0.00026398649453992145,0.000274499617878276,0.0002895179442458161,0.000316510935640952,0.0003369215755976443,0.00034469565672526874,0.0003371725465249622,0.0005426628839314503,3.985855125,-0.77989641375,6.617558795833333,100821.38083333334,5.466739358333333e-05,1.4487500190734863,249.6112518310547,7.24875020980835,4.061438106590925,2.098876617765427,-0.9562348265919058,0.2926003356333479,-0.8660254037844386,0.5000000000000001
2020-11-17,0.00023185710846571774,0.00022513659202862916,0.0002242803672859983,0.00021323321687480437,0.0001990522088136472,0.00018668834540778504,0.00016630360098228813,0.00014749309150509626,0.00013309699088431533,0.00010596246023430049,8.68675525907584e-05,6.542131042984844e-05,3.748732189077527e-05,4.8349299577083756e-06,-8.295675028217108e-06,-3.0086725782357834e-06,-4.070744794695109e-06,4.327801447151809e-06,3.7199742179442612e-06,2.506682128239838e-06,8.7551455385305e-06,2.662924262191164e-05,2.8998836935144458e-05,3.8275240755750583e-05,4.623999681685071e-05,4.0979847186179135e-05,4.528795960252328e-05,5.1595694253496275e-05,5.533439980100514e-05,5.971636232955695e-05,5.925759166592358e-05,5.283163978501609e-05,4.0754137091203376e-05,2.7874171740934345e-05,1.678210765665385e-05,7.951911937918826e-06,-1.0720159824808896e-05,-2.765844392424786e-05,-4.9263465502830895e-05,-3.98499149779366e-05,-5.273206619615022e-05,-7.112793136815342e-05,-8.971816477257067e-05,-9.41785101253679e-05,-0.00010774126996204379,-0.00012270979410323828,-0.0001206111425411383,-0.00014762555432310513,-0.00014821705256915622,-0.0001503838835843889,-0.00015112995065686086,-0.00015238400589898777,-0.00015623433978263863,-0.00016606273546322496,-0.00017567856878208422,-0.00018011539753158,-0.00017531821415584694,-0.00017399922052444507,-0.00016298106700893652,-0.00014051154772352675,-0.00013550131683108982,-0.00013765671199999493,-0.00012953957312045005,-0.00014352516583852787,-0.0001297316335237632,-0.00013018980339964947,-0.00011098070589357489,-0.00013483689474847406,-0.0001179214715422855,-0.00011101909699733069,-9.662971824843174e-05,-9.073391230367831e-05,-8.463935082059936e-05,-6.672680960416317e-05,-5.194764167341929e-05,-4.867874344312243e-05,-5.748470332847803e-05,-6.567960229012964e-05,-5.3638456430601536e-05,-3.395317254331123e-05,-1.9500563032636728e-05,-6.1866019059021475e-06,1.6847055809184527e-05,4.475260104912037e-05,9.451506590989847e-05,0.0001268444717817774,0.0001620934948483752,0.0001927284250103542,0.00022240235609857317,0.00023589764418981268,0.00024350570855387118,0.00024636389358787897,0.00025092887542378276,0.00025838107826534274,0.0002710342625178312,0.0002998987492127672,0.0003193575768402616,0.00031989039643443566,0.00030598532437548713,0.0005439051246079578,-2.9921499983333333,2.3235263845833334,6.8960011625,100927.93479166667,0.0005326668425608,0.9975000023841858,193.1512451171875,13.40999984741211,3.788368576627816,0.9950062547564508,-0.6744436188329457,0.7383263540031063,-0.5000000000000004,0.8660254037844384
2020-12-18,0.0002305963846913991,0.00022161814214308987,0.0002246655538621541,0.00021231954073060234,0.00019771324211865875,0.00018882540413689018,0.00017235093738994902,0.0001550611711148813,0.0001420141899837129,0.00010868553909937649,8.092828771297586e-05,5.625793837461445e-05,2.822302138047598e-05,3.644099893719999e-07,-7.642836536432648e-06,1.753365404893011e-06,1.6735867430015114e-06,9.815503411251205e-06,9.562211235574504e-06,7.77390360220394e-06,1.3126684272761354e-05,3.192720498177679e-05,3.035880945803634e-05,3.5975544348744296e-05,4.502321615855876e-05,3.844447274759503e-05,4.4357976994991916e-05,5.24730676358426e-05,5.678704369830466e-05,5.89411977304364e-05,5.7495862709207394e-05,5.089555722173553e-05,3.860619271930267e-05,2.5788808792166667e-05,1.6399095955172136e-05,8.140317300950344e-06,-1.547424608350324e-05,-3.48075808685333e-05,-5.575227468910472e-05,-3.821055761743817e-05,-4.926881546880382e-05,-6.615751631634185e-05,-8.477186531410081e-05,-9.500707085860049e-05,-0.00011161009404759252,-0.00013017276303264766,-0.00013029079477034855,-0.00015789829961140793,-0.00016042262256789005,-0.00016227309392851495,-0.00016095745622116248,-0.00016018709291102374,-0.00016289752611466416,-0.0001764924683467617,-0.00019050904358993445,-0.0001985908658328346,-0.00019518669195213442,-0.00019441746784181033,-0.00018383091918106262,-0.00015905700829691314,-0.00015190057178542983,-0.00015216953579182937,-0.00014031936572255334,-0.00015230312050611757,-0.00013847982513832426,-0.00013208841313985123,-0.00010777767057096362,-0.0001386581071224686,-0.00012017667877048028,-0.0001112807435677865,-9.790738086514248e-05,-9.287462896965871e-05,-8.56083481071158e-05,-6.810562911286936e-05,-5.416784160558667e-05,-4.9380022723598825e-05,-5.6417907472643585e-05,-6.716213048934884e-05,-5.537107471491109e-05,-3.435429387621143e-05,-2.0515344726412396e-05,-8.404695430449085e-06,1.5005400576669795e-05,4.405023505377432e-05,0.0001002146092438643,0.00013042356530863802,0.00016515948154289273,0.00019535931636733634,0.00022514552424342113,0.0002352189724794749,0.00023802254578159503,0.0002369007484525645,0.00023787125630764407,0.00024226253865240944,0.0002525505807898463,0.00028328656278458233,0.00030179357808287884,0.0002950851361436026,0.00027479810222601203,0.0005451473652844652,0.2558371291666667,-1.059146875,3.626004683333333,101105.458125,0.0002299547180041,0.6087499856948853,203.35374450683597,10.27750015258789,1.0896076080325925,0.370576545083523,-0.2051044998686192,0.9787400799669153,-2.4492935982947064e-16,1.0
2021-01-18,0.00022933566091708048,0.00021809969225755057,0.0002250507404383099,0.00021140586458640032,0.0001963742754236703,0.0001909624628659953,0.00017839827379760988,0.00016262925072466636,0.0001509313890831105,0.00011140861796445249,7.498902283519334e-05,4.709456631938047e-05,1.8958720870176693e-05,-4.10610997896437e-06,-6.989998044648189e-06,6.515403388021801e-06,7.417918280698122e-06,1.53032053753506e-05,1.540444825320474e-05,1.3041125076168041e-05,1.7498223006992204e-05,3.722516734164194e-05,3.1718781980928216e-05,3.3675847941738e-05,4.380643550026681e-05,3.590909830901092e-05,4.3427994387460546e-05,5.3350441018188923e-05,5.823968759560419e-05,5.816603313131584e-05,5.573413375249121e-05,4.895947465845497e-05,3.645824834740197e-05,2.370344584339899e-05,1.6016084253690424e-05,8.32872266398186e-06,-2.0228332342197582e-05,-4.1956717812818736e-05,-6.224108387537853e-05,-3.657120025693973e-05,-4.580556474145743e-05,-6.118710126453029e-05,-7.982556585563096e-05,-9.583563159183307e-05,-0.00011547891813314123,-0.000137635731962057,-0.0001399704469995588,-0.00016817104489971074,-0.0001726281925666239,-0.000174162304272641,-0.0001707849617854641,-0.0001679901799230597,-0.00016956071244668967,-0.00018692220123029844,-0.00020533951839778465,-0.0002170663341340892,-0.00021505516974842188,-0.00021483571515917556,-0.0002046807713531887,-0.00017760246887029953,-0.00016829982673976983,-0.00016668235958366382,-0.00015109915832465663,-0.00016108107517370728,-0.00014722801675288535,-0.00013398702288005299,-0.00010457463524835235,-0.00014247931949646316,-0.00012243188599867506,-0.00011154239013824233,-9.918504348185323e-05,-9.50153456356391e-05,-8.657734539363224e-05,-6.948444862157553e-05,-5.6388041537754054e-05,-5.008130200407523e-05,-5.5351111616809144e-05,-6.864465868856805e-05,-5.710369299922065e-05,-3.475541520911163e-05,-2.1530126420188065e-05,-1.062278895499602e-05,1.3163745344155067e-05,4.3347869058428286e-05,0.00010591415257783012,0.00013400265883549864,0.00016822546823741023,0.00019799020772431845,0.0002278886923882691,0.0002345403007691371,0.0002325393830093189,0.00022743760331725007,0.0002248136371915054,0.00022614399903947614,0.00023406689906186142,0.0002666743763563975,0.00028422957932549615,0.0002702798758527695,0.00024361088007653694,0.0005463896059609725,-0.4603551274166667,-2.7288710124999995,4.507141383333333,100991.63541666669,0.0002728899353541,0.7037500143051147,221.6312561035156,9.559999465942385,2.7674291040967227,0.4952640826344492,0.304921224656289,0.9523775757303974,0.4999999999999999,0.8660254037844387
2021-02-19,0.00022914787495764737,0.00021723555313922112,0.00022230776448405309,0.00020966008993059224,0.00019642929697525344,0.0001900415970865486,0.0001764282462862023,0.00015933166595753393,0.00014627094257952422,0.0001097352243920606,7.47024510152158e-05,4.752790560304106e-05,2.0467008596378352e-05,-2.790354062207751e-06,-5.65613933686589e-06,4.67186730979024e-06,3.108237700467607e-06,1.0292403068805843e-05,8.586285273221433e-06,6.759604530069543e-06,1.1447243580308558e-05,2.7478327016028152e-05,2.3862557720063908e-05,2.6203120020439198e-05,3.759803118292506e-05,3.1628698878710474e-05,3.9894154742974864e-05,5.078812237713177e-05,5.5296850157762115e-05,5.50678136368691e-05,5.3112772494450415e-05,4.701679654263862e-05,3.489093088941956e-05,2.1410242607082756e-05,1.1167724602336754e-05,6.607402525587108e-07,-2.7967275774075666e-05,-4.64964852024751e-05,-6.554865035657461e-05,-4.4721152484638205e-05,-5.217182840779213e-05,-6.806453965097753e-05,-8.485860881516332e-05,-9.866098740583408e-05,-0.00011165388136287585,-0.00013182187383626315,-0.0001340777978032131,-0.0001598453619248032,-0.00016423734906159557,-0.00016713704670785455,-0.00016686153825259226,-0.0001649679491633859,-0.0001677762327241312,-0.00018383811696501395,-0.00019499859668100383,-0.00020523541100962427,-0.00020269383024662817,-0.00019314146786097628,-0.00019329829091872268,-0.00016859259303266533,-0.00015881067536388152,-0.0001567333630267961,-0.0001423738754137744,-0.00015223393798100034,-0.00013980019988546583,-0.00012694848371707604,-9.998677082368163e-05,-0.00013342530943350852,-0.00011595105124112505,-0.00010468945608359342,-9.146128423177509e-05,-8.752174109831679e-05,-7.919865436705097e-05,-6.290174703408388e-05,-4.970390688057924e-05,-4.57268363874813e-05,-5.0277558610247854e-05,-6.103070823190779e-05,-4.881991900437097e-05,-2.9301102957560808e-05,-1.629239165545188e-05,-6.118819239280409e-06,1.58030484451832e-05,4.494720700850033e-05,0.0001003628118771816,0.00012730358349575155,0.00015941734371397665,0.00018959381853746524,0.00021964565420729272,0.0002289964624148364,0.0002276983751416024,0.00022371954472328977,0.0002229346392724376,0.00022433163378559023,0.0002318109634894887,0.0002631390819010957,0.0002811826345502451,0.0002683455508813968,0.00024485828923770104,0.0005473995496150633,-0.0034058988749999,0.5928980548125,4.29365,101089.75270833333,4.4087568258333326e-05,0.6949999928474426,203.8837432861328,13.899999618530272,0.5929078373133493,0.4830249900579453,0.7583058084785624,0.6518989958787126,0.8660254037844386,0.5000000000000001
2021-03-23,0.00022896008899821426,0.00021637141402089169,0.0002195647885297963,0.0002079143152747842,0.00019648431852683655,0.00018912073130710193,0.00017445821877479472,0.0001560340811904015,0.00014161049607593797,0.0001080618308196687,7.441587919523827e-05,4.7961244886701646e-05,2.1975296322580008e-05,-1.474598145451132e-06,-4.32228062908359e-06,2.8283312315586784e-06,-1.2014428797629076e-06,5.281600762261089e-06,1.768122293238125e-06,4.780839839710442e-07,5.3962641536249115e-06,1.7731486690414366e-05,1.60063334591996e-05,1.873039209914039e-05,3.138962686558331e-05,2.7348299448410028e-05,3.636031509848918e-05,4.822580373607462e-05,5.235401271992004e-05,5.196959414242236e-05,5.049141123640962e-05,4.5074118426822266e-05,3.3323613431437136e-05,1.911703937076652e-05,6.319364950983084e-06,-7.007242158864439e-06,-3.570621920595375e-05,-5.103625259213145e-05,-6.88562168377707e-05,-5.287110471233667e-05,-5.8538092074126834e-05,-7.494197803742476e-05,-8.989165177469567e-05,-0.0001014863432198351,-0.00010782884459261046,-0.00012600801571046932,-0.00012818514860686743,-0.00015151967894989565,-0.00015584650555656722,-0.00016011178914306814,-0.00016293811471972046,-0.00016194571840371212,-0.00016599175300157276,-0.00018075403269972946,-0.00018465767496422299,-0.00019340448788515935,-0.00019033249074483448,-0.00017144722056277703,-0.00018191581048425666,-0.0001595827171950311,-0.00014932152398799322,-0.00014678436646992836,-0.00013364859250289217,-0.0001433868007882934,-0.00013237238301804633,-0.0001199099445540991,-9.53989063990109e-05,-0.0001243712993705539,-0.00010947021648357502,-9.78365220289445e-05,-8.373752498169696e-05,-8.00281365609945e-05,-7.181996334046968e-05,-5.631904544659223e-05,-4.301977222340442e-05,-4.137237077088737e-05,-4.5204005603686565e-05,-5.3416757775247524e-05,-4.05361450095213e-05,-2.3846790706009987e-05,-1.1054656890715697e-05,-1.6148495235647977e-06,1.844235154621133e-05,4.6546544958572366e-05,9.481147117653309e-05,0.00012060450815600444,0.00015060921919054308,0.00018119742935061202,0.00021140261602631632,0.00022345262406053568,0.00022285736727388592,0.00022000148612932944,0.0002210556413533698,0.00022251926853170432,0.000229555027917116,0.00025960378744579386,0.00027813568977499406,0.00026641122591002407,0.00024610569839886515,0.0005484094932691541,-0.713399876375,0.453061424625,3.8262665666666655,101028.11708333332,0.0001783371004458,0.8675000071525574,193.7712554931641,13.860000610351562,0.8451059330611161,0.7525562624096871,0.9873494423939864,0.1585593851031347,1.0,6.123233995736766e-17
2021-04-24,0.00022877230303878116,0.00021550727490256223,0.0002168218125755395,0.0002061685406189761,0.00019653934007841969,0.00018819986552765525,0.00017248819126338715,0.00015273649642326905,0.0001369500495723517,0.00010638843724727681,7.412930737526074e-05,4.839458417036224e-05,2.3483584048781667e-05,-1.5884222869451317e-07,-2.9884219213012916e-06,9.847951533271173e-07,-5.511123459993423e-06,2.7079845571633494e-07,-5.050040686745183e-06,-5.803436562127455e-06,-6.547152730587329e-07,7.98464636480058e-06,8.150109198335292e-06,1.1257664177841581e-05,2.5181222548241562e-05,2.306790001810958e-05,3.282647545400351e-05,4.566348509501747e-05,4.9411175282077974e-05,4.887137464797562e-05,4.7870049978368816e-05,4.3131440311005915e-05,3.175629597345472e-05,1.682383613445029e-05,1.4710052996294148e-06,-1.4675224570287585e-05,-4.344516263783183e-05,-5.5576019981787815e-05,-7.216378331896677e-05,-6.1021056940035136e-05,-6.490435574046153e-05,-8.1819416423872e-05,-9.492469473422803e-05,-0.00010431169903383612,-0.00010400380782234508,-0.00012019415758467547,-0.00012229249941052175,-0.0001431939959749881,-0.0001474556620515389,-0.0001530865315782817,-0.00015901469118684863,-0.00015892348764403832,-0.00016420727327901428,-0.00017766994843444495,-0.00017431675324744217,-0.0001815735647606944,-0.00017797115124304076,-0.00014975297326457775,-0.00017053333004979064,-0.00015057284135739691,-0.0001398323726121049,-0.0001368353699130606,-0.00012492330959200994,-0.00013453966359558647,-0.0001249445661506268,-0.00011287140539112217,-9.081104197434018e-05,-0.00011531728930759926,-0.000102989381726025,-9.09835879742956e-05,-7.601376573161882e-05,-7.25345320236722e-05,-6.44412723138884e-05,-4.9736343859100576e-05,-3.6335637566229605e-05,-3.701790515429344e-05,-4.0130452597125275e-05,-4.5802807318587266e-05,-3.2252371014671624e-05,-1.8392478454459167e-05,-5.816922125979514e-06,2.8891201921508138e-06,2.1081654647239463e-05,4.814588290864441e-05,8.926013047588457e-05,0.00011390543281625735,0.0001418010946671095,0.0001728010401637588,0.00020315957784533995,0.000217908785706235,0.00021801635940616942,0.00021628342753536914,0.000219176643434302,0.0002207069032778184,0.00022729909234474324,0.00025606849299049205,0.000275088744999743,0.0002644769009386514,0.00024735310756002926,0.0005494194369232449,1.1786200175,0.0836029058333333,3.798444670833333,100982.94895833332,6.2247116875e-05,0.9787499904632568,215.13624572753903,13.428750038146973,1.1815813943675133,0.9579515438318252,0.9242907221930932,-0.3816892202666588,0.8660254037844387,-0.4999999999999998
2021-05-26,0.00022858451707934805,0.0002146431357842328,0.00021407883662128273,0.00020442276596316806,0.00019659436163000282,0.00018727899974820857,0.00017051816375197957,0.00014943891165613662,0.00013228960306876542,0.00010471504367488492,7.38427355552832e-05,4.882792345402283e-05,2.4991871774983323e-05,1.1569136880621057e-06,-1.6545632135189928e-06,-8.587409249044446e-07,-9.820804040223938e-06,-4.740003850828421e-06,-1.186820366672849e-05,-1.2084957108225953e-05,-6.705694699742381e-06,-1.762193960813205e-06,2.9388493747098393e-07,3.7849362565427764e-06,1.897281823089981e-05,1.878750058780913e-05,2.929263580951782e-05,4.310116645396032e-05,4.6468337844235894e-05,4.5773155153528877e-05,4.524868872032802e-05,4.1188762195189565e-05,3.01889785154723e-05,1.4530632898134056e-05,-3.377354351724255e-06,-2.2343206981710738e-05,-5.1184106069709924e-05,-6.011578737144417e-05,-7.547134980016286e-05,-6.917100916773361e-05,-7.127061940679624e-05,-8.869685481031924e-05,-9.995773769376039e-05,-0.00010713705484783714,-0.0001001787710520797,-0.00011438029945888163,-0.00011639985021417608,-0.00013486831300008056,-0.00013906481854651054,-0.00014606127401349525,-0.0001550912676539768,-0.0001559012568843645,-0.00016242279355645583,-0.00017458586416916046,-0.00016397583153066132,-0.00016974264163622946,-0.00016560981174124708,-0.0001280587259663785,-0.00015915084961532462,-0.00014156296551976272,-0.0001303432212362166,-0.00012688637335619288,-0.0001161980266811277,-0.00012569252640287954,-0.0001175167492832073,-0.00010583286622814523,-8.622317754966944e-05,-0.00010626327924464463,-9.6508546968475e-05,-8.413065391964669e-05,-6.829000648154069e-05,-6.504092748634989e-05,-5.7062581287307124e-05,-4.315364227160893e-05,-2.965150290905479e-05,-3.266343953769951e-05,-3.5056899590563985e-05,-3.8188856861927e-05,-2.3968597019821945e-05,-1.2938166202908343e-05,-5.791873612433302e-07,7.393089907866425e-06,2.37209577482676e-05,4.974522085871645e-05,8.370878977523606e-05,0.00010720635747651024,0.00013299297014367594,0.00016440465097690562,0.00019491653966436355,0.00021236494735193427,0.00021317535153845293,0.00021256536894140885,0.0002172976455152342,0.0002188945380239325,0.00022504315677237052,0.00025253319853519023,0.00027204180022449197,0.0002625425759672787,0.00024860051672119337,0.0005504293805773357,7.924736720833334,0.252716065875,13.900238270833334,100964.77645833332,0.0003237326957916,2.9225001335144043,252.8687438964844,8.809999465942383,7.928765194182231,8.277887685525418,0.5877852522924732,-0.8090169943749473,0.4999999999999999,-0.8660254037844387
2021-06-27,0.00022839673111991495,0.00021377899666590334,0.00021133586066702592,0.00020267699130735998,0.00019664938318158593,0.0001863581339687619,0.000168548136240572,0.0001461413268890042,0.00012762915656517918,0.00010304165010249302,7.355616373530568e-05,4.926126273768342e-05,2.6500159501184986e-05,2.4726696048187246e-06,-3.207045057366924e-07,-2.7022770031360064e-06,-1.4130484620454459e-05,-9.750806157373177e-06,-1.86863666467118e-05,-1.8366477654324452e-05,-1.2756674126426028e-05,-1.1509034286426997e-05,-7.562339323393331e-06,-3.6877916647560353e-06,1.276441391355806e-05,1.4507101157508685e-05,2.575879616503214e-05,4.053884781290317e-05,4.3525500406393827e-05,4.267493565908213e-05,4.262732746228722e-05,3.924608407937321e-05,2.8621661057489885e-05,1.2237429661817821e-05,-8.225714003077928e-06,-3.0011189393133884e-05,-5.892304950158801e-05,-6.465555476110054e-05,-7.877891628135894e-05,-7.732096139543208e-05,-7.763688307313094e-05,-9.557429319676648e-05,-0.00010499078065329274,-0.00010996241066183816,-9.635373428181431e-05,-0.00010856644133308777,-0.0001105072010178304,-0.00012654263002517303,-0.00013067397504148222,-0.0001390360164487088,-0.000151167844121105,-0.00015287902612469073,-0.00016063831383389738,-0.00017150177990387597,-0.0001536349098138805,-0.00015791171851176452,-0.00015324847223945336,-0.0001063644786681792,-0.00014776836918085857,-0.0001325530896821285,-0.00012085406986032829,-0.00011693737679932514,-0.00010747274377024546,-0.00011684538921017258,-0.00011008893241578778,-9.879432706516829e-05,-8.163531312499872e-05,-9.720926918169e-05,-9.002771221092497e-05,-7.727771986499777e-05,-6.056624723146255e-05,-5.754732294902759e-05,-4.9683890260725835e-05,-3.657094068411727e-05,-2.296736825187997e-05,-2.830897392110558e-05,-2.9983346584002695e-05,-3.057490640526674e-05,-1.568482302497227e-05,-7.483853951357522e-06,4.658547403492857e-06,1.1897059623582037e-05,2.6360260849295734e-05,5.1344558808788496e-05,7.815744907458754e-05,0.00010050728213676315,0.00012418484562024237,0.00015600826179005238,0.00018667350148338717,0.00020682110899763358,0.00020833434367073647,0.00020884731034744852,0.0002154186475961664,0.00021708217277004657,0.0002227872211999978,0.0002489979040798884,0.0002689948554492409,0.000260608250995906,0.00024984792588235747,0.0005514393242314264,3.857636770833333,0.9134750329166668,8.037081966666667,101040.61729166668,0.0002520879100833,1.75,234.1187438964844,12.266249656677246,3.964315589284931,3.0625,0.077386479233463,-0.9970011699250152,1.2246467991473532e-16,-1.0
2021-07-29,0.00022820894516048184,0.00021291485754757391,0.00020859288471276915,0.00020093121665155193,0.00019670440473316906,0.00018543726818931523,0.00016657810872916441,0.00014284374212187177,0.0001229687100615929,0.00010136825653010113,7.326959191532815e-05,4.9694602021344006e-05,2.800844722738664e-05,3.7884255215753435e-06,1.0131542020456055e-06,-4.545813081367567e-06,-1.844016520068497e-05,-1.4761608463917929e-05,-2.5504529626695106e-05,-2.464799820042295e-05,-1.880765355310967e-05,-2.1255874612040776e-05,-1.5418563584257632e-05,-1.116051958605484e-05,6.5560095962163145e-06,1.0226701727208239e-05,2.222495652054646e-05,3.797652917184603e-05,4.058266296855175e-05,3.9576716164635396e-05,4.0005966204246427e-05,3.730340596355686e-05,2.7054343599507467e-05,9.944226425501588e-06,-1.3074073654431594e-05,-3.7679171804557034e-05,-6.666199293346608e-05,-6.91953221507569e-05,-8.208648276255502e-05,-8.547091362313055e-05,-8.400314673946563e-05,-0.00010245173158321373,-0.00011002382361282509,-0.00011278776647583917,-9.252869751154893e-05,-0.00010275258320729394,-0.00010461455182148472,-0.00011821694705026547,-0.00012228313153645387,-0.0001320107588839224,-0.00014724442058823317,-0.00014985679536501693,-0.00015885383411133892,-0.00016841769563859149,-0.00014329398809709965,-0.0001460807953872996,-0.00014088713273765964,-8.467023136997994e-05,-0.00013638588874639255,-0.0001235432138444943,-0.00011136491848443998,-0.00010698838024245741,-9.874746085936323e-05,-0.00010799825201746566,-0.00010266111554836828,-9.175578790219136e-05,-7.704744870032799e-05,-8.815525911873536e-05,-8.354687745337496e-05,-7.042478581034887e-05,-5.284248798138442e-05,-5.005371841170529e-05,-4.230519923414456e-05,-2.998823909662562e-05,-1.6283233594705157e-05,-2.3954508304511656e-05,-2.4909793577441406e-05,-2.2960955948606485e-05,-7.401049030122599e-06,-2.0295416998067053e-06,9.896282168229037e-06,1.6401029339297648e-05,2.8999563950323863e-05,5.294389675886054e-05,7.260610837393902e-05,9.380820679701606e-05,0.0001153767210968088,0.0001476118726031992,0.0001784304633024108,0.00020127727064333286,0.00020349333580301998,0.00020512925175348822,0.0002135396496770986,0.00021526980751616066,0.0002205312856276251,0.0002454626096245866,0.0002659479106739899,0.00025867392602453327,0.0002510953350435216,0.0005524492678855171,4.035758345833334,-0.3356151555833333,6.954487479166667,101076.77291666664,3.822644580833333e-05,1.6974999904632568,249.26499938964844,10.991250038146973,4.049689242228425,2.881506217622757,-0.455906693508459,-0.8900275764346766,-0.4999999999999997,-0.8660254037844388
2021-08-30,0.00022802115920104874,0.00021205071842924446,0.00020584990875851234,0.00019918544199574385,0.0001967594262847522,0.00018451640240986855,0.00016460808121775684,0.00013954615735473931,0.00011830826355800663,9.969486295770924e-05,7.298302009535061e-05,5.01279413050046e-05,2.9516734953588297e-05,5.104181438331962e-06,2.347012909827906e-06,-6.38934915959913e-06,-2.2749845780915487e-05,-1.9772410770462685e-05,-3.232269260667842e-05,-3.0929518746521455e-05,-2.4858632979793324e-05,-3.100271493765457e-05,-2.3274787845121947e-05,-1.8633247507353645e-05,3.4760527887455617e-07,5.946302296907789e-06,1.8691116876060775e-05,3.541421053078887e-05,3.763982553070968e-05,3.647849667018866e-05,3.738460494620563e-05,3.536072784774051e-05,2.548702614152505e-05,7.651023189185352e-06,-1.7922433305785267e-05,-4.534715421598018e-05,-7.440093636534418e-05,-7.373508954041326e-05,-8.539404924375112e-05,-9.362086585082901e-05,-9.036941040580034e-05,-0.00010932916996966095,-0.00011505686657235746,-0.00011561312228984019,-8.870366074128355e-05,-9.693872508150008e-05,-9.872190262513904e-05,-0.00010989126407535793,-0.00011389228803142555,-0.00012498550131913595,-0.00014332099705536135,-0.00014683456460534312,-0.00015706935438878044,-0.00016533361137330697,-0.00013295306638031883,-0.00013424987226283468,-0.00012852579323586593,-6.297598407178066e-05,-0.00012500340831192653,-0.00011453333800686009,-0.00010187576710855167,-9.703938368558967e-05,-9.0022177948481e-05,-9.915111482475871e-05,-9.523329868094875e-05,-8.471724873921442e-05,-7.245958427565727e-05,-7.910124905578072e-05,-7.706604269582494e-05,-6.357185175569994e-05,-4.511872873130629e-05,-4.256011387438299e-05,-3.4926508207563276e-05,-2.3405537509133967e-05,-9.599098937530343e-06,-1.9600042687917724e-05,-1.9836240570880116e-05,-1.534700549194622e-05,8.827249647270808e-07,3.424770551744122e-06,1.5134016932965224e-05,2.090499905501326e-05,3.1638867051352e-05,5.454323470893258e-05,6.705476767329051e-05,8.710913145726895e-05,0.00010656859657337523,0.00013921548341634598,0.0001701874251214344,0.00019573343228903217,0.0001986523279353035,0.00020141119315952792,0.0002116606517580308,0.00021345744226227475,0.00021827535005525234,0.00024192731516928476,0.0002629009658987388,0.0002567396010531606,0.0002523427442046857,0.000553459211539608,3.4836680166666665,-0.92174911875,7.3814982,100842.00729166664,0.0001272360482083,1.831249952316284,244.67999267578125,11.897500038146973,3.6035488463822256,3.353476387858393,-0.8543221697498269,-0.5197438121555157,-0.8660254037844385,-0.5000000000000004
2021-10-01,0.00022783337324161563,0.00021118657931091503,0.00020310693280425557,0.0001974396673399358,0.0001968144478363353,0.00018359553663042187,0.00016263805370634926,0.00013624857258760689,0.00011364781705442038,9.802146938531733e-05,7.269644827537308e-05,5.056128058866519e-05,3.102502267978995e-05,6.419937355088581e-06,3.680871617610203e-06,-8.23288523783069e-06,-2.7059526361145997e-05,-2.478321307700744e-05,-3.914085558666172e-05,-3.7211039292619946e-05,-3.090961240647697e-05,-4.074955526326835e-05,-3.113101210598625e-05,-2.610597542865245e-05,-5.860799038467189e-06,1.6659028666073426e-06,1.5157277231575096e-05,3.285189188973173e-05,3.4696988092867605e-05,3.338027717574192e-05,3.476324368816483e-05,3.3418049731924156e-05,2.391970868354263e-05,5.357819952869121e-06,-2.2770792957138933e-05,-5.301513662740334e-05,-8.213987979722227e-05,-7.82748569300696e-05,-8.870161572494719e-05,-0.00010177081807852748,-9.673567407213505e-05,-0.0001162066083561082,-0.00012008990953188981,-0.00011843847810384122,-8.487862397101817e-05,-9.112486695570624e-05,-9.282925342879336e-05,-0.00010156558110045039,-0.00010550144452639721,-0.00011796024375434951,-0.00013939757352248954,-0.00014381233384566934,-0.000155284874666222,-0.00016224952710802248,-0.000122612144663538,-0.00012241894913836974,-0.00011616445373407225,-4.128173677358141e-05,-0.00011362092787746052,-0.00010552346216922589,-9.238661573266336e-05,-8.709038712872194e-05,-8.129689503759877e-05,-9.030397763205179e-05,-8.780548181352925e-05,-7.767870957623747e-05,-6.787171985098655e-05,-7.004723899282609e-05,-7.058520793827493e-05,-5.671891770105104e-05,-3.7394969481228154e-05,-3.506650933706069e-05,-2.7547817180982e-05,-1.682283592164232e-05,-2.9149642803555286e-06,-1.5245577071323798e-05,-1.4762687564318826e-05,-7.733055035285962e-06,9.16649895957676e-06,8.879082803294943e-06,2.0371751697701404e-05,2.540896877072887e-05,3.427817015238013e-05,5.614257265900462e-05,6.1503426972642e-05,8.041005611752184e-05,9.776047204994166e-05,0.00013081909422949276,0.000161944386940458,0.00019018959393473148,0.000193811320067587,0.0001976931345655676,0.000209781653838963,0.00021164507700838884,0.00021601941448287962,0.00023839202071398294,0.0002598540211234878,0.0002548052760817879,0.0002535901533658498,0.0005544691551936987,2.2432454458333333,-1.7805792358333334,5.220897716666666,100883.60395833332,0.000610510510375,1.4562499523162842,228.2274932861328,13.13249969482422,2.864020346529125,2.12066392362118,-0.99999073973619,0.0043035382962438,-0.8660254037844386,0.5000000000000001
2021-11-03,0.00022764558728218253,0.00021032244019258557,0.00020036395684999876,0.00019569389268412772,0.00019686946938791844,0.0001826746708509752,0.00016066802619494168,0.00013295098782047446,0.00010898737055083411,9.634807581292544e-05,7.240987645539554e-05,5.099461987232578e-05,3.2533310405991616e-05,7.735693271845201e-06,5.014730325392504e-06,-1.0076421316062253e-05,-3.1369206941376515e-05,-2.9794015383552196e-05,-4.595901856664503e-05,-4.349255983871845e-05,-3.6960591833160616e-05,-5.049639558888214e-05,-3.8987236366850556e-05,-3.357870334995127e-05,-1.2069203355808937e-05,-2.6144965636931034e-06,1.1623437587089417e-05,3.0289573248674577e-05,3.175415065502553e-05,3.0282057681295178e-05,3.214188243012403e-05,3.14753716161078e-05,2.2352391225560214e-05,3.0646167165528875e-06,-2.7619152608492606e-05,-6.0683119038826486e-05,-8.987882322910035e-05,-8.281462431972597e-05,-9.200918220614327e-05,-0.00010992077030622596,-0.00010310193773846975,-0.00012308404674255544,-0.00012512295249142216,-0.00012126383391784223,-8.105358720075278e-05,-8.531100882991238e-05,-8.693660423244768e-05,-9.323989812554284e-05,-9.711060102136887e-05,-0.00011093498618956308,-0.00013547414998961772,-0.00014079010308599554,-0.00015350039494366354,-0.000159165442842738,-0.00011227122294675716,-0.0001105880260139048,-0.00010380311423227854,-1.958748947538213e-05,-0.00010223844744299449,-9.651358633159168e-05,-8.289746435677505e-05,-7.71413905718542e-05,-7.257161212671652e-05,-8.145684043934484e-05,-8.037766494610972e-05,-7.064017041326053e-05,-6.328385542631581e-05,-6.0993228929871456e-05,-6.410437318072491e-05,-4.986598364640212e-05,-2.9671210231150015e-05,-2.757290479973838e-05,-2.0169126154400714e-05,-1.0240134334150666e-05,3.7691703768192955e-06,-1.0891111454729868e-05,-9.68913455775754e-06,-1.1910457862569237e-07,1.7450272954426433e-05,1.4333395054845763e-05,2.5609486462437595e-05,2.991293848644448e-05,3.691747325340826e-05,5.774191060907666e-05,5.595208627199347e-05,7.371098077777475e-05,8.895234752650808e-05,0.00012242270504263955,0.00015370134875948162,0.00018464575558043076,0.0001889703121998705,0.0001939750759716073,0.0002079026559198952,0.00020983271175450293,0.0002137634789105069,0.00023485672625868113,0.0002568070763482367,0.0002528709511104152,0.0002548375625270139,0.0005554790988477895,0.8744862941666667,1.916675570625,5.3765155375,101054.943125,0.0009557207475,0.96875,211.5375061035156,9.864999771118164,2.1067442943356984,0.9384765625,-0.8406184056344783,0.5416278206559811,-0.5000000000000004,0.8660254037844384
2021-12-03,0.0002281118034105865,0.00021094379527939158,0.0002019359325654287,0.0001980345927411701,0.000198332020737751,0.0001847722865120714,0.00016122875034470303,0.00013282097251917854,0.00010979838931135402,0.00010007163911174165,7.750932092814562e-05,5.658972302237768e-05,3.5727365627375814e-05,1.2660817109890596e-05,8.36814089188648e-06,-6.310659495233856e-06,-2.7093496389351874e-05,-2.6054884394325468e-05,-4.158725171732875e-05,-3.941796212701771e-05,-3.236191734674765e-05,-4.361042576673122e-05,-3.169479543706584e-05,-2.5597192067578183e-05,-4.4008772748448264e-06,6.685478655985449e-06,2.0422897323103756e-05,3.675019327501526e-05,3.7866267228288434e-05,3.664879534710104e-05,3.8619871434671166e-05,3.657591025732046e-05,2.6224396052240355e-05,5.338195742161591e-06,-2.549382376453328e-05,-5.483123312946253e-05,-8.255624707803277e-05,-7.858130025885039e-05,-8.915524460462895e-05,-0.00010510877350846657,-9.905666722547609e-05,-0.0001188229104807275,-0.00012035735054810048,-0.00011822062895822574,-8.121437322155047e-05,-8.47689541026637e-05,-8.44832199974163e-05,-8.97559309224092e-05,-9.431434087163496e-05,-0.00010801102288031989,-0.00013158854274324163,-0.00013723475604498938,-0.00014864384458901996,-0.00015328494752444538,-0.00011026755448378074,-0.00010804415136659028,-0.00010010177646989687,-2.282467869751091e-05,-9.976852691369808e-05,-9.736981985284152e-05,-8.437173222609808e-05,-7.813213859239337e-05,-7.361432882778923e-05,-8.335670466493612e-05,-8.277557727787055e-05,-7.185899322936719e-05,-6.399643270224993e-05,-6.380674779084455e-05,-6.62679303376771e-05,-5.270221070127552e-05,-3.4474579925692255e-05,-3.173058441044907e-05,-2.3485574577554423e-05,-1.3682149964419223e-05,-1.7097104502932304e-06,-1.4164611186893674e-05,-1.1583692176417412e-05,1.124113418460756e-06,1.923136462477429e-05,1.8233213969229944e-05,2.9129740760825267e-05,3.563993836396897e-05,4.174186936941407e-05,6.211663043230197e-05,6.000339449599261e-05,7.85805766362169e-05,9.360313012009202e-05,0.00012622020281093934,0.00015662584966388417,0.00018670037324279354,0.00019371335162767647,0.00019982776814573593,0.0002135853402827202,0.00021569097652534452,0.0002193447076890621,0.00023869363592113585,0.0002588401166333444,0.0002569281828303884,0.00026085446027563215,0.000553661213729439,0.4120044764166666,0.8373165080833332,3.580303908333333,101130.125,0.0001207788792066,0.59375,202.35374450683597,14.231250762939451,0.9331916326758606,0.3525390625,-0.4635502709028512,0.8860706215341378,-2.4492935982947064e-16,1.0
2022-01-03,0.0002285780195389905,0.0002115651503661976,0.00020350790828085863,0.0002003752927982125,0.00019979457208758354,0.0001868699021731676,0.0001617894744944644,0.0001326909572178826,0.00011060940807187395,0.00010379520241055784,8.260876540089572e-05,6.218482617242958e-05,3.892142084876002e-05,1.758594094793599e-05,1.1721551458380457e-05,-2.5448976744054592e-06,-2.2817785837327233e-05,-2.231575340509874e-05,-3.721548486801247e-05,-3.5343364415316964e-05,-2.7763242860334685e-05,-3.6724455944580305e-05,-2.4402354507281133e-05,-1.7615680785205095e-05,3.267448806119284e-06,1.5985453875664002e-05,2.922235705911809e-05,4.321081330135595e-05,4.397838380155133e-05,4.30155330129069e-05,4.5097860439218294e-05,4.1676448898533124e-05,3.0096400878920497e-05,7.6117747677702945e-06,-2.3368494920573952e-05,-4.897934722009857e-05,-7.523367092696518e-05,-7.434797619797479e-05,-8.630130700311463e-05,-0.0001002967767107072,-9.501139671248242e-05,-0.00011456177421889955,-0.0001155917486047788,-0.00011517742399860925,-8.137515924234816e-05,-8.422689937541502e-05,-8.202983576238493e-05,-8.627196371927555e-05,-9.151808072190105e-05,-0.0001050870595710767,-0.0001277029354968655,-0.00013367940900398323,-0.00014378729423437635,-0.0001474044522061528,-0.00010826388602080431,-0.00010550027671927575,-9.64004387075152e-05,-2.6061867919639685e-05,-9.729860638440169e-05,-9.822605337409137e-05,-8.584600009542113e-05,-7.912288661293253e-05,-7.465704552886193e-05,-8.52565688905274e-05,-8.517348960963137e-05,-7.307781604547385e-05,-6.470900997818406e-05,-6.662026665181765e-05,-6.843148749462931e-05,-5.5538437756148905e-05,-3.9277949620234495e-05,-3.588826402115977e-05,-2.6802023000708128e-05,-1.712416559468778e-05,-7.188591277405756e-06,-1.743811091905748e-05,-1.3478249795077284e-05,2.3673314155472044e-06,2.101245629512214e-05,2.2133032883614126e-05,3.2649995059212936e-05,4.136693824149345e-05,4.656626548541988e-05,6.649135025552728e-05,6.405470271999175e-05,8.345017249465904e-05,9.825391271367594e-05,0.00013001770057923914,0.0001595503505682867,0.0001887549909051563,0.00019845639105548244,0.00020568046031986455,0.0002192680246455452,0.00022154924129618613,0.00022492593646761724,0.0002425305455835906,0.00026087315691845214,0.0002609854145503616,0.00026687135802425034,0.0005518433286110884,-0.4244435603583333,-2.217365264525,4.354517329166667,101122.96125,0.0006483793123108,0.6200000047683716,257.3637390136719,10.585000038146973,2.257622876445861,0.3844000059127808,0.0516196672232537,0.998666816288476,0.4999999999999999,0.8660254037844387
2022-02-03,0.00022904423566739448,0.00021218650545300362,0.00020507988399628857,0.0002027159928552549,0.0002012571234374161,0.0001889675178342638,0.00016235019864422576,0.00013256094191658666,0.00011142042683239388,0.00010751876570937405,8.77082098736458e-05,6.777992932248148e-05,4.2115476070144216e-05,2.2511064785981388e-05,1.5074962024874435e-05,1.2208641464229386e-06,-1.854207528530259e-05,-1.857662241587201e-05,-3.284371801869618e-05,-3.126876670361622e-05,-2.316456837392172e-05,-2.9838486122429387e-05,-1.710991357749642e-05,-9.634169502832007e-06,1.0935774887083396e-05,2.5285429095342557e-05,3.802181679513243e-05,4.9671433327696634e-05,5.009050037481423e-05,4.9382270678712757e-05,5.157584944376543e-05,4.6776987539745786e-05,3.396840570560064e-05,9.885353793378997e-06,-2.1243166076614625e-05,-4.3127461310734616e-05,-6.79110947758976e-05,-7.01146521370992e-05,-8.344736940160031e-05,-9.548477991294782e-05,-9.096612619948876e-05,-0.0001103006379570716,-0.00011082614666145712,-0.00011213421903899276,-8.153594526314584e-05,-8.368484464816633e-05,-7.957645152735354e-05,-8.278799651614191e-05,-8.872182057216712e-05,-0.00010216309626183351,-0.00012381732825048942,-0.00013012406196297708,-0.00013893074387973277,-0.0001415239568878602,-0.00010626021755782789,-0.00010295640207196122,-9.269910094513353e-05,-2.929905714176846e-05,-9.48286858551053e-05,-9.908228689534121e-05,-8.732026796474415e-05,-8.011363463347171e-05,-7.569976222993464e-05,-8.715643311611868e-05,-8.757140194139219e-05,-7.429663886158051e-05,-6.542158725411817e-05,-6.943378551279074e-05,-7.05950446515815e-05,-5.83746648110223e-05,-4.408131931477673e-05,-4.0045943631870465e-05,-3.0118471423861836e-05,-2.056618122495634e-05,-1.2667472104518282e-05,-2.0711610651221285e-05,-1.5372807413737155e-05,3.610549412633653e-06,2.2793547965469993e-05,2.6032851797998303e-05,3.617024935760061e-05,4.709393811901794e-05,5.1390661601425684e-05,7.08660700787526e-05,6.81060109439909e-05,8.83197683531012e-05,0.00010290469530725986,0.00013381519834753893,0.00016247485147268925,0.0001908096085675191,0.00020319943048328838,0.0002115331524939932,0.0002249507090083702,0.00022740750606702772,0.0002305071652461724,0.00024636745524604534,0.00026290619720355983,0.0002650426462703348,0.0002728882557728686,0.0005500254434927379,0.9206193375,-0.0394070845833333,4.548830775,101083.78416666666,9.477138608333332e-06,0.5362499952316284,211.47999572753903,13.698749542236328,0.9214623610838896,0.2875640573859215,0.5524353131676196,0.8335557718385699,0.8660254037844386,0.5000000000000001
2022-03-06,0.00022951045179579844,0.00021280786053980966,0.0002066518597117185,0.00020505669291229727,0.00020271967478724864,0.00019106513349536,0.0001629109227939871,0.00013243092661529074,0.0001122314455929138,0.00011124232900819026,9.280765434639588e-05,7.337503247253339e-05,4.5309531291528414e-05,2.743618862402678e-05,1.842837259136841e-05,4.986625967251335e-06,-1.4266364733277948e-05,-1.4837491426645283e-05,-2.8471951169379898e-05,-2.7194168991915477e-05,-1.8565893887508754e-05,-2.295251630027847e-05,-9.817472647711711e-06,-1.6526582204589224e-06,1.8604100968047505e-05,3.458540431502111e-05,4.682127653114677e-05,5.613205335403732e-05,5.620261694807713e-05,5.5749008344518616e-05,5.8053838448312564e-05,5.187752618095845e-05,3.784041053228078e-05,1.21589328189877e-05,-1.9117837232655298e-05,-3.7275575401370666e-05,-6.0588518624830015e-05,-6.588132807622362e-05,-8.059343180008598e-05,-9.067278311518845e-05,-8.69208556864951e-05,-0.00010603950169524365,-0.00010606054471813545,-0.00010909101407937627,-8.169673128394353e-05,-8.314278992091766e-05,-7.712306729232216e-05,-7.930402931300826e-05,-8.59255604224332e-05,-9.923913295259032e-05,-0.00011993172100411331,-0.00012656871492197093,-0.00013407419352508916,-0.00013564346156956758,-0.00010425654909485146,-0.00010041252742464671,-8.899776318275186e-05,-3.253624636389724e-05,-9.23587653258089e-05,-9.993852041659104e-05,-8.879453583406718e-05,-8.110438265401087e-05,-7.674247893100735e-05,-8.905629734170997e-05,-8.996931427315301e-05,-7.551546167768718e-05,-6.613416453005229e-05,-7.224730437376384e-05,-7.27586018085337e-05,-6.121089186589569e-05,-4.888468900931897e-05,-4.420362324258116e-05,-3.3434919847015545e-05,-2.4008196855224895e-05,-1.814635293163081e-05,-2.3985110383385092e-05,-1.7267365032397026e-05,4.8537674097201015e-06,2.457463963581785e-05,2.9932670712382485e-05,3.969050365598828e-05,5.282093799654242e-05,5.6215057717431484e-05,7.524078990197791e-05,7.215731916799005e-05,9.318936421154334e-05,0.0001075554779008438,0.0001376126961158387,0.0001653993523770918,0.00019286422622988184,0.00020794246991109435,0.00021738584466812183,0.00023063339337119518,0.0002332657708378693,0.00023608839402472758,0.00025020436490850003,0.0002649392374886675,0.00026909987799030797,0.0002789051535214868,0.0005482075583743873,1.1267871841666668,-1.1270535745833332,5.070075829166666,100953.18479166667,2.7438004663333336e-05,0.7225000262260437,193.2675018310547,12.14875030517578,1.5937060953586502,0.5220062878966338,0.8996308696522433,0.436651231956064,1.0,6.123233995736766e-17
2022-04-06,0.00022997666792420242,0.00021342921562661566,0.00020822383542714844,0.00020739739296933964,0.0002041822261370812,0.00019316274915645622,0.00016347164694374848,0.00013230091131399482,0.00011304246435343371,0.00011496589230700646,9.790709881914598e-05,7.897013562258529e-05,4.850358651291262e-05,3.236131246207218e-05,2.178178315786239e-05,8.752387788079732e-06,-9.990654181253304e-06,-1.1098360437418554e-05,-2.410018432006361e-05,-2.3119571280214734e-05,-1.3967219401095789e-05,-1.6066546478127553e-05,-2.525031717926998e-06,6.328853061914169e-06,2.6272427049011617e-05,4.3885379534699666e-05,5.56207362671611e-05,6.2592673380378e-05,6.231473352134004e-05,6.211574601032448e-05,6.45318274528597e-05,5.697806482217111e-05,4.1712415358960926e-05,1.4432511844596404e-05,-1.699250838869597e-05,-3.14236894920067e-05,-5.326594247376243e-05,-6.164800401534802e-05,-7.773949419857167e-05,-8.586078631742905e-05,-8.287558517350143e-05,-0.0001017783654334157,-0.00010129494277481377,-0.00010604780911975978,-8.185751730474121e-05,-8.260073519366897e-05,-7.466968305729078e-05,-7.582006210987462e-05,-8.312930027269929e-05,-9.631516964334711e-05,-0.0001160461137577372,-0.00012301336788096476,-0.00012921764317044558,-0.000129762966251275,-0.00010225288063187504,-9.78686527773322e-05,-8.52964254203702e-05,-3.577343558602602e-05,-8.988884479651249e-05,-0.00010079475393784088,-9.026880370339023e-05,-8.209513067455004e-05,-7.778519563208005e-05,-9.095616156730126e-05,-9.236722660491383e-05,-7.673428449379384e-05,-6.684674180598642e-05,-7.506082323473693e-05,-7.492215896548589e-05,-6.404711892076908e-05,-5.368805870386121e-05,-4.836130285329185e-05,-3.675136827016926e-05,-2.7450212485493457e-05,-2.3625233758743334e-05,-2.7258610115548898e-05,-1.91619226510569e-05,6.09698540680655e-06,2.6355731306165704e-05,3.3832489626766666e-05,4.3210757954375954e-05,5.854793787406691e-05,6.10394538334373e-05,7.961550972520322e-05,7.620862739198919e-05,9.80589600699855e-05,0.00011220626049442773,0.0001414101938841385,0.00016832385328149435,0.0001949188438922446,0.00021268550933890032,0.00022323853684225046,0.00023631607773402018,0.0002391240356087109,0.00024166962280328276,0.0002540412745709548,0.00026697227777377526,0.00027315710971028117,0.00028492205127010503,0.0005463896732560367,0.7763633750333333,0.1821549729166666,4.323413816666666,101238.41666666669,0.0002417564397458,1.028749942779541,190.3699951171875,12.071249961853027,0.7974462516379519,1.058326444768909,0.9966589017541702,-0.0816763953304224,0.8660254037844387,-0.4999999999999998
2022-05-07,0.0002304428840526064,0.0002140505707134217,0.00020979581114257838,0.00020973809302638204,0.00020564477748691372,0.0001952603648175524,0.00016403237109350983,0.00013217089601269888,0.00011385348311395364,0.00011868945560582266,0.00010300654329189606,8.45652387726372e-05,5.169764173429682e-05,3.728643630011757e-05,2.5135193724356366e-05,1.251814960890813e-05,-5.714943629228663e-06,-7.359229448191826e-06,-1.9728417470747328e-05,-1.904497356851399e-05,-9.368544914682823e-06,-9.180576655976635e-06,4.767409211857715e-06,1.4310364344287254e-05,3.394075312997573e-05,5.318535475437822e-05,6.442019600317544e-05,6.90532934067187e-05,6.842685009460293e-05,6.848248367613034e-05,7.100981645740683e-05,6.207860346338378e-05,4.558442018564107e-05,1.6706090870205107e-05,-1.4867179544736644e-05,-2.5571803582642753e-05,-4.5943366322694845e-05,-5.7414679954472436e-05,-7.488555659705734e-05,-8.104878951966968e-05,-7.883031466050778e-05,-9.751722917158775e-05,-9.652934083149208e-05,-0.00010300460416014329,-8.20183033255389e-05,-8.205868046642028e-05,-7.221629882225939e-05,-7.233609490674097e-05,-8.033304012296538e-05,-9.339120633410392e-05,-0.0001121605065113611,-0.0001194580208399586,-0.000124361092815802,-0.00012388247093298238,-0.00010024921216889862,-9.532477813001767e-05,-8.159508765798853e-05,-3.9010624808154793e-05,-8.74189242672161e-05,-0.00010165098745909072,-9.174307157271326e-05,-8.30858786950892e-05,-7.882791233315276e-05,-9.285602579289253e-05,-9.476513893667466e-05,-7.79531073099005e-05,-6.755931908192053e-05,-7.787434209571002e-05,-7.708571612243808e-05,-6.688334597564248e-05,-5.849142839840345e-05,-5.251898246400254e-05,-4.006781669332296e-05,-3.089222811576201e-05,-2.910411458585586e-05,-3.0532109847712705e-05,-2.1056480269716774e-05,7.340203403892998e-06,2.8136822976513556e-05,3.773230854115085e-05,4.673101225276362e-05,6.42749377515914e-05,6.586384994944309e-05,8.399022954842854e-05,8.025993561598832e-05,0.00010292855592842764,0.00011685704308801166,0.0001452076916524383,0.0001712483541858969,0.00019697346155460739,0.0002174285487667063,0.00022909122901637908,0.00024199876209684518,0.0002449823003795525,0.0002472508515818379,0.0002578781842334095,0.00026900531805888295,0.00027721434143025437,0.0002909389490187232,0.0005445717881376862,4.057014483333333,-0.91943232375,7.018286754166667,100657.96854166668,0.0001528461771666,1.403749942779541,235.63624572753903,6.232500076293945,4.159894507788961,1.970513901853565,0.8165380514459161,-0.5772916165517272,0.4999999999999999,-0.8660254037844387
2022-06-07,0.0002309091001810104,0.0002146719258002277,0.00021136778685800829,0.00021207879308342444,0.00020710732883674627,0.00019735798047864863,0.00016459309524327118,0.00013204088071140294,0.00011466450187447356,0.00012241301890463885,0.00010810598776464614,9.01603419226891e-05,5.489169695568102e-05,4.221156013816298e-05,2.8488604290850346e-05,1.6283911429736526e-05,-1.439233077204019e-06,-3.6200984589650945e-06,-1.535665062143104e-05,-1.4970375856813243e-05,-4.769870428269854e-06,-2.294606833825718e-06,1.2059850141642428e-05,2.2291875626660345e-05,4.160907921093984e-05,6.248532997405677e-05,7.321965573918977e-05,7.551391343305938e-05,7.453896666786584e-05,7.48492213419362e-05,7.748780546195397e-05,6.717914210459643e-05,4.945642501232122e-05,1.897966989581381e-05,-1.2741850700777316e-05,-1.9719917673278796e-05,-3.862079017162726e-05,-5.3181355893596844e-05,-7.203161899554302e-05,-7.62367927219103e-05,-7.47850441475141e-05,-9.32560929097598e-05,-9.17637388881704e-05,-9.99613992005268e-05,-8.217908934633659e-05,-8.15166257391716e-05,-6.976291458722801e-05,-6.885212770360732e-05,-7.753677997323147e-05,-9.046724302486073e-05,-0.00010827489926498501,-0.00011590267379895245,-0.00011950454246115839,-0.00011800197561468978,-9.824554370592218e-05,-9.278090348270314e-05,-7.789374989560687e-05,-4.224781403028357e-05,-8.494900373791971e-05,-0.00010250722098034057,-9.321733944203629e-05,-8.407662671562838e-05,-7.987062903422547e-05,-9.475589001848382e-05,-9.716305126843549e-05,-7.917193012600716e-05,-6.827189635785465e-05,-8.068786095668311e-05,-7.924927327939029e-05,-6.971957303051587e-05,-6.329479809294569e-05,-5.667666207471324e-05,-4.338426511647667e-05,-3.4334243746030575e-05,-3.458299541296839e-05,-3.380560957987651e-05,-2.2951037888376645e-05,8.583421400979448e-06,2.9917914646861408e-05,4.163212745553503e-05,5.02512665511513e-05,7.000193762911589e-05,7.06882460654489e-05,8.836494937165385e-05,8.431124383998747e-05,0.00010779815178686979,0.00012150782568159558,0.0001490051894207381,0.00017417285509029943,0.00019902807921697016,0.00022217158819451226,0.0002349439211905077,0.00024768144645967015,0.0002508405651503941,0.00025283208036039307,0.0002617150938958642,0.00027103835834399063,0.00028127157315022757,0.00029695584676734147,0.0005427539030193355,3.0777816875,1.29864438625,7.143139733333334,100945.51854166666,0.0001606941225,1.3887499570846558,230.8562469482422,19.783750534057617,3.3405414767443,1.9286264433026328,0.4093559588156213,-0.9123747579707272,1.2246467991473532e-16,-1.0
2022-07-08,0.00023137531630941437,0.0002152932808870337,0.00021293976257343822,0.0002144194931404668,0.00020856988018657882,0.00019945559613974485,0.00016515381939303256,0.00013191086541010702,0.00011547552063499348,0.00012613658220345507,0.00011320543223739622,9.5755445072741e-05,5.808575217706522e-05,4.713668397620836e-05,3.1842014857344316e-05,2.004967325056492e-05,2.8364774748206183e-06,1.1903253026162994e-07,-1.0984883772114764e-05,-1.0895778145112504e-05,-1.7119594185689214e-07,4.5913629883251994e-06,1.9352291071427134e-05,3.0273386909033423e-05,4.927740529190394e-05,7.178530519373532e-05,8.201911547520411e-05,8.197453345940007e-05,8.065108324112872e-05,8.121595900774205e-05,8.396579446650109e-05,7.22796807458091e-05,5.3328429839001356e-05,2.1253248921422514e-05,-1.061652185681799e-05,-1.3868031763914846e-05,-3.129821402055968e-05,-4.894803183272126e-05,-6.91776813940287e-05,-7.142479592415093e-05,-7.073977363452046e-05,-8.899495664793186e-05,-8.699813694484873e-05,-9.691819424091033e-05,-8.233987536713427e-05,-8.097457101192291e-05,-6.730953035219664e-05,-6.536816050047369e-05,-7.474051982349755e-05,-8.754327971561754e-05,-0.00010438929201860891,-0.0001123473267579463,-0.00011464799210651481,-0.00011212148029639718,-9.624187524294576e-05,-9.023702883538862e-05,-7.41924121332252e-05,-4.548500325241235e-05,-8.247908320862331e-05,-0.00010336345450159041,-9.469160731135933e-05,-8.506737473616756e-05,-8.091334573529817e-05,-9.66557542440751e-05,-9.95609636001963e-05,-8.039075294211382e-05,-6.898447363378878e-05,-8.350137981765621e-05,-8.141283043634248e-05,-7.255580008538927e-05,-6.809816778748792e-05,-6.083434168542393e-05,-4.670071353963037e-05,-3.7776259376299124e-05,-4.006187624008091e-05,-3.707910931204032e-05,-2.4845595507036515e-05,9.826639398065895e-06,3.1699006317209264e-05,4.5531946369919206e-05,5.3771520849538965e-05,7.572893750664037e-05,7.55126421814547e-05,9.273966919487916e-05,8.83625520639866e-05,0.00011266774764531194,0.00012615860827517951,0.00015280268718903788,0.00017709735599470198,0.00020108269687933294,0.0002269146276223182,0.00024079661336463633,0.00025336413082249515,0.00025669882992123566,0.00025841330913894825,0.00026555200355831896,0.0002730713986290984,0.00028532880487020076,0.0003029727445159597,0.000540936017900985,5.6953887875,-1.8882484375,9.105113170833333,100897.460625,3.2047430741666666e-05,2.137500047683716,260.63873291015625,12.113750457763672,6.000244628554898,4.568906453847887,-0.1116590071216944,-0.993746580436178,-0.4999999999999997,-0.8660254037844388
2022-08-08,0.00023184153243781833,0.00021591463597383975,0.00021451173828886816,0.00021676019319750918,0.00021003243153641137,0.00020155321180084104,0.0001657145435427939,0.0001317808501088111,0.0001162865393955134,0.00012986014550227126,0.00011830487671014632,0.0001013505482227929,6.127980739844942e-05,5.2061807814253764e-05,3.51954254238383e-05,2.3815435071393322e-05,7.1121880268452625e-06,3.858163519488361e-06,-6.6131169227984755e-06,-6.821180433411757e-06,4.427478544556077e-06,1.1477332810476117e-05,2.6644732001211853e-05,3.8254898191406515e-05,5.694573137286806e-05,8.108528041341388e-05,9.081857521121844e-05,8.843515348574075e-05,8.676319981439163e-05,8.758269667354791e-05,9.044378347104823e-05,7.738021938702175e-05,5.72004346656815e-05,2.3526827947031218e-05,-8.491193012858663e-06,-8.016145854550889e-06,-2.397563786949209e-05,-4.471470777184567e-05,-6.632374379251439e-05,-6.661279912639154e-05,-6.669450312152679e-05,-8.473382038610392e-05,-8.223253500152704e-05,-9.387498928129384e-05,-8.250066138793196e-05,-8.043251628467424e-05,-6.485614611716526e-05,-6.188419329734003e-05,-7.194425967376364e-05,-8.461931640637435e-05,-0.00010050368477223281,-0.00010879197971694015,-0.00010979144175187121,-0.00010624098497810458,-9.423820677996933e-05,-8.769315418807411e-05,-7.049107437084352e-05,-4.872219247454113e-05,-8.00091626793269e-05,-0.00010421968802284024,-9.616587518068236e-05,-8.605812275670672e-05,-8.195606243637088e-05,-9.855561846966638e-05,-0.00010195887593195714,-8.160957575822049e-05,-6.96970509097229e-05,-8.63148986786293e-05,-8.357638759329467e-05,-7.539202714026267e-05,-7.290153748203017e-05,-6.499202129613463e-05,-5.001716196278408e-05,-4.1218275006567686e-05,-4.554075706719344e-05,-4.0352609044204124e-05,-2.674015312569639e-05,1.1069857395152345e-05,3.348009798755712e-05,4.943176528430339e-05,5.7291775147926645e-05,8.145593738416485e-05,8.033703829746051e-05,9.711438901810446e-05,9.241386028798574e-05,0.00011753734350375408,0.00013080939086876345,0.00015660018495733765,0.00018002185689910453,0.00020313731454169569,0.0002316576670501242,0.00024664930553876496,0.00025904681518532015,0.00026255709469207727,0.00026399453791750343,0.0002693889132207737,0.00027510443891420606,0.00028938603659017396,0.0003089896422645779,0.0005391181327826344,4.031228391666667,1.4528191775,8.145354020833333,100839.78958333336,7.953246391666666e-05,1.75,253.9225006103516,10.889999389648438,4.285030444266551,3.0625,-0.6016240632249227,-0.7987793728863648,-0.8660254037844385,-0.5000000000000004
2022-09-08,0.0002323077485662223,0.00021653599106064575,0.0002160837140042981,0.00021910089325455158,0.00021149498288624392,0.00020365082746193726,0.00016627526769255526,0.00013165083480751516,0.00011709755815603332,0.00013358370880108748,0.0001234043211828964,0.00010694565137284481,6.447386261983361e-05,5.698693165229916e-05,3.8548835990332275e-05,2.7581196892221716e-05,1.1387898578869907e-05,7.597294508715089e-06,-2.241350073482187e-06,-2.746582721711017e-06,9.026153030969039e-06,1.8363302632627034e-05,3.393717293099656e-05,4.6236409473779607e-05,6.461405745383217e-05,9.038525563309244e-05,9.961803494723279e-05,9.489577351208143e-05,9.287531638765454e-05,9.394943433935378e-05,9.692177247559537e-05,8.248075802823443e-05,6.107243949236165e-05,2.580040697263992e-05,-6.365864168899336e-06,-2.1642599451869254e-06,-1.665306171842451e-05,-4.0481383710970076e-05,-6.346980619100006e-05,-6.180080232863216e-05,-6.264923260853312e-05,-8.047268412427597e-05,-7.746693305820536e-05,-9.083178432167735e-05,-8.266144740872965e-05,-7.989046155742555e-05,-6.240276188213388e-05,-5.840022609420639e-05,-6.914799952402971e-05,-8.169535309713116e-05,-9.66180775258567e-05,-0.000105236632675934,-0.00010493489139722762,-0.00010036048965981199,-9.223453831699291e-05,-8.514927954075958e-05,-6.678973660846185e-05,-5.195938169666991e-05,-7.753924215003051e-05,-0.00010507592154409008,-9.764014305000539e-05,-8.704887077724589e-05,-8.299877913744359e-05,-0.00010045548269525767,-0.00010435678826371796,-8.282839857432715e-05,-7.040962818565701e-05,-8.91284175396024e-05,-8.573994475024688e-05,-7.822825419513606e-05,-7.770490717657241e-05,-6.914970090684532e-05,-5.33336103859378e-05,-4.466029063683625e-05,-5.101963789430596e-05,-4.362610877636793e-05,-2.863471074435626e-05,1.2313075392238793e-05,3.526118965790497e-05,5.333158419868757e-05,6.081202944631431e-05,8.718293726168934e-05,8.516143441346632e-05,0.00010148910884132979,9.646516851198489e-05,0.00012240693936219624,0.00013546017346234736,0.00016039768272563747,0.00018294635780350706,0.00020519193220405846,0.00023640070647793014,0.0002525019977128936,0.00026472949954814515,0.0002684153594629189,0.0002695757666960586,0.00027322582288322845,0.00027713747919931375,0.00029344326831014716,0.00031500654001319616,0.0005373002476642838,3.3052552708333334,1.138015744375,6.413677308333334,100984.135,0.0001001954075858,1.6200000047683716,236.7324981689453,14.350000381469728,3.495681942027466,2.624400015449524,-0.9242907221930934,-0.3816892202666586,-1.0,-1.8369701987210294e-16
2022-10-09,0.0002327739646946263,0.0002171573461474518,0.00021765568971972803,0.00022144159331159398,0.00021295753423607647,0.00020574844312303345,0.00016683599184231664,0.00013152081950621922,0.00011790857691655325,0.00013730727209990368,0.0001285037656556465,0.0001125407545228967,6.766791784121781e-05,6.191205549034455e-05,4.190224655682625e-05,3.134695871305011e-05,1.5663609130894544e-05,1.1336425497941817e-05,2.130416775834088e-06,1.3280149899897231e-06,1.3624827517382001e-05,2.524927245477795e-05,4.1229613860781266e-05,5.4217920756152685e-05,7.228238353479627e-05,9.968523085277099e-05,0.00010841749468324713,0.00010135639353842213,9.898743296091742e-05,0.00010031617200515963,0.00010339976148014248,8.758129666944708e-05,6.494444431904178e-05,2.8073985998248625e-05,-4.240535324940009e-06,3.6876259641770246e-06,-9.330485567356933e-06,-3.624805965009449e-05,-6.061586858948574e-05,-5.698880553087279e-05,-5.860396209553947e-05,-7.621154786244803e-05,-7.270133111488369e-05,-8.778857936206086e-05,-8.282223342952734e-05,-7.934840683017687e-05,-5.994937764710249e-05,-5.4916258891072745e-05,-6.635173937429581e-05,-7.877138978788797e-05,-9.27324702794806e-05,-0.00010168128563492785,-0.00010007834104258404,-9.447999434151937e-05,-9.023086985401649e-05,-8.260540489344505e-05,-6.308839884608019e-05,-5.5196570918798685e-05,-7.506932162073412e-05,-0.00010593215506533992,-9.911441091932843e-05,-8.803961879778505e-05,-8.404149583851629e-05,-0.00010235534692084895,-0.00010675470059547878,-8.404722139043381e-05,-7.112220546159114e-05,-9.19419364005755e-05,-8.790350190719907e-05,-8.106448125000944e-05,-8.250827687111465e-05,-7.330738051755602e-05,-5.665005880909149e-05,-4.81023062671048e-05,-5.6498518721418494e-05,-4.6899608508531737e-05,-3.052926836301613e-05,1.3556293389325242e-05,3.7042281328252824e-05,5.7231403113071747e-05,6.433228374470198e-05,9.290993713921382e-05,8.998583052947213e-05,0.00010586382866455509,0.00010051647673598403,0.00012727653522063838,0.0001401109560559313,0.00016419518049393724,0.0001858708587079096,0.00020724654986642124,0.0002411437459057361,0.0002583546898870222,0.00027041218391097015,0.00027427362423376045,0.00027515699547461374,0.00027706273254568314,0.0002791705194844215,0.00029750050003012036,0.00032102343776181435,0.0005354823625459333,2.8376153375000004,-0.3446089445833333,4.8982269625,100941.854375,8.529424583333333e-05,1.274999976158142,222.8975067138672,12.533750534057615,2.8584639456012177,1.625624939203263,-0.989932495087353,0.141540295217043,-0.8660254037844386,0.5000000000000001
2022-11-09,0.00023324018082303028,0.0002177787012342578,0.00021922766543515796,0.00022378229336863636,0.00021442008558590902,0.00020784605878412967,0.00016739671599207799,0.0001313908042049233,0.00011871959567707316,0.00014103083539871987,0.00013360321012839658,0.00011813585767294862,7.086197306260202e-05,6.683717932838994e-05,4.525565712332023e-05,3.511272053387851e-05,1.9939319682919185e-05,1.5075556487168546e-05,6.502183625150377e-06,5.402612701690471e-06,1.8223502003794967e-05,3.213524227692887e-05,4.8522054790565985e-05,6.219943203852578e-05,7.995070961576039e-05,0.00010898520607244954,0.00011721695441926146,0.00010781701356476281,0.00010509954953418033,0.0001066829096709655,0.00010987775048468963,9.268183531065974e-05,6.881644914572193e-05,3.0347565023857328e-05,-2.1152064809806823e-06,9.539511873540985e-06,-2.007909416289345e-06,-3.20147355892189e-05,-5.776193098797142e-05,-5.2176808733113406e-05,-5.4558691582545804e-05,-7.195041160062007e-05,-6.7935729171562e-05,-8.474537440244437e-05,-8.298301945032502e-05,-7.880635210292818e-05,-5.7495993412071114e-05,-5.14322916879391e-05,-6.355547922456189e-05,-7.584742647864478e-05,-8.88468630331045e-05,-9.812593859392169e-05,-9.522179068794044e-05,-8.859949902322678e-05,-8.822720139104006e-05,-8.006153024613054e-05,-5.938706108369852e-05,-5.8433760140927465e-05,-7.259940109143772e-05,-0.00010678838858658977,-0.00010058867878865146,-8.903036681832423e-05,-8.5084212539589e-05,-0.00010425521114644023,-0.0001091526129272396,-8.526604420654047e-05,-7.183478273752526e-05,-9.475545526154859e-05,-9.006705906415126e-05,-8.390070830488284e-05,-8.731164656565688e-05,-7.746506012826671e-05,-5.996650723224521e-05,-5.154432189737336e-05,-6.197739954853101e-05,-5.017310824069554e-05,-3.2423825981676005e-05,1.479951138641169e-05,3.882337299860068e-05,6.113122202745593e-05,6.785253804308966e-05,9.863693701673831e-05,9.481022664547793e-05,0.0001102385484877804,0.00010456778495998318,0.00013214613107908054,0.00014476173864951523,0.00016799267826223704,0.00018879535961231216,0.000209301167528784,0.0002458867853335421,0.00026420738206115086,0.00027609486827379515,0.00028013188900460206,0.0002807382242531689,0.0002808996422081379,0.0002812035597695292,0.00030155773175009356,0.0003270403355104326,0.0005336644774275827,0.0950272770833333,-0.6476446800000001,4.1597279125,101027.70354166666,0.0002347429581666,0.8412500023841858,209.21499633789065,15.633749961853027,0.6545791128062177,0.7077015665113926,-0.780295851070776,0.6254105729852457,-0.5000000000000004,0.8660254037844384
2022-12-09,0.0002348515759380747,0.00022291702264902216,0.00022321312348638192,0.00022629457480448153,0.0002169323222945612,0.0002097783232586075,0.000170597885833512,0.00013582240310638436,0.00012278622781436,0.0001417623002978813,0.0001319508322192883,0.00011604502765151123,7.029534379100715e-05,6.468742151099295e-05,4.427422558147893e-05,3.536613476409748e-05,2.0819220174382427e-05,1.6493965140502528e-05,8.75938151238464e-06,7.962405667137424e-06,2.2147482897478647e-05,3.6967011586806615e-05,5.331241726595511e-05,6.648577332433793e-05,8.337764213088954e-05,0.0001105126869174986,0.00011876153020807594,0.00011032949744458024,0.00010787076957923623,0.00010981411463649122,0.00011158983069966024,9.355652778970346e-05,6.975043329953929e-05,3.11211730720614e-05,-1.3204186125859112e-06,6.60320337917965e-06,-7.383468623812554e-06,-3.753797494626932e-05,-6.37730809348697e-05,-5.991295015539286e-05,-6.345560686624712e-05,-8.047560004591772e-05,-7.780770348845326e-05,-9.47570171690443e-05,-9.163018510338964e-05,-8.696635582764654e-05,-6.623056464381689e-05,-6.029680257832972e-05,-7.213432148961047e-05,-8.453073766263495e-05,-9.427594337617132e-05,-0.00010346544840413949,-0.00010126533684660034,-9.455992454244625e-05,-9.34541544122624e-05,-8.51465638788173e-05,-6.639891917767364e-05,-6.620663621643946e-05,-8.039386401973133e-05,-0.00011340863682235968,-0.00010749350233566399,-9.689392966527389e-05,-9.326051620004389e-05,-0.00011031344148946048,-0.00011343230427011318,-9.009754291369043e-05,-7.679956502389316e-05,-9.632849675558993e-05,-8.848346890830075e-05,-8.201026311399921e-05,-8.31938854236298e-05,-7.486573785422299e-05,-5.6689387110552224e-05,-4.9072848784179274e-05,-5.915165210266774e-05,-4.816961331545092e-05,-2.946415564556764e-05,1.7407094596977744e-05,4.118310508167085e-05,6.17973714605602e-05,6.889912613477937e-05,9.790088276297549e-05,9.495953913439282e-05,0.00011177369256103601,0.00010874044445289676,0.0001371255512027929,0.00015024053506954973,0.00017466295122250337,0.00019561463152559334,0.0002146715801772497,0.000249349468268,0.0002671143992299469,0.000279123814353834,0.00028341236198355335,0.00028428657657224765,0.00028564156518543686,0.0002871185796391701,0.00030791427009415587,0.0003341395778943639,0.0005347622406461748,1.9785391383333333,-1.2105204186490834,6.683323575,100766.83833333332,0.0001456538835125,1.3312499523162842,237.5562438964844,6.556250095367432,2.31947770109634,1.772226435542109,-0.3697245428906732,0.9291414114031744,-2.4492935982947064e-16,1.0
2023-01-08,0.00023646297105311907,0.0002280553440637865,0.0002271985815376059,0.0002288068562403267,0.0002194445590032134,0.00021171058773308534,0.00017379905567494597,0.00014025400200784544,0.00012685285995164678,0.00014249376519704268,0.00013029845431018004,0.00011395419763007385,6.97287145194123e-05,6.253766369359596e-05,4.329279403963763e-05,3.561954899431644e-05,2.169912066584567e-05,1.7912373793836508e-05,1.1016579399618906e-05,1.0522198632584378e-05,2.6071463791162323e-05,4.179878089668436e-05,5.8102779741344247e-05,7.077211461015008e-05,8.68045746460187e-05,0.00011204016776254766,0.0001203061059968904,0.00011284198132439768,0.00011064198962429213,0.00011294531960201694,0.00011330191091463084,9.443122026874716e-05,7.068441745335663e-05,3.189478112026547e-05,-5.256307441911402e-07,3.666894884818315e-06,-1.2759027831335765e-05,-4.3061214303319746e-05,-6.978423088176799e-05,-6.764909157767231e-05,-7.235252214994844e-05,-8.900078849121536e-05,-8.767967780534451e-05,-0.00010476865993564423,-0.00010027735075645425,-9.512635955236489e-05,-7.496513587556264e-05,-6.916131346872035e-05,-8.071316375465905e-05,-9.321404884662511e-05,-9.970502371923812e-05,-0.0001088049582143573,-0.00010730888300526024,-0.00010052035006166572,-9.868110743348476e-05,-9.023159751150406e-05,-7.341077727164875e-05,-7.397951229195146e-05,-8.818832694802493e-05,-0.00012002888505812958,-0.00011439832588267651,-0.00010475749251222355,-0.0001014368198604988,-0.00011637167183248075,-0.00011771199561298676,-9.492904162084041e-05,-8.176434731026106e-05,-9.790153824963126e-05,-8.689987875245025e-05,-8.011981792311559e-05,-7.907612428160274e-05,-7.226641558017927e-05,-5.341226698885923e-05,-4.660137567098518e-05,-5.6325904656804465e-05,-4.6166118390206294e-05,-2.6504485309459278e-05,2.00146778075438e-05,4.3542837164741024e-05,6.246352089366448e-05,6.994571422646909e-05,9.716482850921267e-05,9.51088516233077e-05,0.00011330883663429161,0.00011291310394581034,0.00014210497132650522,0.00015571933148958425,0.00018133322418276973,0.00020243390343887448,0.00022004199282571544,0.0002528121512024579,0.0002700214163987429,0.00028215276043387286,0.0002866928349625047,0.0002878349288913264,0.0002903834881627359,0.00029303359950881103,0.00031427080843821824,0.0003412388202782951,0.000535860003864767,-0.4879086833333333,-1.54467709225,3.672044275,101206.92958333332,6.447235758583334e-05,0.8050000071525574,218.0812530517578,14.69499969482422,1.6199019114112996,0.6480250115156174,0.1372787721132647,0.9905324521322229,0.4999999999999999,0.8660254037844387
2023-02-07,0.00023807436616816348,0.00023319366547855087,0.00023118403958882986,0.00023131913767617188,0.0002219567957118656,0.00021364285220756317,0.00017700022551637998,0.0001446856009093065,0.0001309194920889336,0.0001432252300962041,0.00012864607640107175,0.00011186336760863645,6.916208524781743e-05,6.038790587619897e-05,4.231136249779632e-05,3.58729632245354e-05,2.2579021157308912e-05,1.9330782447170487e-05,1.3273777286853171e-05,1.3081991598031332e-05,2.9995444684846e-05,4.663055020656211e-05,6.289314221673338e-05,7.505845589596223e-05,9.023150716114785e-05,0.00011356764860759673,0.00012185068178570489,0.0001153544652042151,0.00011341320966934803,0.00011607652456754265,0.00011501399112960145,9.530591274779088e-05,7.1618401607174e-05,3.2668389168469544e-05,2.6915712420363075e-07,7.305863904569804e-07,-1.8134587038858973e-05,-4.858445366037017e-05,-7.579538082866628e-05,-7.538523299995175e-05,-8.124943743364975e-05,-9.752597693651302e-05,-9.755165212223577e-05,-0.00011478030270224417,-0.00010892451640951887,-0.00010328636327708326,-8.369970710730842e-05,-7.802582435911097e-05,-8.929200601970765e-05,-0.00010189736003061528,-0.00010513410406230493,-0.0001141444680245751,-0.00011335242916392014,-0.00010648077558088518,-0.0001039080604547071,-9.531663114419083e-05,-8.042263536562387e-05,-8.175238836746347e-05,-9.598278987631854e-05,-0.0001266491332938995,-0.00012130314942968905,-0.00011262105535917321,-0.00010961312352095369,-0.00012242990217550102,-0.00012199168695586034,-9.976054032799039e-05,-8.672912959662896e-05,-9.94745797436726e-05,-8.531628859659974e-05,-7.822937273223196e-05,-7.495836313957566e-05,-6.966709330613555e-05,-5.013514686716625e-05,-4.412990255779109e-05,-5.3500157210941184e-05,-4.416262346496167e-05,-2.3544814973350913e-05,2.2622261018109858e-05,4.5902569247811197e-05,6.312967032676875e-05,7.09923023181588e-05,9.642877425544984e-05,9.525816411222259e-05,0.00011484398070754722,0.00011708576343872391,0.00014708439145021758,0.00016119812790961875,0.00018800349714303606,0.00020925317535215566,0.00022541240547418114,0.0002562748341369158,0.00027292843356753894,0.0002851817065139117,0.000289973307941456,0.0002913832812104051,0.00029512541114003486,0.000298948619378452,0.00032062734678228055,0.0003483380626622264,0.0005369577670833591,0.1316649164999999,0.2942555767499999,3.583265933333333,100995.994375,0.000112911064825,0.7862499952316284,207.9237518310547,13.452499389648438,0.3223693451391231,0.6181890550017357,0.6084768701151261,0.7935716089521474,0.8660254037844386,0.5000000000000001
2023-03-09,0.00023968576128320787,0.00023833198689331522,0.0002351694976400538,0.00023383141911201706,0.0002244690324205178,0.000215575116682041,0.00018020139535781396,0.00014911719981076758,0.0001349861242262204,0.0001439566949953655,0.00012699369849196348,0.00010977253758719906,6.859545597622256e-05,5.8238148058801974e-05,4.132993095595502e-05,3.612637745475437e-05,2.3458921648772158e-05,2.0749191100504467e-05,1.5530975174087435e-05,1.5641784563478283e-05,3.391942557852968e-05,5.146231951643985e-05,6.768350469212251e-05,7.934479718177437e-05,9.3658439676277e-05,0.0001150951294526458,0.00012339525757451935,0.00011786694908403253,0.00011618442971440392,0.00011920772953306837,0.00011672607134457206,9.618060522683458e-05,7.255238576099135e-05,3.344199721667362e-05,1.063944992598402e-06,-2.2057221039043544e-06,-2.3510146246382182e-05,-5.410769301742059e-05,-8.180653077556455e-05,-8.312137442223121e-05,-9.014635271735107e-05,-0.00010605116538181067,-0.00010742362643912702,-0.0001247919454688441,-0.00011757168206258349,-0.0001114463670018016,-9.243427833905417e-05,-8.68903352495016e-05,-9.787084828475624e-05,-0.00011058067121460545,-0.00011056318440537174,-0.00011948397783479291,-0.00011939597532258003,-0.00011244120110010466,-0.00010913501347592946,-0.00010040166477687759,-8.743449345959898e-05,-8.952526444297546e-05,-0.00010377725280461214,-0.0001332693815296694,-0.00012820797297670157,-0.00012048461820612287,-0.00011778942718140858,-0.00012848813251852126,-0.00012627137829873393,-0.00010459203903514036,-9.169391188299686e-05,-0.00010104762123771392,-8.373269844074922e-05,-7.633892754134832e-05,-7.084060199754859e-05,-6.706777103209182e-05,-4.685802674547326e-05,-4.1658429444597e-05,-5.067440976507791e-05,-4.215912853971705e-05,-2.0585144637242552e-05,2.522984422867591e-05,4.826230133088137e-05,6.379581975987304e-05,7.20388904098485e-05,9.569272000168702e-05,9.540747660113748e-05,0.00011637912478080283,0.00012125842293163749,0.0001520638115739299,0.00016667692432965325,0.00019467377010330241,0.0002160724472654368,0.00023078281812264687,0.00025973751707137374,0.0002758354507363349,0.0002882106525939505,0.00029325378092040727,0.0002949316335294838,0.00029986733411733384,0.00030486363924809293,0.00032698388512634286,0.0003554373050461576,0.0005380555303019513,0.5633818268333334,0.66972796125,3.807738175,101079.72895833332,4.049142233583333e-05,0.8050000071525574,209.34249877929688,13.710000038146973,0.8751769106221585,0.6480250115156174,0.9209712877166346,0.3896304495307879,1.0,6.123233995736766e-17
2023-04-08,0.00024129715639825228,0.00024347030830807959,0.00023915495569127776,0.00023634370054786223,0.00022698126912917,0.00021750738115651884,0.00018340256519924796,0.00015354879871222864,0.00013905275636350722,0.00014468815989452692,0.00012534132058285522,0.00010768170756576168,6.80288267046277e-05,5.608839024140498e-05,4.034849941411372e-05,3.6379791684973334e-05,2.4338822140235396e-05,2.216759975383845e-05,1.77881730613217e-05,1.8201577528925237e-05,3.784340647221336e-05,5.62940888263176e-05,7.247386716751163e-05,8.363113846758652e-05,9.708537219140615e-05,0.00011662261029769486,0.00012493983336333384,0.00012037943296384996,0.00011895564975945982,0.0001223389344985941,0.00011843815155954266,9.70552977058783e-05,7.348636991480871e-05,3.421560526487769e-05,1.8587328609931722e-06,-5.1420305982656874e-06,-2.888570545390539e-05,-5.963093237447101e-05,-8.781768072246284e-05,-9.085751584451065e-05,-9.904326800105239e-05,-0.00011457635382710831,-0.00011729560075601828,-0.00013480358823544404,-0.0001262188477156481,-0.00011960637072651996,-0.00010116884957079995,-9.575484613989222e-05,-0.00010644969054980482,-0.00011926398239859562,-0.00011599226474843854,-0.00012482348764501072,-0.00012543952148123992,-0.00011840162661932413,-0.0001143619664971518,-0.00010548669840956435,-9.44463515535741e-05,-9.729814051848746e-05,-0.00011157171573290576,-0.00013988962976543932,-0.00013511279652371412,-0.00012834818105307252,-0.00012596573084186347,-0.00013454636286154152,-0.0001305510696416075,-0.00010942353774229032,-9.665869416936477e-05,-0.00010262066273175526,-8.214910828489872e-05,-7.44484823504647e-05,-6.672284085552151e-05,-6.446844875804809e-05,-4.3580906623780275e-05,-3.918695633140292e-05,-4.7848662319214636e-05,-4.0155633614472424e-05,-1.7625474301134187e-05,2.7837427439241965e-05,5.062203341395154e-05,6.446196919297732e-05,7.308547850153822e-05,9.49566657479242e-05,9.555678909005236e-05,0.00011791426885405844,0.00012543108242455106,0.00015704323169764227,0.00017215572074968778,0.00020134404306356874,0.00022289171917871795,0.00023615323077111257,0.00026320020000583167,0.00027874246790513094,0.0002912395986739894,0.00029653425389935856,0.00029847998584856255,0.0003046092570946328,0.00031077865911773386,0.00033334042347040523,0.0003625365474300889,0.0005391532935205434,-0.2741654722916666,-0.0636285095833333,3.7410330333333337,101280.05916666666,0.0003104209881958,0.8650000095367432,198.62124633789065,15.693750381469728,0.2814521156941425,0.7482250164985658,0.9932568492674144,-0.1159345995955004,0.8660254037844387,-0.4999999999999998
2023-05-08,0.0002429085515132967,0.00024860862972284395,0.00024314041374250175,0.0002388559819837074,0.0002294935058378222,0.00021943964563099667,0.00018660373504068194,0.00015798039761368972,0.00014311938850079402,0.00014541962479368834,0.00012368894267374695,0.00010559087754432429,6.746219743303284e-05,5.393863242400799e-05,3.936706787227242e-05,3.663320591519229e-05,2.5218722631698642e-05,2.358600840717243e-05,2.0045370948555966e-05,2.076137049437219e-05,4.176738736589704e-05,6.112585813619534e-05,7.726422964290076e-05,8.791747975339868e-05,0.0001005123047065353,0.00011815009114274393,0.0001264844091521483,0.0001228919168436674,0.00012172686980451572,0.0001254701394641198,0.00012015023177451327,9.792999018492202e-05,7.442035406862606e-05,3.498921331308176e-05,2.653520729387944e-06,-8.078339092627024e-06,-3.4261264661428606e-05,-6.515417173152144e-05,-9.382883066936113e-05,-9.85936572667901e-05,-0.00010794018328475371,-0.00012310154227240596,-0.00012716757507290954,-0.00014481523100204395,-0.00013486601336871275,-0.00012776637445123832,-0.0001099034208025457,-0.00010461935703028286,-0.00011502853281485342,-0.00012794729358258579,-0.00012142134509150537,-0.00013016299745522854,-0.0001314830676398998,-0.0001243620521385436,-0.00011958891951837416,-0.00011057173204225111,-0.00010145820964754922,-0.00010507101659399946,-0.00011936617866119937,-0.00014650987800120922,-0.00014201762007072665,-0.0001362117439000222,-0.0001341420345023184,-0.0001406045932045618,-0.00013483076098448109,-0.0001142550364494403,-0.00010162347645573267,-0.0001041937042257966,-8.056551812904821e-05,-7.255803715958107e-05,-6.260507971349443e-05,-6.186912648400437e-05,-4.0303786502087284e-05,-3.6715483218208824e-05,-4.5022914873351356e-05,-3.8152138689227796e-05,-1.4665803965025822e-05,3.0445010649808022e-05,5.2981765497021714e-05,6.512811862608159e-05,7.413206659322794e-05,9.422061149416138e-05,9.570610157896725e-05,0.00011944941292731405,0.00012960374191746464,0.00016202265182135462,0.00017763451716972228,0.0002080143160238351,0.00022971099109199913,0.0002415236434195783,0.00026666288294028954,0.00028164948507392696,0.0002942685447540282,0.0002998147268783099,0.00030202833816764127,0.00030935118007193184,0.0003166936789873748,0.00033969696181446754,0.0003696357898140201,0.0005402510567391356,3.2959416625,-0.286654152,6.483790854166667,100772.200625,0.0003757278124999,1.3487499952316284,228.71124267578125,11.422499656677246,3.3083836001077787,1.8191265496373177,0.8064799463209448,-0.5912614448635781,0.4999999999999999,-0.8660254037844387
2023-06-07,0.0002445199466283411,0.0002537469511376083,0.0002471258717937257,0.0002413682634195526,0.00023200574254647442,0.00022137191010547454,0.00018980490488211595,0.00016241199651515078,0.00014718602063808084,0.00014615108969284974,0.00012203656476463867,0.00010350004752288689,6.689556816143797e-05,5.1788874606611e-05,3.838563633043112e-05,3.688662014541126e-05,2.6098623123161885e-05,2.500441706050641e-05,2.230256883579023e-05,2.3321163459819142e-05,4.5691368259580714e-05,6.595762744607309e-05,8.205459211828989e-05,9.220382103921082e-05,0.00010393923722166445,0.00011967757198779299,0.00012802898494096278,0.00012540440072348482,0.00012449808984957162,0.00012860134442964553,0.00012186231198948388,9.880468266396572e-05,7.535433822244342e-05,3.576282136128583e-05,3.4483085977827146e-06,-1.1014647586988357e-05,-3.963682386895182e-05,-7.067741108857185e-05,-9.983998061625942e-05,-0.00010632979868906956,-0.00011683709856845503,-0.0001316267307177036,-0.00013703954938980078,-0.0001548268737686439,-0.00014351317902177733,-0.00013592637817595667,-0.00011863799203429147,-0.00011348386792067348,-0.000123607375079902,-0.00013663060476657595,-0.00012685042543457217,-0.00013550250726544635,-0.00013752661379855973,-0.00013032247765776308,-0.0001248158725395965,-0.00011565676567493787,-0.00010847006774152433,-0.00011284389266951146,-0.00012716064158949298,-0.00015313012623697911,-0.00014892244361773918,-0.00014407530674697186,-0.00014231833816277328,-0.00014666282354758206,-0.00013911045232735468,-0.00011908653515659028,-0.00010658825874210057,-0.00010576674571983793,-7.89819279731977e-05,-7.066759196869744e-05,-5.848731857146737e-05,-5.926980420996065e-05,-3.70266663803943e-05,-3.424401010501473e-05,-4.219716742748808e-05,-3.6148643763983175e-05,-1.1706133628917457e-05,3.305259386037408e-05,5.5341497580091887e-05,6.579426805918587e-05,7.517865468491765e-05,9.348455724039856e-05,9.585541406788214e-05,0.00012098455700056964,0.00013377640141037822,0.00016700207194506695,0.00018311331358975678,0.00021468458898410143,0.0002365302630052803,0.000246894056068044,0.00027012556587474747,0.000284556502242723,0.00029729749083406704,0.0003030951998572612,0.00030557669048672,0.0003140931030492308,0.0003226086988570157,0.00034605350015852986,0.0003767350321979514,0.0005413488199577277,4.81723595,0.5434761030125,9.3541565125,100965.65604166668,0.0009427865395833,1.6987500190734863,239.53375244140625,13.028749465942385,4.847796249072155,2.88575162730217,0.4093559588156213,-0.9123747579707272,1.2246467991473532e-16,-1.0
2023-07-08,0.00024613134174338545,0.00025888527255237264,0.0002511113298449497,0.00024388054485539775,0.0002345179792551266,0.00022330417457995234,0.00019300607472354993,0.00016684359541661186,0.00015125265277536764,0.00014688255459201116,0.0001203841868555304,0.00010140921750144951,6.63289388898431e-05,4.9639116789214005e-05,3.740420478858982e-05,3.7140034375630225e-05,2.6978523614625127e-05,2.642282571384039e-05,2.4559766723024493e-05,2.5880956425266096e-05,4.96153491532644e-05,7.078939675595084e-05,8.684495459367902e-05,9.649016232502296e-05,0.0001073661697367936,0.00012120505283284205,0.00012957356072977727,0.00012791688460330226,0.00012726930989462751,0.00013173254939517125,0.00012357439220445448,9.967937514300944e-05,7.628832237626078e-05,3.6536429409489904e-05,4.243096466177486e-06,-1.3950956081349693e-05,-4.501238307647502e-05,-7.620065044562229e-05,-0.00010585113056315771,-0.00011406594011134901,-0.00012573401385215633,-0.00014015191916300125,-0.00014691152370669206,-0.00016483851653524383,-0.00015216034467484198,-0.000144086381900675,-0.00012737256326603722,-0.0001223483788110641,-0.0001321862173449506,-0.00014531391595056612,-0.00013227950577763897,-0.00014084201707566414,-0.00014357015995721963,-0.00013628290317698255,-0.00013004282556081884,-0.00012074179930762465,-0.00011548192583549944,-0.00012061676874502346,-0.0001349551045177866,-0.00015975037447274904,-0.0001558272671647517,-0.0001519388695939215,-0.00015049464182322818,-0.0001527210538906023,-0.00014339014367022824,-0.00012391803386374025,-0.00011155304102846847,-0.00010733978721387927,-7.73983378173472e-05,-6.877714677781382e-05,-5.436955742944029e-05,-5.6670481935916926e-05,-3.374954625870131e-05,-3.1772536991820646e-05,-3.937141998162481e-05,-3.4145148838738554e-05,-8.746463292809095e-06,3.566017707094013e-05,5.770122966316206e-05,6.646041749229014e-05,7.622524277660737e-05,9.274850298663573e-05,9.600472655679701e-05,0.00012251970107382524,0.0001379490609032918,0.0001719814920687793,0.0001885921100097913,0.0002213548619443678,0.00024334953491856145,0.0002522644687165097,0.0002735882488092054,0.000287463519411519,0.0003003264369141059,0.0003063756728362125,0.0003091250428057988,0.0003188350260265298,0.0003285237187266567,0.0003524100385025922,0.0003838342745818826,0.0005424465831763199,3.219559991666667,-1.2212886870833335,6.793034695833334,101131.94770833332,0.0001198848097958,1.838750004768372,245.66876220703125,13.737500190734863,3.443415832736209,3.3810015800356865,-0.1116590071216944,-0.993746580436178,-0.4999999999999997,-0.8660254037844388
2023-08-07,0.00024774273685842986,0.000264023593967137,0.0002550967878961736,0.00024639282629124296,0.00023703021596377881,0.0002252364390544302,0.00019620724456498393,0.00017127519431807292,0.00015531928491265446,0.00014761401949117255,0.00011873180894642212,9.931838748001212e-05,6.576230961824823e-05,4.748935897181701e-05,3.6422773246748516e-05,3.739344860584919e-05,2.785842410608837e-05,2.784123436717437e-05,2.6816964610258757e-05,2.8440749390713047e-05,5.353933004694807e-05,7.562116606582858e-05,9.163531706906814e-05,0.00010077650361083512,0.00011079310225192276,0.00012273253367789112,0.00013111813651859173,0.0001304293684831197,0.0001300405299396834,0.00013486375436069694,0.0001252864724194251,0.00010055406762205314,7.722230653007814e-05,3.731003745769398e-05,5.037884334572257e-06,-1.6887264575711027e-05,-5.0387942283998235e-05,-8.17238898026727e-05,-0.00011186228051005599,-0.00012180208153362845,-0.00013463092913585767,-0.0001486771076082989,-0.0001567834980235833,-0.00017485015930184374,-0.00016080751032790657,-0.00015224638562539339,-0.000136107134497783,-0.00013121288970145472,-0.00014076505960999917,-0.0001539972271345563,-0.0001377085861207058,-0.00014618152688588196,-0.00014961370611587952,-0.000142243328696202,-0.00013526977858204121,-0.0001258268329403114,-0.00012249378392947455,-0.00012838964482053545,-0.00014274956744608018,-0.00016637062270851894,-0.00016273209071176423,-0.00015980243244087116,-0.00015867094548368307,-0.00015877928423362257,-0.0001476698350131018,-0.00012874953257089022,-0.00011651782331483637,-0.00010891282870792061,-7.581474766149668e-05,-6.688670158693018e-05,-5.0251796287413215e-05,-5.4071159661873205e-05,-3.0472426137008326e-05,-2.930106387862656e-05,-3.6545672535761534e-05,-3.2141653913493926e-05,-5.7867929567007305e-06,3.8267760281506186e-05,6.006096174623223e-05,6.712656692539441e-05,7.727183086829708e-05,9.201244873287291e-05,9.61540390457119e-05,0.00012405484514708086,0.00014212172039620538,0.00017696091219249164,0.0001940709064298258,0.00022802513490463412,0.0002501688068318426,0.00025763488136497543,0.00027705093174366333,0.00029037053658031504,0.00030335538299414475,0.00030965614581516377,0.0003126733951248775,0.00032357694900382876,0.0003344387385962976,0.00035876657684665454,0.0003909335169658139,0.000543544346394912,3.9926344625,0.211436589875,7.355004254166666,101031.50479166668,0.0001223683354166,1.8537499904632568,247.2375030517578,11.854999542236328,3.998229030793588,3.436389027142525,-0.5877852522924734,-0.8090169943749472,-0.8660254037844385,-0.5000000000000004
2023-09-06,0.0002493541319734743,0.0002691619153819014,0.0002590822459473976,0.0002489051077270881,0.000239542452672431,0.00022716870352890804,0.0001994084144064179,0.00017570679321953398,0.00015938591704994125,0.00014834548439033397,0.00011707943103731386,9.722755745857474e-05,6.519568034665338e-05,4.533960115442002e-05,3.544134170490722e-05,3.764686283606815e-05,2.873832459755161e-05,2.9259643020508353e-05,2.907416249749302e-05,3.1000542356160004e-05,5.746331094063175e-05,8.045293537570633e-05,9.642567954445728e-05,0.00010506284489664727,0.00011422003476705191,0.00012426001452294018,0.0001326627123074062,0.0001329418523629371,0.0001328117499847393,0.0001379949593262227,0.0001269985526343957,0.00010142876010109686,7.815629068389548e-05,3.808364550589805e-05,5.832672202967027e-06,-1.982357307007236e-05,-5.576350149152144e-05,-8.724712915972312e-05,-0.00011787343045695426,-0.00012953822295590792,-0.00014352784441955897,-0.00015720229605359654,-0.00016665547234047455,-0.0001848618020684437,-0.0001694546759809712,-0.00016040638935011176,-0.00014484170572952876,-0.00014007740059184535,-0.00014934390187504776,-0.00016268053831854646,-0.0001431376664637726,-0.00015152103669609977,-0.0001556572522745394,-0.00014820375421542147,-0.00014049673160326356,-0.00013091186657299817,-0.00012950564202344968,-0.00013616252089604746,-0.0001505440303743738,-0.00017299087094428884,-0.00016963691425877676,-0.00016766599528782083,-0.00016684724914413796,-0.00016483751457664283,-0.0001519495263559754,-0.00013358103127804018,-0.00012148260560120428,-0.00011048587020196193,-7.423115750564618e-05,-6.499625639604656e-05,-4.613403514538614e-05,-5.147183738782948e-05,-2.7195306015315342e-05,-2.682959076543247e-05,-3.371992508989826e-05,-3.0138158988249305e-05,-2.827122620592369e-06,4.0875343492072246e-05,6.24206938293024e-05,6.779271635849869e-05,7.83184189599868e-05,9.127639447911009e-05,9.630335153462678e-05,0.00012558998922033646,0.00014629437988911896,0.000181940332316204,0.0001995497028498603,0.00023469540786490048,0.0002569880787451238,0.00026300529401344116,0.0002805136146781212,0.00029327755374911106,0.0003063843290741836,0.0003129366187941151,0.0003162217474439562,0.0003283188719811278,0.00034035375846593855,0.00036512311519071685,0.0003980327593497451,0.0005446421096135042,3.1245041,2.786465975,8.108381383333333,101024.05208333331,0.0007116595895833,1.7137500047683716,214.0375061035156,15.46875,4.186516272600587,2.9369390788435936,-0.9106046300942162,-0.4132786077829044,-1.0,-1.8369701987210294e-16
2023-10-06,0.0002509655270885187,0.0002743002367966657,0.0002630677039986215,0.0002514173891629333,0.0002420546893810832,0.00022910096800338588,0.00020260958424785192,0.00018013839212099506,0.00016345254918722808,0.0001490769492894954,0.00011542705312820559,9.513672743713735e-05,6.462905107505851e-05,4.318984333702303e-05,3.445991016306592e-05,3.7900277066287115e-05,2.9618225089014857e-05,3.067805167384233e-05,3.1331360384727284e-05,3.356033532160695e-05,6.138729183431542e-05,8.528470468558406e-05,0.00010121604201984641,0.00010934918618245941,0.00011764696728218106,0.00012578749536798923,0.0001342072880962207,0.00013545433624275453,0.0001355829700297952,0.00014112616429174838,0.00012871063284936631,0.00010230345258014056,7.909027483771284e-05,3.885725355410212e-05,6.6274600713617984e-06,-2.2759881564433696e-05,-6.113906069904465e-05,-9.277036851677354e-05,-0.00012388458040385255,-0.00013727436437818735,-0.00015242475970326028,-0.0001657274844988942,-0.00017652744665736582,-0.0001948734448350436,-0.0001781018416340358,-0.0001685663930748301,-0.00015357627696127452,-0.00014894191148223597,-0.00015792274414009634,-0.00017136384950253663,-0.0001485667468068394,-0.00015686054650631756,-0.0001617007984331993,-0.00015416417973464094,-0.0001457236846244859,-0.00013599690020568494,-0.00013651750011742478,-0.00014393539697155945,-0.00015833849330266738,-0.00017961111918005876,-0.00017654173780578929,-0.0001755295581347705,-0.00017502355280459285,-0.00017089574491966307,-0.000156229217698849,-0.00013841252998519018,-0.00012644738788757218,-0.00011205891169600328,-7.264756734979567e-05,-6.310581120516292e-05,-4.201627400335907e-05,-4.887251511378576e-05,-2.391818589362235e-05,-2.435811765223838e-05,-3.089417764403498e-05,-2.8134664063004684e-05,1.3254771551599254e-07,4.348292670263829e-05,6.478042591237258e-05,6.845886579160296e-05,7.936500705167651e-05,9.054034022534727e-05,9.645266402354167e-05,0.00012712513329359205,0.00015046703938203251,0.00018691975243991633,0.0002050284992698948,0.0002413656808251668,0.00026380735065840495,0.00026837570666190684,0.00028397629761257913,0.00029618457091790703,0.00030941327515422246,0.0003162170917730664,0.00031977009976303495,0.00033306079495842676,0.00034626877833557947,0.0003714796535347792,0.0004051320017336764,0.0005457398728320963,2.333074575,1.7112096083333332,6.066194983333333,101024.73916666668,0.0011021097529166,1.2699999809265137,209.96749877929688,14.751250267028809,2.893350185539896,1.612899951553345,-0.9959189961471792,0.0902516100310407,-0.8660254037844386,0.5000000000000001
2023-11-05,0.0002525769222035631,0.00027943855821143006,0.0002670531620498455,0.00025392967059877845,0.0002445669260897354,0.0002310332324778637,0.00020581075408928592,0.00018456999102245614,0.0001675191813245149,0.0001498084141886568,0.00011377467521909731,9.304589741569995e-05,6.406242180346364e-05,4.1040085519626035e-05,3.347847862122461e-05,3.815369129650608e-05,3.04981255804781e-05,3.209646032717631e-05,3.3588558271961555e-05,3.612012828705391e-05,6.53112727279991e-05,9.011647399546182e-05,0.00010600640449523555,0.00011363552746827157,0.00012107389979731021,0.0001273149762130383,0.00013575186388503516,0.00013796682012257196,0.0001383541900748511,0.00014425736925727413,0.0001304227130643369,0.00010317814505918428,8.00242589915302e-05,3.9630861602306196e-05,7.42224793975657e-06,-2.5696190058795033e-05,-6.651461990656786e-05,-9.829360787382397e-05,-0.00012989573035075084,-0.00014501050580046683,-0.0001613216749869616,-0.00017425267294419186,-0.00018639942097425707,-0.00020488508760164358,-0.00018674900728710044,-0.00017672639679954845,-0.0001623108481930203,-0.0001578064223726266,-0.00016650158640514495,-0.0001800471606865268,-0.00015399582714990622,-0.00016220005631653538,-0.00016774434459185922,-0.00016012460525386042,-0.00015095063764570827,-0.0001410819338383717,-0.0001435293582113999,-0.00015170827304707146,-0.00016613295623096102,-0.00018623136741582866,-0.00018344656135280184,-0.00018339312098172015,-0.00018319985646504775,-0.00017695397526268334,-0.00016050890904172255,-0.00014324402869234014,-0.00013141217017394007,-0.0001136319531900446,-7.106397719394515e-05,-6.12153660142793e-05,-3.789851286133199e-05,-4.6273192839742034e-05,-2.064106577192936e-05,-2.188664453904429e-05,-2.8068430198171706e-05,-2.6131169137760056e-05,3.092218051624361e-06,4.6090509913204354e-05,6.714015799544275e-05,6.912501522470725e-05,8.041159514336622e-05,8.980428597158445e-05,9.660197651245655e-05,0.00012866027736684767,0.00015463969887494612,0.00019189917256362868,0.00021050729568992932,0.0002480359537854332,0.0002706266225716861,0.00027374611931037257,0.00028743898054703706,0.00029909158808670306,0.0003124422212342613,0.0003194975647520177,0.00032331845208211367,0.00033780271793572574,0.0003521837982052204,0.00037783619187884153,0.00041223124411760763,0.0005468376360506885,-0.077765149875,-0.00137901875,3.8797561291666662,101131.28354166668,0.0002827048325583,0.675000011920929,180.3287506103516,8.166250228881836,0.0777773760665276,0.4556250160932542,-0.8214765533024145,0.5702422926917867,-0.5000000000000004,0.8660254037844384
2023-12-05,0.00025418831731860745,0.0002845768796261944,0.0002710386201010695,0.00025644195203462365,0.0002470791627983876,0.00023296549695234154,0.0002090119239307199,0.0001890015899239172,0.0001715858134618017,0.0001505398790878182,0.00011212229730998904,9.095506739426256e-05,6.349579253186877e-05,3.889032770222904e-05,3.249704707938331e-05,3.840710552672505e-05,3.137802607194134e-05,3.3514868980510295e-05,3.584575615919582e-05,3.867992125250086e-05,6.923525362168279e-05,9.494824330533957e-05,0.00011079676697062468,0.00011792186875408372,0.00012450083231243936,0.00012884245705808737,0.00013729643967384962,0.0001404793040023894,0.000141125410119907,0.00014738857422279982,0.0001321347932793075,0.00010405283753822799,8.095824314534756e-05,4.040446965051027e-05,8.217035808151342e-06,-2.863249855315637e-05,-7.189017911409108e-05,-0.00010381684723087439,-0.00013590688029764913,-0.00015274664722274625,-0.00017021859027066294,-0.00018277786138948948,-0.00019627139529114832,-0.0002148967303682435,-0.00019539617294016506,-0.00018488640052426682,-0.00017104541942476606,-0.00016667093326301722,-0.00017508042867019354,-0.00018873047187051696,-0.00015942490749297304,-0.0001675395661267532,-0.00017378789075051912,-0.0001660850307730799,-0.0001561775906669306,-0.00014616696747105846,-0.00015054121630537503,-0.00015948114912258345,-0.0001739274191592546,-0.00019285161565159856,-0.00019035138489981437,-0.00019125668382866982,-0.00019137616012550264,-0.0001830122056057036,-0.00016478860038459615,-0.00014807552739949014,-0.00013637695246030798,-0.00011520499468408594,-6.948038703809464e-05,-5.932492082339567e-05,-3.378075171930492e-05,-4.367387056569831e-05,-1.7363945650236377e-05,-1.9415171425850203e-05,-2.5242682752308425e-05,-2.4127674212515432e-05,6.051888387732729e-06,4.8698093123770414e-05,6.949989007851292e-05,6.979116465781152e-05,8.145818323505593e-05,8.906823171782162e-05,9.675128900137144e-05,0.00013019542144010327,0.00015881235836785968,0.00019687859268734104,0.00021598609210996385,0.0002547062267456995,0.0002774458944849673,0.0002791165319588383,0.000290901663481495,0.0003019986052554991,0.0003154711673143001,0.000322778037730969,0.0003268668044011924,0.00034254464091302477,0.0003580988180748614,0.00038419273022290384,0.0004193304865015389,0.0005479353992692806,1.3683878520833332,2.0121033916666664,5.463068833333334,100944.14583333331,0.000236272812875,1.0512499809265137,215.90499877929688,14.31624984741211,2.4333198253591206,1.1051265223979954,-0.4327755925504317,0.9015016841318838,-2.4492935982947064e-16,1.0
2024-01-04,0.00025579971243365186,0.0002897152010409588,0.0002750240781522934,0.0002589542334704688,0.0002495913995070398,0.00023489776142681938,0.00021221309377215388,0.00019343318882537826,0.0001756524455990885,0.0001512713439869796,0.00011046991940088076,8.886423737282518e-05,6.292916326027392e-05,3.674056988483205e-05,3.151561553754201e-05,3.8660519756944006e-05,3.225792656340459e-05,3.493327763384427e-05,3.810295404643008e-05,4.1239714217947814e-05,7.315923451536646e-05,9.978001261521731e-05,0.00011558712944601381,0.00012220821003989586,0.00012792776482756853,0.00013036993790313645,0.00013884101546266412,0.00014299178788220682,0.0001438966301649629,0.00015051977918832554,0.00013384687349427812,0.0001049275300172717,8.18922272991649e-05,4.1178077698714336e-05,9.011823676546112e-06,-3.15688070475177e-05,-7.726573832161428e-05,-0.00010934008658792481,-0.00014191803024454742,-0.0001604827886450257,-0.00017911550555436425,-0.00019130304983478716,-0.0002061433696080396,-0.0002249083731348434,-0.00020404333859322968,-0.00019304640424898517,-0.00017977999065651182,-0.00017553544415340784,-0.00018365927093524212,-0.00019741378305450713,-0.00016485398783603982,-0.00017287907593697098,-0.000179831436909179,-0.00017204545629229937,-0.00016140454368815296,-0.00015125200110374524,-0.00015755307439935013,-0.00016725402519809546,-0.00018172188208754822,-0.0001994718638873685,-0.0001972562084468269,-0.0001991202466756195,-0.00019955246378595753,-0.00018907043594872385,-0.00016906829172746974,-0.0001529070261066401,-0.0001413417347466759,-0.00011677803617812728,-6.789679688224414e-05,-5.743447563251205e-05,-2.9662990577277846e-05,-4.107454829165459e-05,-1.4086825528543386e-05,-1.694369831265611e-05,-2.241693530644515e-05,-2.212417928727081e-05,9.01155872384109e-06,5.130567633433647e-05,7.18596221615831e-05,7.04573140909158e-05,8.250477132674565e-05,8.83321774640588e-05,9.690060149028633e-05,0.0001317305655133589,0.00016298501786077326,0.0002018580128110534,0.00022146488852999832,0.00026137649970596586,0.00028426516639824844,0.00028448694460730397,0.00029436434641595286,0.0003049056224242951,0.000318500113394339,0.0003260585107099203,0.0003304151567202711,0.00034728656389032374,0.0003640138379445023,0.0003905492685669662,0.0004264297288854702,0.0005490331624878728,0.5906066900833333,0.1429634117791666,3.1812056833333333,101106.36145833333,0.0001694560037916,0.6987500190734863,198.6175079345703,14.678750038146973,0.6076633932357043,0.4882515891551975,0.0688024268023198,0.9976303053065856,0.4999999999999999,0.8660254037844387
2024-02-04,0.0002574111075486963,0.00029485352245572314,0.0002790095362035174,0.000261466514906314,0.000252103636215692,0.00023683002590129721,0.0002154142636135879,0.00019786478772683934,0.0001797190777363753,0.00015200280888614102,0.0001088175414917725,8.677340735138779e-05,6.236253398867905e-05,3.459081206743506e-05,3.053418399570071e-05,3.891393398716297e-05,3.3137827054867827e-05,3.6351686287178255e-05,4.0360151933664346e-05,4.379950718339477e-05,7.708321540905014e-05,0.00010461178192509506,0.00012037749192140293,0.000126494551325708,0.00013135469734269767,0.0001318974187481855,0.00014038559125147858,0.00014550427176202426,0.0001466678502100188,0.00015365098415385126,0.00013555895370924873,0.00010580222249631541,8.282621145298226e-05,4.195168574691841e-05,9.806611544940883e-06,-3.450511554187904e-05,-8.264129752913749e-05,-0.00011486332594497524,-0.0001479291801914457,-0.00016821893006730516,-0.00018801242083806556,-0.00019982823828008478,-0.00021601534392493084,-0.00023492001590144336,-0.0002126905042462943,-0.00020120640797370354,-0.00018851456188825758,-0.00018439995504379846,-0.0001922381132002907,-0.0002060970942384973,-0.00017028306817910664,-0.0001782185857471888,-0.0001858749830678389,-0.00017800588181151884,-0.0001666314967093753,-0.00015633703473643198,-0.00016456493249332525,-0.00017502690127360745,-0.00018951634501584183,-0.0002060921121231384,-0.00020416103199383942,-0.00020698380952256914,-0.00020772876744641245,-0.00019512866629174411,-0.0001733479830703433,-0.00015773852481379007,-0.00014630651703304378,-0.00011835107767216862,-6.631320672639363e-05,-5.5544030441628414e-05,-2.5545229435250773e-05,-3.847522601761087e-05,-1.0809705406850405e-05,-1.4472225199462024e-05,-1.959118786058188e-05,-2.0120684362026186e-05,1.1971229059949452e-05,5.391325954490252e-05,7.421935424465327e-05,7.112346352402007e-05,8.355135941843536e-05,8.759612321029598e-05,9.704991397920121e-05,0.0001332657095866145,0.00016715767735368684,0.00020683743293476573,0.00022694368495003285,0.0002680467726662322,0.0002910844383115296,0.0002898573572557697,0.0002978270293504108,0.00030781263959309114,0.0003215290594743778,0.0003293389836888716,0.00033396350903934984,0.0003520284868676227,0.00036992885781414323,0.0003969058069110285,0.0004335289712694014,0.0005501309257064648,0.1662705643333333,-0.1443398870833333,3.96359635,101408.37791666666,0.0008454124124275,0.5837500095367432,204.9762420654297,14.271249771118164,0.2201815241271495,0.3407640736341477,0.5667017562911176,0.8239230057575542,0.8660254037844386,0.5000000000000001
2024-03-06,0.0002574111075486963,0.00029388184284762894,0.0002790095362035174,0.000261466514906314,0.000252103636215692,0.00023683002590129721,0.0002154142636135879,0.00019786478772683934,0.0001797190777363753,0.00015200280888614102,0.0001088175414917725,8.677340735138779e-05,6.236253398867905e-05,3.459081206743506e-05,3.053418399570071e-05,3.857147886186827e-05,3.3137827054867827e-05,3.444089220184619e-05,3.8272045454544136e-05,4.196766106849462e-05,7.418486026159829e-05,0.00010027498688675447,0.00011592080043263653,0.0001225549724418871,0.00012792890114903845,0.00012948105888947335,0.00013860395007504132,0.0001426137116563623,0.00014363250671172882,0.00014953910117229514,0.00013376913983499767,0.00010580222249631541,8.282621145298226e-05,4.3104384872605024e-05,1.0624895521198185e-05,-3.145485672473224e-05,-7.548902773743424e-05,-0.00010643144983052453,-0.00013931952186682064,-0.00015984436345601482,-0.00017892784998631544,-0.00019117330903112645,-0.0002072326863179775,-0.00022380346598461798,-0.00020335086529822701,-0.00019483677791180105,-0.00018183987873321566,-0.00017774137319903665,-0.00018448608133865788,-0.000196320909408991,-0.00016321959263440236,-0.0001712733383599038,-0.00017684394453489427,-0.0001707357684566448,-0.00016089561270314528,-0.00015306512375776226,-0.0001618401473532832,-0.00016946917521533047,-0.0001822715588794652,-0.0001981167576747872,-0.00019653839945298488,-0.00019884964011911775,-0.00019998178646020583,-0.0001888221648868544,-0.00016770224612896992,-0.00015402965164112206,-0.00014577907343037153,-0.00011835107767216862,-6.631320672639363e-05,-5.5544030441628414e-05,-2.5545229435250773e-05,-3.847522601761087e-05,-1.0809705406850405e-05,-1.4472225199462024e-05,-1.959118786058188e-05,-2.0120684362026186e-05,1.1971229059949452e-05,5.391325954490252e-05,7.421935424465327e-05,7.112346352404445e-05,8.355135941843536e-05,8.759612321029598e-05,9.704991397920121e-05,0.0001332657095866145,0.00016715767735368684,0.00020683743293476573,0.00022694368495003285,0.0002680467726662322,0.00029471249827835643,0.0002980523822192913,0.00030514170489987104,0.0003180665055366257,0.0003322680530823647,0.0003398747053127784,0.00034489100340061573,0.0003628949956709695,0.0003813268440254985,0.00040686316459231264,0.00044308002665352264,0.0005501309257064648,1.5421123441666669,-0.6570091258333334,4.443233458333333,101163.20791666668,3.0020873094166667e-05,0.7549999952316284,200.1800079345703,14.90999984741211,1.6762372962857892,0.5700249927997589,0.907013812802636,0.4211008707960896,1.0,6.123233995736766e-17
2024-04-06,0.0002574111075486963,0.0002929101632395348,0.0002790095362035174,0.000261466514906314,0.000252103636215692,0.00023683002590129721,0.0002154142636135879,0.00019786478772683934,0.0001797190777363753,0.00015200280888614102,0.0001088175414917725,8.677340735138779e-05,6.236253398867905e-05,3.459081206743506e-05,3.053418399570071e-05,3.8229023736573575e-05,3.3137827054867827e-05,3.253009811651412e-05,3.618393897542392e-05,4.013581495359447e-05,7.128650511414644e-05,9.593819184841387e-05,0.00011146410894387014,0.00011861539355806622,0.00012450310495537922,0.0001270646990307612,0.00013682230889860406,0.00013972315155070036,0.00014059716321343887,0.00014542721819073902,0.00013197932596074663,0.00010580222249631541,8.282621145298226e-05,4.4257083998291646e-05,1.1443179497455489e-05,-2.8404597907585436e-05,-6.833675794573098e-05,-9.799957371607383e-05,-0.00013070986354219558,-0.0001514697968447245,-0.00016984327913456532,-0.00018251837978216812,-0.00019845002871102417,-0.0002126869160677926,-0.00019401122635015976,-0.00018846714784989855,-0.00017516519557817377,-0.00017108279135427483,-0.00017673404947702502,-0.00018654472457948473,-0.00015615611708969809,-0.00016432809097261878,-0.0001678129060019496,-0.00016346565510177077,-0.00015515972869691526,-0.00014979321277909253,-0.00015911536221324113,-0.00016391144915705352,-0.00017502677274308857,-0.00019014140322643597,-0.00018891576691213032,-0.00019071547071566633,-0.00019223480547399924,-0.00018251566348196464,-0.00016205650918759654,-0.00015032077846845404,-0.00014525162982769927,-0.00011835107767216862,-6.631320672639363e-05,-5.5544030441628414e-05,-2.5545229435250773e-05,-3.847522601761087e-05,-1.0809705406850405e-05,-1.4472225199462024e-05,-1.959118786058188e-05,-2.0120684362026186e-05,1.1971229059949452e-05,5.391325954490252e-05,7.421935424465327e-05,7.112346352406885e-05,8.355135941843536e-05,8.759612321029598e-05,9.704991397920121e-05,0.0001332657095866145,0.00016715767735368684,0.00020683743293476573,0.00022694368495003285,0.0002680467726662322,0.0002983405582451833,0.00030624740718281296,0.0003124563804493313,0.00032832037148016016,0.00034300704669035155,0.00035041042693668517,0.0003558184977618816,0.00037376150447431623,0.00039272483023685377,0.00041682052227359675,0.0004526310820376438,0.0005501309257064648,0.07051405125,1.6968517287499998,4.494457333333333,100858.393125,7.458527797916667e-05,0.675000011920929,192.80874633789065,14.188750267028809,1.6983162310905324,0.4556250160932542,0.9951053111006976,-0.0988201387328714,0.8660254037844387,-0.4999999999999998
2024-05-07,0.0002574111075486963,0.0002919384836314406,0.0002790095362035174,0.000261466514906314,0.000252103636215692,0.00023683002590129721,0.0002154142636135879,0.00019786478772683934,0.0001797190777363753,0.00015200280888614102,0.0001088175414917725,8.677340735138779e-05,6.236253398867905e-05,3.459081206743506e-05,3.053418399570071e-05,3.7886568611278873e-05,3.3137827054867827e-05,3.061930403118206e-05,3.409583249630371e-05,3.8303968838694325e-05,6.838814996669459e-05,9.160139681007328e-05,0.00010700741745510373,0.00011467581467424534,0.00012107730876172,0.00012464833917204905,0.00013504066772216676,0.0001368325914450384,0.0001375618197151489,0.00014131533520918288,0.00013018951208649556,0.00010580222249631541,8.282621145298226e-05,4.540978312397826e-05,1.2261463473712791e-05,-2.535433909043864e-05,-6.118448815402773e-05,-8.956769760162312e-05,-0.00012210020521757052,-0.00014309523023343416,-0.00016075870828281523,-0.00017386345053320982,-0.00018966737110407084,-0.00020157036615096725,-0.00018467158740209248,-0.0001820975177879961,-0.00016849051242313185,-0.00016442420950951302,-0.0001689820176153922,-0.00017676853974997843,-0.00014909264154499378,-0.00015738284358533377,-0.00015878186746900498,-0.00015619554174689672,-0.00014942384469068525,-0.0001465213018004228,-0.00015639057707319908,-0.00015835372309877654,-0.00016778198660671195,-0.00018216604877808478,-0.00018129313437127578,-0.00018258130131221494,-0.00018448782448779262,-0.0001762091620770749,-0.0001564107722462232,-0.00014661190529578603,-0.000144724186225027,-0.00011835107767216862,-6.631320672639363e-05,-5.5544030441628414e-05,-2.5545229435250773e-05,-3.847522601761087e-05,-1.0809705406850405e-05,-1.4472225199462024e-05,-1.959118786058188e-05,-2.0120684362026186e-05,1.1971229059949452e-05,5.391325954490252e-05,7.421935424465327e-05,7.112346352409323e-05,8.355135941843536e-05,8.759612321029598e-05,9.704991397920121e-05,0.0001332657095866145,0.00016715767735368684,0.00020683743293476573,0.00022694368495003285,0.0002680467726662322,0.00030196861821201013,0.00031444243214633457,0.00031977105599879154,0.0003385742374236947,0.00035374604029833845,0.00036094614856059195,0.0003667459921231475,0.000384628013277663,0.00040412281644820904,0.00042677787995488086,0.00046218213742176505,0.0005501309257064648,1.8068923916666664,0.99039776625,4.680066379166667,100939.768125,0.0003481109977916,1.027500033378601,205.71875,13.926250457763672,2.0605212569774367,1.0557563185930263,0.8064799463209448,-0.5912614448635781,0.4999999999999999,-0.8660254037844387
2024-06-08,0.0002574111075486963,0.00029096680402334647,0.0002790095362035174,0.000261466514906314,0.000252103636215692,0.00023683002590129721,0.0002154142636135879,0.00019786478772683934,0.0001797190777363753,0.00015200280888614102,0.0001088175414917725,8.677340735138779e-05,6.236253398867905e-05,3.459081206743506e-05,3.053418399570071e-05,3.754411348598418e-05,3.3137827054867827e-05,2.8708509945849992e-05,3.20077260171835e-05,3.647212272379418e-05,6.548979481924273e-05,8.726460177173267e-05,0.00010255072596633734,0.00011073623579042444,0.00011765151256806078,0.00012223197931333687,0.0001332590265457295,0.00013394203133937645,0.00013452647621685893,0.00013720345222762676,0.00012839969821224452,0.00010580222249631541,8.282621145298226e-05,4.6562482249664876e-05,1.3079747449970093e-05,-2.2304080273291834e-05,-5.4032218362324466e-05,-8.113582148717242e-05,-0.00011349054689294545,-0.00013472066362214385,-0.00015167413743106512,-0.0001652085212842515,-0.0001808847134971175,-0.00019045381623414187,-0.00017533194845402523,-0.0001757278877260936,-0.00016181582926808996,-0.0001577656276647512,-0.00016122998575375936,-0.00016699235492047217,-0.0001420291660002895,-0.00015043759619804876,-0.00014975082893606032,-0.0001489254283920227,-0.00014368796068445523,-0.00014324939082175305,-0.00015366579193315703,-0.0001527959970404996,-0.0001605372004703353,-0.00017419069432973356,-0.00017367050183042125,-0.00017444713190876353,-0.000176740843501586,-0.0001699026606721852,-0.0001507650353048498,-0.00014290303212311802,-0.00014419674262235475,-0.00011835107767216862,-6.631320672639363e-05,-5.5544030441628414e-05,-2.5545229435250773e-05,-3.847522601761087e-05,-1.0809705406850405e-05,-1.4472225199462024e-05,-1.959118786058188e-05,-2.0120684362026186e-05,1.1971229059949452e-05,5.391325954490252e-05,7.421935424465327e-05,7.112346352411761e-05,8.355135941843536e-05,8.759612321029598e-05,9.704991397920121e-05,0.0001332657095866145,0.00016715767735368684,0.00020683743293476573,0.00022694368495003285,0.0002680467726662322,0.000305596678178837,0.00032263745710985623,0.0003270857315482518,0.00034882810336722925,0.00036448503390632534,0.00037148187018449873,0.0003776734864844134,0.0003954945220810098,0.0004155208026595643,0.000436735237636165,0.0004717331928058863,0.0005501309257064648,1.8400662654166664,3.7986215083333335,7.5757774625,101004.58333333331,0.0001826484982083,1.5750000476837158,206.77374267578125,16.075000762939453,4.2208256567521305,2.480625150203707,0.3777079652039649,-0.9259247771938498,1.2246467991473532e-16,-1.0
2024-07-09,0.0002574111075486963,0.0002899951244152523,0.0002790095362035174,0.000261466514906314,0.000252103636215692,0.00023683002590129721,0.0002154142636135879,0.00019786478772683934,0.0001797190777363753,0.00015200280888614102,0.0001088175414917725,8.677340735138779e-05,6.236253398867905e-05,3.459081206743506e-05,3.053418399570071e-05,3.720165836068948e-05,3.3137827054867827e-05,2.6797715860517926e-05,2.991961953806329e-05,3.464027660889403e-05,6.259143967179088e-05,8.292780673339209e-05,9.809403447757093e-05,0.00010679665690660355,0.00011422571637440156,0.00011981561945462474,0.00013147738536929224,0.0001310514712337145,0.00013149113271856896,0.00013309156924607064,0.00012660988433799345,0.00010580222249631541,8.282621145298226e-05,4.771518137535149e-05,1.3898031426227395e-05,-1.9253821456145036e-05,-4.687994857062122e-05,-7.270394537272171e-05,-0.0001048808885683204,-0.0001263460970108535,-0.000142589566579315,-0.00015655359203529316,-0.00017210205589016417,-0.0001793372663173165,-0.00016599230950595795,-0.0001693582576641911,-0.00015514114611304804,-0.0001511070458199894,-0.0001534779538921265,-0.00015721617009096587,-0.00013496569045558522,-0.00014349234881076375,-0.00014071979040311569,-0.00014165531503714866,-0.00013795207667822523,-0.00013997747984308332,-0.00015094100679311496,-0.0001472382709822226,-0.00015329241433395869,-0.00016621533988138236,-0.0001660478692895667,-0.00016631296250531214,-0.00016899386251537942,-0.00016359615926729543,-0.00014511929836347643,-0.00013919415895045,-0.0001436692990196825,-0.00011835107767216862,-6.631320672639363e-05,-5.5544030441628414e-05,-2.5545229435250773e-05,-3.847522601761087e-05,-1.0809705406850405e-05,-1.4472225199462024e-05,-1.959118786058188e-05,-2.0120684362026186e-05,1.1971229059949452e-05,5.391325954490252e-05,7.421935424465327e-05,7.112346352414199e-05,8.355135941843536e-05,8.759612321029598e-05,9.704991397920121e-05,0.0001332657095866145,0.00016715767735368684,0.00020683743293476573,0.00022694368495003285,0.0002680467726662322,0.0003092247381456638,0.00033083248207337783,0.00033440040709771204,0.0003590819693107638,0.0003752240275143122,0.0003820175918084055,0.0003886009808456792,0.0004063610308843566,0.0004269187888709195,0.00044669259531744904,0.0004812842481900075,0.0005501309257064648,3.330785108333333,-0.13897896175,6.013283670833334,100922.82,6.28232955e-05,1.711250066757202,231.06375122070312,12.526249885559082,3.333683336746939,2.928376790976529,-0.1457991969198744,-0.9893142039703664,-0.4999999999999997,-0.8660254037844388
2024-08-09,0.0002574111075486963,0.00028902344480715813,0.0002790095362035174,0.000261466514906314,0.000252103636215692,0.00023683002590129721,0.0002154142636135879,0.00019786478772683934,0.0001797190777363753,0.00015200280888614102,0.0001088175414917725,8.677340735138779e-05,6.236253398867905e-05,3.459081206743506e-05,3.053418399570071e-05,3.685920323539478e-05,3.3137827054867827e-05,2.4886921775185862e-05,2.783151305894308e-05,3.280843049399388e-05,5.9693084524339025e-05,7.859101169505148e-05,9.363734298880454e-05,0.00010285707802278266,0.00011079992018074235,0.00011739925959591257,0.00012969574419285497,0.00012816091112805256,0.000128455789220279,0.00012897968626451452,0.0001248200704637424,0.00010580222249631541,8.282621145298226e-05,4.886788050103811e-05,1.4716315402484697e-05,-1.6203562638998235e-05,-3.972767877891796e-05,-6.4272069258271e-05,-9.627123024369535e-05,-0.00011797153039956318,-0.00013350499572756488,-0.00014789866278633486,-0.00016331939828321084,-0.00016822071640049113,-0.0001566526705578907,-0.0001629886276022886,-0.00014846646295800614,-0.00014444846397522758,-0.00014572592203049368,-0.00014743998526145957,-0.00012790221491088094,-0.00013654710142347877,-0.00013168875187017105,-0.00013438520168227464,-0.00013221619267199522,-0.0001367055688644136,-0.0001482162216530729,-0.00014168054492394563,-0.00014604762819758207,-0.00015823998543303117,-0.00015842523674871215,-0.00015817879310186074,-0.0001612468815291728,-0.0001572896578624057,-0.00013947356142210305,-0.000135485285777782,-0.00014314185541701026,-0.00011835107767216862,-6.631320672639363e-05,-5.5544030441628414e-05,-2.5545229435250773e-05,-3.847522601761087e-05,-1.0809705406850405e-05,-1.4472225199462024e-05,-1.959118786058188e-05,-2.0120684362026186e-05,1.1971229059949452e-05,5.391325954490252e-05,7.421935424465327e-05,7.112346352416639e-05,8.355135941843536e-05,8.759612321029598e-05,9.704991397920121e-05,0.0001332657095866145,0.00016715767735368684,0.00020683743293476573,0.00022694368495003285,0.0002680467726662322,0.00031285279811249067,0.00033902750703689944,0.00034171508264717234,0.0003693358352542983,0.0003859630211222991,0.00039255331343231235,0.0003995284752069451,0.0004172275396877033,0.0004383167750822748,0.00045664995299873315,0.0004908353035741287,0.0005501309257064648,3.734446225,-0.7959073446083332,6.684195058333334,101043.491875,0.0001178979864166,1.7000000476837158,220.7312469482422,16.228750228881836,3.8183186232448234,2.890000162124636,-0.6287628145958345,-0.7775971469736268,-0.8660254037844385,-0.5000000000000004
2024-09-09,0.0002574111075486963,0.00028805176519906394,0.0002790095362035174,0.000261466514906314,0.000252103636215692,0.00023683002590129721,0.0002154142636135879,0.00019786478772683934,0.0001797190777363753,0.00015200280888614102,0.0001088175414917725,8.677340735138779e-05,6.236253398867905e-05,3.459081206743506e-05,3.053418399570071e-05,3.651674811010008e-05,3.3137827054867827e-05,2.2976127689853796e-05,2.5743406579822866e-05,3.0976584379093736e-05,5.6794729376887174e-05,7.42542166567109e-05,8.918065150003813e-05,9.891749913896176e-05,0.00010737412398708313,0.00011498289973720043,0.00012791410301641768,0.0001252703510223906,0.00012542044572198902,0.0001248678032829584,0.00012303025658949135,0.00010580222249631541,8.282621145298226e-05,5.002057962672473e-05,1.5534599378742003e-05,-1.3153303821851433e-05,-3.2575408987214706e-05,-5.58401931438203e-05,-8.766157191907029e-05,-0.00010959696378827285,-0.0001244204248758148,-0.00013924373353737653,-0.0001545367406762575,-0.00015710416648366575,-0.00014731303160982342,-0.00015661899754038612,-0.00014179177980296422,-0.00013778988213046577,-0.00013797389016886083,-0.0001376638004319533,-0.00012083873936617665,-0.00012960185403619373,-0.0001226577133372264,-0.0001271150883274006,-0.0001264803086657652,-0.00013343365788574387,-0.00014549143651303083,-0.00013612281886566868,-0.00013880284206120542,-0.00015026463098467995,-0.0001508026042078576,-0.00015004462369840933,-0.00015349990054296618,-0.00015098315645751598,-0.00013382782448072967,-0.00013177641260511395,-0.000142614411814338,-0.00011835107767216862,-6.631320672639363e-05,-5.5544030441628414e-05,-2.5545229435250773e-05,-3.847522601761087e-05,-1.0809705406850405e-05,-1.4472225199462024e-05,-1.959118786058188e-05,-2.0120684362026186e-05,1.1971229059949452e-05,5.391325954490252e-05,7.421935424465327e-05,7.112346352419077e-05,8.355135941843536e-05,8.759612321029598e-05,9.704991397920121e-05,0.0001332657095866145,0.00016715767735368684,0.00020683743293476573,0.00022694368495003285,0.0002680467726662322,0.00031648085807931757,0.00034722253200042104,0.0003490297581966326,0.0003795897011978328,0.00039670201473028597,0.00040308903505621913,0.000410455969568211,0.0004280940484910501,0.00044971476129363006,0.00046660731068001726,0.0005003863589582499,0.0005501309257064648,3.8354975375,2.097742070833333,8.1912727125,100998.0625,0.0004036426572916,1.4800000190734863,230.77999877929688,11.467499732971191,4.371677384701744,2.19040005645752,-0.9368813462954316,-0.3496474552512282,-1.0,-1.8369701987210294e-16
2024-10-11,0.0002574111075486963,0.0002870800855909698,0.0002790095362035174,0.000261466514906314,0.000252103636215692,0.00023683002590129721,0.0002154142636135879,0.00019786478772683934,0.0001797190777363753,0.00015200280888614102,0.0001088175414917725,8.677340735138779e-05,6.236253398867905e-05,3.459081206743506e-05,3.053418399570071e-05,3.6174292984805385e-05,3.3137827054867827e-05,2.106533360452173e-05,2.3655300100702653e-05,2.9144738264193584e-05,5.3896374229435316e-05,6.99174216183703e-05,8.472396001127174e-05,9.497792025514087e-05,0.0001039483277934239,0.00011256653987848828,0.00012613246183998042,0.00012237979091672864,0.00012238510222369904,0.00012075592030140227,0.00012124044271524028,0.00010580222249631541,8.282621145298226e-05,5.1173278752411344e-05,1.6352883354999305e-05,-1.0103045004704632e-05,-2.5423139195511444e-05,-4.74083170293696e-05,-7.905191359444521e-05,-0.0001012223971769825,-0.00011533585402406466,-0.0001305888042884182,-0.00014575408306930418,-0.00014598761656684037,-0.00013797339266175614,-0.00015024936747848366,-0.00013511709664792233,-0.00013113130028570395,-0.000130221858307228,-0.000127887615602447,-0.00011377526382147236,-0.00012265660664890872,-0.00011362667480428175,-0.00011984497497252655,-0.00012074442465953518,-0.00013016174690707412,-0.00014276665137298879,-0.0001305650928073917,-0.0001315580559248288,-0.00014228927653632875,-0.00014317997166700305,-0.0001419104542949579,-0.0001457529195567596,-0.00014467665505262623,-0.0001281820875393563,-0.00012806753943244594,-0.00014208696821166574,-0.00011835107767216862,-6.631320672639363e-05,-5.5544030441628414e-05,-2.5545229435250773e-05,-3.847522601761087e-05,-1.0809705406850405e-05,-1.4472225199462024e-05,-1.959118786058188e-05,-2.0120684362026186e-05,1.1971229059949452e-05,5.391325954490252e-05,7.421935424465327e-05,7.112346352421515e-05,8.355135941843536e-05,8.759612321029598e-05,9.704991397920121e-05,0.0001332657095866145,0.00016715767735368684,0.00020683743293476573,0.00022694368495003285,0.0002680467726662322,0.0003201089180461444,0.0003554175569639427,0.00035634443374609284,0.00038984356714136736,0.0004074410083382728,0.0004136247566801259,0.00042138346392947687,0.0004389605572943969,0.00046111274750498533,0.0004765646683613014,0.0005099374143423711,0.0005501309257064648,5.0913149833333335,1.4007441279166668,9.48149295,100968.18416666666,0.0015736222283333,2.563750028610229,240.0175018310547,8.34749984741211,5.280489785181629,6.5728142091989525,-0.9813064702716092,0.1924515819708299,-0.8660254037844386,0.5000000000000001
2024-11-11,0.0002574111075486963,0.0002861084059828756,0.0002790095362035174,0.000261466514906314,0.000252103636215692,0.00023683002590129721,0.0002154142636135879,0.00019786478772683934,0.0001797190777363753,0.00015200280888614102,0.0001088175414917725,8.677340735138779e-05,6.236253398867905e-05,3.459081206743506e-05,3.053418399570071e-05,3.5831837859510684e-05,3.3137827054867827e-05,1.9154539519189663e-05,2.1567193621582443e-05,2.7312892149293435e-05,5.099801908198346e-05,6.55806265800297e-05,8.026726852250533e-05,9.103834137131998e-05,0.00010052253159976467,0.00011015018001977613,0.00012435082066354316,0.00011948923081106669,0.00011934975872540908,0.00011664403731984614,0.00011945062884098923,0.00010580222249631541,8.282621145298226e-05,5.2325977878097966e-05,1.7171167331256607e-05,-7.0527861875578275e-06,-1.8270869403808196e-05,-3.897644091491889e-05,-7.044225526982015e-05,-9.284783056569218e-05,-0.00010625128317231455,-0.00012193387503945989,-0.00013697142546235084,-0.000134871066650015,-0.0001286337537136889,-0.00014387973741658116,-0.0001284424134928804,-0.00012447271844094214,-0.00012246982644559517,-0.00011811143077294071,-0.00010671178827676808,-0.00011571135926162372,-0.0001045956362713371,-0.00011257486161765252,-0.00011500854065330516,-0.0001268898359284044,-0.00014004186623294674,-0.00012500736674911475,-0.00012431326978845219,-0.00013431392208797753,-0.0001355573391261485,-0.0001337762848915065,-0.00013800593857055297,-0.00013837015364773648,-0.0001225363505979829,-0.00012435866625977793,-0.00014155952460899348,-0.00011835107767216862,-6.631320672639363e-05,-5.5544030441628414e-05,-2.5545229435250773e-05,-3.847522601761087e-05,-1.0809705406850405e-05,-1.4472225199462024e-05,-1.959118786058188e-05,-2.0120684362026186e-05,1.1971229059949452e-05,5.391325954490252e-05,7.421935424465327e-05,7.112346352423953e-05,8.355135941843536e-05,8.759612321029598e-05,9.704991397920121e-05,0.0001332657095866145,0.00016715767735368684,0.00020683743293476573,0.00022694368495003285,0.0002680467726662322,0.00032373697801297126,0.0003636125819274643,0.0003636591092955531,0.0004000974330849019,0.0004181800019462597,0.0004241604783040327,0.00043231095829074275,0.0004498270660977437,0.0004725107337163406,0.0004865220260425855,0.0005194884697264923,0.0005501309257064648,0.5560627001666667,-2.423924141666667,4.786223120833333,100897.429375,3.792842243666667e-05,0.8112499713897705,191.00750732421875,11.69124984741211,2.486888411463436,0.6581265160799035,-0.7469720876965551,0.6648553979642866,-0.5000000000000004,0.8660254037844384
2024-12-12,0.0002574111075486963,0.00028513672637478147,0.0002790095362035174,0.000261466514906314,0.000252103636215692,0.00023683002590129721,0.0002154142636135879,0.00019786478772683934,0.0001797190777363753,0.00015200280888614102,0.0001088175414917725,8.677340735138779e-05,6.236253398867905e-05,3.459081206743506e-05,3.053418399570071e-05,3.548938273421599e-05,3.3137827054867827e-05,1.72437454338576e-05,1.9479087142462233e-05,2.548104603439329e-05,4.809966393453161e-05,6.12438315416891e-05,7.581057703373893e-05,8.709876248749908e-05,9.709673540610546e-05,0.00010773382016106396,0.0001225691794871059,0.00011659867070540475,0.00011631441522711911,0.00011253215433829002,0.00011766081496673817,0.00010580222249631541,8.282621145298226e-05,5.347867700378458e-05,1.798945130751391e-05,-4.00252737041103e-06,-1.1118599612104947e-05,-3.054456480046819e-05,-6.18325969451951e-05,-8.447326395440185e-05,-9.716671232056444e-05,-0.00011327894579050158,-0.0001281887678553975,-0.0001237545167331896,-0.00011929411476562162,-0.00013751010735467867,-0.0001217677303378385,-0.00011781413659618034,-0.00011471779458396233,-0.00010833524594343444,-9.96483127320638e-05,-0.00010876611187433871,-9.556459773839247e-05,-0.00010530474826277849,-0.00010927265664707514,-0.00012361792494973466,-0.00013731708109290466,-0.00011944964069083777,-0.00011706848365207555,-0.00012633856763962634,-0.00012793470658529398,-0.00012564211548805513,-0.00013025895758434636,-0.00013206365224284678,-0.00011689061365660955,-0.00012064979308710992,-0.00014103208100632123,-0.00011835107767216862,-6.631320672639363e-05,-5.5544030441628414e-05,-2.5545229435250773e-05,-3.847522601761087e-05,-1.0809705406850405e-05,-1.4472225199462024e-05,-1.959118786058188e-05,-2.0120684362026186e-05,1.1971229059949452e-05,5.391325954490252e-05,7.421935424465327e-05,7.112346352426392e-05,8.355135941843536e-05,8.759612321029598e-05,9.704991397920121e-05,0.0001332657095866145,0.00016715767735368684,0.00020683743293476573,0.00022694368495003285,0.0002680467726662322,0.0003273650379797981,0.00037180760689098597,0.00037097378484501333,0.0004103512990284364,0.00042891899555424655,0.0004346961999279395,0.00044323845265200864,0.0004606935749010904,0.00048390871992769587,0.0004964793837238696,0.0005290395251106135,0.0005501309257064648,1.8408044166666664,-1.2218983901875,5.264439054166666,100820.29458333332,0.0001441836362916,0.959999978542328,246.35874938964844,13.197500228881836,2.2094335419655216,0.92159995880127,-0.3049212246562894,0.9523775757303972,-2.4492935982947064e-16,1.0
2025-01-13,0.0002574111075486963,0.00028416504676668727,0.0002790095362035174,0.000261466514906314,0.000252103636215692,0.00023683002590129721,0.0002154142636135879,0.00019786478772683934,0.0001797190777363753,0.00015200280888614102,0.0001088175414917725,8.677340735138779e-05,6.236253398867905e-05,3.459081206743506e-05,3.053418399570071e-05,3.514692760892129e-05,3.3137827054867827e-05,1.5332951348525533e-05,1.739098066334202e-05,2.364919991949314e-05,4.520130878707976e-05,5.690703650334851e-05,7.135388554497254e-05,8.31591836036782e-05,9.367093921244624e-05,0.00010531746030235181,0.00012078753831066862,0.00011370811059974279,0.00011327907172882915,0.0001084202713567339,0.00011587100109248712,0.00010580222249631541,8.282621145298226e-05,5.4631376129471196e-05,1.880773528377121e-05,-9.522685532642314e-07,-3.9663298204016865e-06,-2.2112688686017483e-05,-5.322293862057004e-05,-7.609869734311152e-05,-8.808214146881433e-05,-0.00010462401654154325,-0.00011940611024844418,-0.00011263796681636424,-0.00010995447581755435,-0.00013114047729277618,-0.0001150930471827966,-0.00011115555475141852,-0.00010696576272232948,-9.855906111392814e-05,-9.258483718735951e-05,-0.0001018208644870537,-8.653355920544782e-05,-9.803463490790445e-05,-0.00010353677264084512,-0.00012034601397106494,-0.00013459229595286261,-0.00011389191463256081,-0.00010982369751569892,-0.00011836321319127513,-0.00012031207404443943,-0.00011750794608460371,-0.00012251197659813977,-0.00012575715083795703,-0.00011124487671523617,-0.0001169409199144419,-0.00014050463740364897,-0.00011835107767216862,-6.631320672639363e-05,-5.5544030441628414e-05,-2.5545229435250773e-05,-3.847522601761087e-05,-1.0809705406850405e-05,-1.4472225199462024e-05,-1.959118786058188e-05,-2.0120684362026186e-05,1.1971229059949452e-05,5.391325954490252e-05,7.421935424465327e-05,7.11234635242883e-05,8.355135941843536e-05,8.759612321029598e-05,9.704991397920121e-05,0.0001332657095866145,0.00016715767735368684,0.00020683743293476573,0.00022694368495003285,0.0002680467726662322,0.00033099309794662495,0.00038000263185450757,0.0003782884603944736,0.00042060516497197093,0.00043965798916223344,0.00044523192155184626,0.0004541659470132745,0.0004715600837044372,0.0004953067061390511,0.0005064367414051537,0.0005385905804947348,0.0005501309257064648,0.1059277853333333,-0.2001565345833333,3.8315095625,100952.169375,0.0002075831097233,0.6575000286102295,225.34124755859372,17.456249237060547,0.2264582390685617,0.4323062876224526,0.2219215130041655,0.9750645322571948,0.4999999999999999,0.8660254037844387
